[0.067s] Invoking command in '/home/alberto/Documents/kia_gd_ws/build/ur_ros_rtde_msgs': CMAKE_PREFIX_PATH=/home/alberto/Documents/kia_gd_ws/install/ur_ros_rtde_tutorials:/home/alberto/Documents/kia_gd_ws/install/ur_ros_rtde:/home/alberto/Documents/kia_gd_ws/install/ur_ros_rtde_simple_clients:/home/alberto/Documents/kia_gd_ws/install/ur_ros_rtde_gripper_commands:/home/alberto/Documents/kia_gd_ws/install/ur_ros_rtde_msgs:/home/alberto/Documents/kia_gd_ws/install/ur:/home/alberto/Documents/kia_gd_ws/install/ur_calibration:/home/alberto/Documents/kia_gd_ws/install/ur_robot_driver:/home/alberto/Documents/kia_gd_ws/install/ur_moveit_config:/home/alberto/Documents/kia_gd_ws/install/ur_bringup:/home/alberto/Documents/kia_gd_ws/install/ur_controllers:/home/alberto/Documents/kia_gd_ws/install/ur_dashboard_msgs:/home/alberto/Documents/kia_gd_ws/install/simple_ur10e_moveit_config:/home/alberto/Documents/kia_gd_ws/install/simple_ur10e_description:/home/alberto/Documents/kia_gd_ws/install/kia_gd:/home/alberto/Documents/sub_alberto/install/uuv_visualization:/home/alberto/Documents/sub_alberto/install/uuv_vision:/home/alberto/Documents/sub_alberto/install/uuv_navigation:/home/alberto/Documents/sub_alberto/install/uuv_mission:/home/alberto/Documents/sub_alberto/install/uuv_master:/home/alberto/Documents/sub_alberto/install/uuv_control:/home/alberto/install/vectornav:/home/alberto/install/vectornav_msgs:/home/alberto/install/uuv_teleop:/home/alberto/install/uuv_description:/home/alberto/install/sub:/home/alberto/install/pid:/home/alberto/Documents/kia_gd_ws/install/ros_tcp_endpoint:/home/alberto/ros2_ws/install/docker_test:/opt/ros/humble:/home/alberto/install/catkin:/home/alberto/ros2_ws/install/sub:/home/alberto/ros2_ws/install/pid:/home/alberto/ros2_ws/install/catkin:/home/alberto/uuv/install/uuv /usr/bin/cmake --build /home/alberto/Documents/kia_gd_ws/build/ur_ros_rtde_msgs -- -j8 -l8
[0.266s] [  0%] Built target ur_ros_rtde_msgs__cpp
[0.290s] [  0%] Built target ament_cmake_python_symlink_ur_ros_rtde_msgs
[0.308s] [ 12%] Built target ur_ros_rtde_msgs__rosidl_generator_c
[0.478s] [ 25%] Built target ur_ros_rtde_msgs__rosidl_typesupport_fastrtps_c
[0.488s] [ 38%] Built target ur_ros_rtde_msgs__rosidl_typesupport_introspection_c
[0.489s] [ 51%] Built target ur_ros_rtde_msgs__rosidl_typesupport_introspection_cpp
[0.493s] [ 63%] Built target ur_ros_rtde_msgs__rosidl_typesupport_fastrtps_cpp
[0.501s] [ 76%] Built target ur_ros_rtde_msgs__rosidl_typesupport_c
[0.516s] [ 88%] Built target ur_ros_rtde_msgs__rosidl_typesupport_cpp
[0.562s] [ 88%] Built target ur_ros_rtde_msgs
[0.620s] [ 88%] Built target ur_ros_rtde_msgs__py
[0.705s] [100%] Built target ur_ros_rtde_msgs__rosidl_generator_py
[0.767s] [100%] Built target ur_ros_rtde_msgs__rosidl_typesupport_c__pyext
[0.793s] [100%] Built target ur_ros_rtde_msgs__rosidl_typesupport_fastrtps_c__pyext
[0.794s] [100%] Built target ur_ros_rtde_msgs__rosidl_typesupport_introspection_c__pyext
[0.857s] running egg_info
[0.929s] writing ur_ros_rtde_msgs.egg-info/PKG-INFO
[0.929s] writing dependency_links to ur_ros_rtde_msgs.egg-info/dependency_links.txt
[0.929s] writing top-level names to ur_ros_rtde_msgs.egg-info/top_level.txt
[1.026s] reading manifest file 'ur_ros_rtde_msgs.egg-info/SOURCES.txt'
[1.033s] writing manifest file 'ur_ros_rtde_msgs.egg-info/SOURCES.txt'
[1.088s] [100%] Built target ament_cmake_python_build_ur_ros_rtde_msgs_egg
[1.110s] Invoked command in '/home/alberto/Documents/kia_gd_ws/build/ur_ros_rtde_msgs' returned '0': CMAKE_PREFIX_PATH=/home/alberto/Documents/kia_gd_ws/install/ur_ros_rtde_tutorials:/home/alberto/Documents/kia_gd_ws/install/ur_ros_rtde:/home/alberto/Documents/kia_gd_ws/install/ur_ros_rtde_simple_clients:/home/alberto/Documents/kia_gd_ws/install/ur_ros_rtde_gripper_commands:/home/alberto/Documents/kia_gd_ws/install/ur_ros_rtde_msgs:/home/alberto/Documents/kia_gd_ws/install/ur:/home/alberto/Documents/kia_gd_ws/install/ur_calibration:/home/alberto/Documents/kia_gd_ws/install/ur_robot_driver:/home/alberto/Documents/kia_gd_ws/install/ur_moveit_config:/home/alberto/Documents/kia_gd_ws/install/ur_bringup:/home/alberto/Documents/kia_gd_ws/install/ur_controllers:/home/alberto/Documents/kia_gd_ws/install/ur_dashboard_msgs:/home/alberto/Documents/kia_gd_ws/install/simple_ur10e_moveit_config:/home/alberto/Documents/kia_gd_ws/install/simple_ur10e_description:/home/alberto/Documents/kia_gd_ws/install/kia_gd:/home/alberto/Documents/sub_alberto/install/uuv_visualization:/home/alberto/Documents/sub_alberto/install/uuv_vision:/home/alberto/Documents/sub_alberto/install/uuv_navigation:/home/alberto/Documents/sub_alberto/install/uuv_mission:/home/alberto/Documents/sub_alberto/install/uuv_master:/home/alberto/Documents/sub_alberto/install/uuv_control:/home/alberto/install/vectornav:/home/alberto/install/vectornav_msgs:/home/alberto/install/uuv_teleop:/home/alberto/install/uuv_description:/home/alberto/install/sub:/home/alberto/install/pid:/home/alberto/Documents/kia_gd_ws/install/ros_tcp_endpoint:/home/alberto/ros2_ws/install/docker_test:/opt/ros/humble:/home/alberto/install/catkin:/home/alberto/ros2_ws/install/sub:/home/alberto/ros2_ws/install/pid:/home/alberto/ros2_ws/install/catkin:/home/alberto/uuv/install/uuv /usr/bin/cmake --build /home/alberto/Documents/kia_gd_ws/build/ur_ros_rtde_msgs -- -j8 -l8
[1.116s] Invoking command in '/home/alberto/Documents/kia_gd_ws/build/ur_ros_rtde_msgs': CMAKE_PREFIX_PATH=/home/alberto/Documents/kia_gd_ws/install/ur_ros_rtde_tutorials:/home/alberto/Documents/kia_gd_ws/install/ur_ros_rtde:/home/alberto/Documents/kia_gd_ws/install/ur_ros_rtde_simple_clients:/home/alberto/Documents/kia_gd_ws/install/ur_ros_rtde_gripper_commands:/home/alberto/Documents/kia_gd_ws/install/ur_ros_rtde_msgs:/home/alberto/Documents/kia_gd_ws/install/ur:/home/alberto/Documents/kia_gd_ws/install/ur_calibration:/home/alberto/Documents/kia_gd_ws/install/ur_robot_driver:/home/alberto/Documents/kia_gd_ws/install/ur_moveit_config:/home/alberto/Documents/kia_gd_ws/install/ur_bringup:/home/alberto/Documents/kia_gd_ws/install/ur_controllers:/home/alberto/Documents/kia_gd_ws/install/ur_dashboard_msgs:/home/alberto/Documents/kia_gd_ws/install/simple_ur10e_moveit_config:/home/alberto/Documents/kia_gd_ws/install/simple_ur10e_description:/home/alberto/Documents/kia_gd_ws/install/kia_gd:/home/alberto/Documents/sub_alberto/install/uuv_visualization:/home/alberto/Documents/sub_alberto/install/uuv_vision:/home/alberto/Documents/sub_alberto/install/uuv_navigation:/home/alberto/Documents/sub_alberto/install/uuv_mission:/home/alberto/Documents/sub_alberto/install/uuv_master:/home/alberto/Documents/sub_alberto/install/uuv_control:/home/alberto/install/vectornav:/home/alberto/install/vectornav_msgs:/home/alberto/install/uuv_teleop:/home/alberto/install/uuv_description:/home/alberto/install/sub:/home/alberto/install/pid:/home/alberto/Documents/kia_gd_ws/install/ros_tcp_endpoint:/home/alberto/ros2_ws/install/docker_test:/opt/ros/humble:/home/alberto/install/catkin:/home/alberto/ros2_ws/install/sub:/home/alberto/ros2_ws/install/pid:/home/alberto/ros2_ws/install/catkin:/home/alberto/uuv/install/uuv /usr/bin/cmake --install /home/alberto/Documents/kia_gd_ws/build/ur_ros_rtde_msgs
[1.137s] -- Install configuration: "Release"
[1.138s] -- Execute custom install script
[1.139s] -- Up-to-date symlink: /home/alberto/Documents/kia_gd_ws/install/ur_ros_rtde_msgs/share/ament_index/resource_index/rosidl_interfaces/ur_ros_rtde_msgs
[1.144s] -- Up-to-date symlink: /home/alberto/Documents/kia_gd_ws/install/ur_ros_rtde_msgs/include/ur_ros_rtde_msgs/ur_ros_rtde_msgs/action/add_to_log.h
[1.144s] -- Up-to-date symlink: /home/alberto/Documents/kia_gd_ws/install/ur_ros_rtde_msgs/include/ur_ros_rtde_msgs/ur_ros_rtde_msgs/action/brake_release.h
[1.146s] -- Up-to-date symlink: /home/alberto/Documents/kia_gd_ws/install/ur_ros_rtde_msgs/include/ur_ros_rtde_msgs/ur_ros_rtde_msgs/action/close_popup.h
[1.146s] -- Up-to-date symlink: /home/alberto/Documents/kia_gd_ws/install/ur_ros_rtde_msgs/include/ur_ros_rtde_msgs/ur_ros_rtde_msgs/action/close_safety_popup.h
[1.146s] -- Up-to-date symlink: /home/alberto/Documents/kia_gd_ws/install/ur_ros_rtde_msgs/include/ur_ros_rtde_msgs/ur_ros_rtde_msgs/action/detail/add_to_log__functions.h
[1.146s] -- Up-to-date symlink: /home/alberto/Documents/kia_gd_ws/install/ur_ros_rtde_msgs/include/ur_ros_rtde_msgs/ur_ros_rtde_msgs/action/detail/add_to_log__struct.h
[1.146s] -- Up-to-date symlink: /home/alberto/Documents/kia_gd_ws/install/ur_ros_rtde_msgs/include/ur_ros_rtde_msgs/ur_ros_rtde_msgs/action/detail/add_to_log__type_support.h
[1.147s] -- Up-to-date symlink: /home/alberto/Documents/kia_gd_ws/install/ur_ros_rtde_msgs/include/ur_ros_rtde_msgs/ur_ros_rtde_msgs/action/detail/brake_release__functions.h
[1.147s] -- Up-to-date symlink: /home/alberto/Documents/kia_gd_ws/install/ur_ros_rtde_msgs/include/ur_ros_rtde_msgs/ur_ros_rtde_msgs/action/detail/brake_release__struct.h
[1.148s] -- Up-to-date symlink: /home/alberto/Documents/kia_gd_ws/install/ur_ros_rtde_msgs/include/ur_ros_rtde_msgs/ur_ros_rtde_msgs/action/detail/brake_release__type_support.h
[1.148s] -- Up-to-date symlink: /home/alberto/Documents/kia_gd_ws/install/ur_ros_rtde_msgs/include/ur_ros_rtde_msgs/ur_ros_rtde_msgs/action/detail/close_popup__functions.h
[1.148s] -- Up-to-date symlink: /home/alberto/Documents/kia_gd_ws/install/ur_ros_rtde_msgs/include/ur_ros_rtde_msgs/ur_ros_rtde_msgs/action/detail/close_popup__struct.h
[1.150s] -- Up-to-date symlink: /home/alberto/Documents/kia_gd_ws/install/ur_ros_rtde_msgs/include/ur_ros_rtde_msgs/ur_ros_rtde_msgs/action/detail/close_popup__type_support.h
[1.151s] -- Up-to-date symlink: /home/alberto/Documents/kia_gd_ws/install/ur_ros_rtde_msgs/include/ur_ros_rtde_msgs/ur_ros_rtde_msgs/action/detail/close_safety_popup__functions.h
[1.151s] -- Up-to-date symlink: /home/alberto/Documents/kia_gd_ws/install/ur_ros_rtde_msgs/include/ur_ros_rtde_msgs/ur_ros_rtde_msgs/action/detail/close_safety_popup__struct.h
[1.151s] -- Up-to-date symlink: /home/alberto/Documents/kia_gd_ws/install/ur_ros_rtde_msgs/include/ur_ros_rtde_msgs/ur_ros_rtde_msgs/action/detail/close_safety_popup__type_support.h
[1.152s] -- Up-to-date symlink: /home/alberto/Documents/kia_gd_ws/install/ur_ros_rtde_msgs/include/ur_ros_rtde_msgs/ur_ros_rtde_msgs/action/detail/execute_parametrized_trajectory__functions.h
[1.152s] -- Up-to-date symlink: /home/alberto/Documents/kia_gd_ws/install/ur_ros_rtde_msgs/include/ur_ros_rtde_msgs/ur_ros_rtde_msgs/action/detail/execute_parametrized_trajectory__struct.h
[1.152s] -- Up-to-date symlink: /home/alberto/Documents/kia_gd_ws/install/ur_ros_rtde_msgs/include/ur_ros_rtde_msgs/ur_ros_rtde_msgs/action/detail/execute_parametrized_trajectory__type_support.h
[1.152s] -- Up-to-date symlink: /home/alberto/Documents/kia_gd_ws/install/ur_ros_rtde_msgs/include/ur_ros_rtde_msgs/ur_ros_rtde_msgs/action/detail/execute_path__functions.h
[1.154s] -- Up-to-date symlink: /home/alberto/Documents/kia_gd_ws/install/ur_ros_rtde_msgs/include/ur_ros_rtde_msgs/ur_ros_rtde_msgs/action/detail/execute_path__struct.h
[1.155s] -- Up-to-date symlink: /home/alberto/Documents/kia_gd_ws/install/ur_ros_rtde_msgs/include/ur_ros_rtde_msgs/ur_ros_rtde_msgs/action/detail/execute_path__type_support.h
[1.155s] -- Up-to-date symlink: /home/alberto/Documents/kia_gd_ws/install/ur_ros_rtde_msgs/include/ur_ros_rtde_msgs/ur_ros_rtde_msgs/action/detail/execute_trajectory__functions.h
[1.155s] -- Up-to-date symlink: /home/alberto/Documents/kia_gd_ws/install/ur_ros_rtde_msgs/include/ur_ros_rtde_msgs/ur_ros_rtde_msgs/action/detail/execute_trajectory__struct.h
[1.155s] -- Up-to-date symlink: /home/alberto/Documents/kia_gd_ws/install/ur_ros_rtde_msgs/include/ur_ros_rtde_msgs/ur_ros_rtde_msgs/action/detail/execute_trajectory__type_support.h
[1.155s] -- Up-to-date symlink: /home/alberto/Documents/kia_gd_ws/install/ur_ros_rtde_msgs/include/ur_ros_rtde_msgs/ur_ros_rtde_msgs/action/detail/get_loaded_program__functions.h
[1.155s] -- Up-to-date symlink: /home/alberto/Documents/kia_gd_ws/install/ur_ros_rtde_msgs/include/ur_ros_rtde_msgs/ur_ros_rtde_msgs/action/detail/get_loaded_program__struct.h
[1.155s] -- Up-to-date symlink: /home/alberto/Documents/kia_gd_ws/install/ur_ros_rtde_msgs/include/ur_ros_rtde_msgs/ur_ros_rtde_msgs/action/detail/get_loaded_program__type_support.h
[1.156s] -- Up-to-date symlink: /home/alberto/Documents/kia_gd_ws/install/ur_ros_rtde_msgs/include/ur_ros_rtde_msgs/ur_ros_rtde_msgs/action/detail/get_robot_model__functions.h
[1.156s] -- Up-to-date symlink: /home/alberto/Documents/kia_gd_ws/install/ur_ros_rtde_msgs/include/ur_ros_rtde_msgs/ur_ros_rtde_msgs/action/detail/get_robot_model__struct.h
[1.157s] -- Up-to-date symlink: /home/alberto/Documents/kia_gd_ws/install/ur_ros_rtde_msgs/include/ur_ros_rtde_msgs/ur_ros_rtde_msgs/action/detail/get_robot_model__type_support.h
[1.157s] -- Up-to-date symlink: /home/alberto/Documents/kia_gd_ws/install/ur_ros_rtde_msgs/include/ur_ros_rtde_msgs/ur_ros_rtde_msgs/action/detail/get_serial_number__functions.h
[1.157s] -- Up-to-date symlink: /home/alberto/Documents/kia_gd_ws/install/ur_ros_rtde_msgs/include/ur_ros_rtde_msgs/ur_ros_rtde_msgs/action/detail/get_serial_number__struct.h
[1.157s] -- Up-to-date symlink: /home/alberto/Documents/kia_gd_ws/install/ur_ros_rtde_msgs/include/ur_ros_rtde_msgs/ur_ros_rtde_msgs/action/detail/get_serial_number__type_support.h
[1.157s] -- Up-to-date symlink: /home/alberto/Documents/kia_gd_ws/install/ur_ros_rtde_msgs/include/ur_ros_rtde_msgs/ur_ros_rtde_msgs/action/detail/get_string__functions.h
[1.157s] -- Up-to-date symlink: /home/alberto/Documents/kia_gd_ws/install/ur_ros_rtde_msgs/include/ur_ros_rtde_msgs/ur_ros_rtde_msgs/action/detail/get_string__struct.h
[1.158s] -- Up-to-date symlink: /home/alberto/Documents/kia_gd_ws/install/ur_ros_rtde_msgs/include/ur_ros_rtde_msgs/ur_ros_rtde_msgs/action/detail/get_string__type_support.h
[1.158s] -- Up-to-date symlink: /home/alberto/Documents/kia_gd_ws/install/ur_ros_rtde_msgs/include/ur_ros_rtde_msgs/ur_ros_rtde_msgs/action/detail/is_in_remote_control__functions.h
[1.158s] -- Up-to-date symlink: /home/alberto/Documents/kia_gd_ws/install/ur_ros_rtde_msgs/include/ur_ros_rtde_msgs/ur_ros_rtde_msgs/action/detail/is_in_remote_control__struct.h
[1.158s] -- Up-to-date symlink: /home/alberto/Documents/kia_gd_ws/install/ur_ros_rtde_msgs/include/ur_ros_rtde_msgs/ur_ros_rtde_msgs/action/detail/is_in_remote_control__type_support.h
[1.159s] -- Up-to-date symlink: /home/alberto/Documents/kia_gd_ws/install/ur_ros_rtde_msgs/include/ur_ros_rtde_msgs/ur_ros_rtde_msgs/action/detail/is_program_saved__functions.h
[1.159s] -- Up-to-date symlink: /home/alberto/Documents/kia_gd_ws/install/ur_ros_rtde_msgs/include/ur_ros_rtde_msgs/ur_ros_rtde_msgs/action/detail/is_program_saved__struct.h
[1.159s] -- Up-to-date symlink: /home/alberto/Documents/kia_gd_ws/install/ur_ros_rtde_msgs/include/ur_ros_rtde_msgs/ur_ros_rtde_msgs/action/detail/is_program_saved__type_support.h
[1.159s] -- Up-to-date symlink: /home/alberto/Documents/kia_gd_ws/install/ur_ros_rtde_msgs/include/ur_ros_rtde_msgs/ur_ros_rtde_msgs/action/detail/load_urp__functions.h
[1.160s] -- Up-to-date symlink: /home/alberto/Documents/kia_gd_ws/install/ur_ros_rtde_msgs/include/ur_ros_rtde_msgs/ur_ros_rtde_msgs/action/detail/load_urp__struct.h
[1.161s] -- Up-to-date symlink: /home/alberto/Documents/kia_gd_ws/install/ur_ros_rtde_msgs/include/ur_ros_rtde_msgs/ur_ros_rtde_msgs/action/detail/load_urp__type_support.h
[1.161s] -- Up-to-date symlink: /home/alberto/Documents/kia_gd_ws/install/ur_ros_rtde_msgs/include/ur_ros_rtde_msgs/ur_ros_rtde_msgs/action/detail/move_j__functions.h
[1.161s] -- Up-to-date symlink: /home/alberto/Documents/kia_gd_ws/install/ur_ros_rtde_msgs/include/ur_ros_rtde_msgs/ur_ros_rtde_msgs/action/detail/move_j__struct.h
[1.161s] -- Up-to-date symlink: /home/alberto/Documents/kia_gd_ws/install/ur_ros_rtde_msgs/include/ur_ros_rtde_msgs/ur_ros_rtde_msgs/action/detail/move_j__type_support.h
[1.161s] -- Up-to-date symlink: /home/alberto/Documents/kia_gd_ws/install/ur_ros_rtde_msgs/include/ur_ros_rtde_msgs/ur_ros_rtde_msgs/action/detail/move_j_relative__functions.h
[1.163s] -- Up-to-date symlink: /home/alberto/Documents/kia_gd_ws/install/ur_ros_rtde_msgs/include/ur_ros_rtde_msgs/ur_ros_rtde_msgs/action/detail/move_j_relative__struct.h
[1.163s] -- Up-to-date symlink: /home/alberto/Documents/kia_gd_ws/install/ur_ros_rtde_msgs/include/ur_ros_rtde_msgs/ur_ros_rtde_msgs/action/detail/move_j_relative__type_support.h
[1.163s] -- Up-to-date symlink: /home/alberto/Documents/kia_gd_ws/install/ur_ros_rtde_msgs/include/ur_ros_rtde_msgs/ur_ros_rtde_msgs/action/detail/move_l__functions.h
[1.163s] -- Up-to-date symlink: /home/alberto/Documents/kia_gd_ws/install/ur_ros_rtde_msgs/include/ur_ros_rtde_msgs/ur_ros_rtde_msgs/action/detail/move_l__struct.h
[1.163s] -- Up-to-date symlink: /home/alberto/Documents/kia_gd_ws/install/ur_ros_rtde_msgs/include/ur_ros_rtde_msgs/ur_ros_rtde_msgs/action/detail/move_l__type_support.h
[1.163s] -- Up-to-date symlink: /home/alberto/Documents/kia_gd_ws/install/ur_ros_rtde_msgs/include/ur_ros_rtde_msgs/ur_ros_rtde_msgs/action/detail/move_l_relative__functions.h
[1.164s] -- Up-to-date symlink: /home/alberto/Documents/kia_gd_ws/install/ur_ros_rtde_msgs/include/ur_ros_rtde_msgs/ur_ros_rtde_msgs/action/detail/move_l_relative__struct.h
[1.165s] -- Up-to-date symlink: /home/alberto/Documents/kia_gd_ws/install/ur_ros_rtde_msgs/include/ur_ros_rtde_msgs/ur_ros_rtde_msgs/action/detail/move_l_relative__type_support.h
[1.165s] -- Up-to-date symlink: /home/alberto/Documents/kia_gd_ws/install/ur_ros_rtde_msgs/include/ur_ros_rtde_msgs/ur_ros_rtde_msgs/action/detail/move_until_contact__functions.h
[1.165s] -- Up-to-date symlink: /home/alberto/Documents/kia_gd_ws/install/ur_ros_rtde_msgs/include/ur_ros_rtde_msgs/ur_ros_rtde_msgs/action/detail/move_until_contact__struct.h
[1.165s] -- Up-to-date symlink: /home/alberto/Documents/kia_gd_ws/install/ur_ros_rtde_msgs/include/ur_ros_rtde_msgs/ur_ros_rtde_msgs/action/detail/move_until_contact__type_support.h
[1.165s] -- Up-to-date symlink: /home/alberto/Documents/kia_gd_ws/install/ur_ros_rtde_msgs/include/ur_ros_rtde_msgs/ur_ros_rtde_msgs/action/detail/move_until_force__functions.h
[1.166s] -- Up-to-date symlink: /home/alberto/Documents/kia_gd_ws/install/ur_ros_rtde_msgs/include/ur_ros_rtde_msgs/ur_ros_rtde_msgs/action/detail/move_until_force__struct.h
[1.166s] -- Up-to-date symlink: /home/alberto/Documents/kia_gd_ws/install/ur_ros_rtde_msgs/include/ur_ros_rtde_msgs/ur_ros_rtde_msgs/action/detail/move_until_force__type_support.h
[1.166s] -- Up-to-date symlink: /home/alberto/Documents/kia_gd_ws/install/ur_ros_rtde_msgs/include/ur_ros_rtde_msgs/ur_ros_rtde_msgs/action/detail/move_until_torque__functions.h
[1.166s] -- Up-to-date symlink: /home/alberto/Documents/kia_gd_ws/install/ur_ros_rtde_msgs/include/ur_ros_rtde_msgs/ur_ros_rtde_msgs/action/detail/move_until_torque__struct.h
[1.166s] -- Up-to-date symlink: /home/alberto/Documents/kia_gd_ws/install/ur_ros_rtde_msgs/include/ur_ros_rtde_msgs/ur_ros_rtde_msgs/action/detail/move_until_torque__type_support.h
[1.166s] -- Up-to-date symlink: /home/alberto/Documents/kia_gd_ws/install/ur_ros_rtde_msgs/include/ur_ros_rtde_msgs/ur_ros_rtde_msgs/action/detail/pause__functions.h
[1.167s] -- Up-to-date symlink: /home/alberto/Documents/kia_gd_ws/install/ur_ros_rtde_msgs/include/ur_ros_rtde_msgs/ur_ros_rtde_msgs/action/detail/pause__struct.h
[1.167s] -- Up-to-date symlink: /home/alberto/Documents/kia_gd_ws/install/ur_ros_rtde_msgs/include/ur_ros_rtde_msgs/ur_ros_rtde_msgs/action/detail/pause__type_support.h
[1.167s] -- Up-to-date symlink: /home/alberto/Documents/kia_gd_ws/install/ur_ros_rtde_msgs/include/ur_ros_rtde_msgs/ur_ros_rtde_msgs/action/detail/play__functions.h
[1.168s] -- Up-to-date symlink: /home/alberto/Documents/kia_gd_ws/install/ur_ros_rtde_msgs/include/ur_ros_rtde_msgs/ur_ros_rtde_msgs/action/detail/play__struct.h
[1.168s] -- Up-to-date symlink: /home/alberto/Documents/kia_gd_ws/install/ur_ros_rtde_msgs/include/ur_ros_rtde_msgs/ur_ros_rtde_msgs/action/detail/play__type_support.h
[1.168s] -- Up-to-date symlink: /home/alberto/Documents/kia_gd_ws/install/ur_ros_rtde_msgs/include/ur_ros_rtde_msgs/ur_ros_rtde_msgs/action/detail/polyscope_version__functions.h
[1.169s] -- Up-to-date symlink: /home/alberto/Documents/kia_gd_ws/install/ur_ros_rtde_msgs/include/ur_ros_rtde_msgs/ur_ros_rtde_msgs/action/detail/polyscope_version__struct.h
[1.169s] -- Up-to-date symlink: /home/alberto/Documents/kia_gd_ws/install/ur_ros_rtde_msgs/include/ur_ros_rtde_msgs/ur_ros_rtde_msgs/action/detail/polyscope_version__type_support.h
[1.170s] -- Up-to-date symlink: /home/alberto/Documents/kia_gd_ws/install/ur_ros_rtde_msgs/include/ur_ros_rtde_msgs/ur_ros_rtde_msgs/action/detail/popup__functions.h
[1.170s] -- Up-to-date symlink: /home/alberto/Documents/kia_gd_ws/install/ur_ros_rtde_msgs/include/ur_ros_rtde_msgs/ur_ros_rtde_msgs/action/detail/popup__struct.h
[1.171s] -- Up-to-date symlink: /home/alberto/Documents/kia_gd_ws/install/ur_ros_rtde_msgs/include/ur_ros_rtde_msgs/ur_ros_rtde_msgs/action/detail/popup__type_support.h
[1.172s] -- Up-to-date symlink: /home/alberto/Documents/kia_gd_ws/install/ur_ros_rtde_msgs/include/ur_ros_rtde_msgs/ur_ros_rtde_msgs/action/detail/power_off__functions.h
[1.172s] -- Up-to-date symlink: /home/alberto/Documents/kia_gd_ws/install/ur_ros_rtde_msgs/include/ur_ros_rtde_msgs/ur_ros_rtde_msgs/action/detail/power_off__struct.h
[1.172s] -- Up-to-date symlink: /home/alberto/Documents/kia_gd_ws/install/ur_ros_rtde_msgs/include/ur_ros_rtde_msgs/ur_ros_rtde_msgs/action/detail/power_off__type_support.h
[1.173s] -- Up-to-date symlink: /home/alberto/Documents/kia_gd_ws/install/ur_ros_rtde_msgs/include/ur_ros_rtde_msgs/ur_ros_rtde_msgs/action/detail/power_on__functions.h
[1.174s] -- Up-to-date symlink: /home/alberto/Documents/kia_gd_ws/install/ur_ros_rtde_msgs/include/ur_ros_rtde_msgs/ur_ros_rtde_msgs/action/detail/power_on__struct.h
[1.175s] -- Up-to-date symlink: /home/alberto/Documents/kia_gd_ws/install/ur_ros_rtde_msgs/include/ur_ros_rtde_msgs/ur_ros_rtde_msgs/action/detail/power_on__type_support.h
[1.175s] -- Up-to-date symlink: /home/alberto/Documents/kia_gd_ws/install/ur_ros_rtde_msgs/include/ur_ros_rtde_msgs/ur_ros_rtde_msgs/action/detail/program_state__functions.h
[1.176s] -- Up-to-date symlink: /home/alberto/Documents/kia_gd_ws/install/ur_ros_rtde_msgs/include/ur_ros_rtde_msgs/ur_ros_rtde_msgs/action/detail/program_state__struct.h
[1.176s] -- Up-to-date symlink: /home/alberto/Documents/kia_gd_ws/install/ur_ros_rtde_msgs/include/ur_ros_rtde_msgs/ur_ros_rtde_msgs/action/detail/program_state__type_support.h
[1.177s] -- Up-to-date symlink: /home/alberto/Documents/kia_gd_ws/install/ur_ros_rtde_msgs/include/ur_ros_rtde_msgs/ur_ros_rtde_msgs/action/detail/reset_force_torque_sensor__functions.h
[1.177s] -- Up-to-date symlink: /home/alberto/Documents/kia_gd_ws/install/ur_ros_rtde_msgs/include/ur_ros_rtde_msgs/ur_ros_rtde_msgs/action/detail/reset_force_torque_sensor__struct.h
[1.178s] -- Up-to-date symlink: /home/alberto/Documents/kia_gd_ws/install/ur_ros_rtde_msgs/include/ur_ros_rtde_msgs/ur_ros_rtde_msgs/action/detail/reset_force_torque_sensor__type_support.h
[1.178s] -- Up-to-date symlink: /home/alberto/Documents/kia_gd_ws/install/ur_ros_rtde_msgs/include/ur_ros_rtde_msgs/ur_ros_rtde_msgs/action/detail/restart_safety__functions.h
[1.179s] -- Up-to-date symlink: /home/alberto/Documents/kia_gd_ws/install/ur_ros_rtde_msgs/include/ur_ros_rtde_msgs/ur_ros_rtde_msgs/action/detail/restart_safety__struct.h
[1.179s] -- Up-to-date symlink: /home/alberto/Documents/kia_gd_ws/install/ur_ros_rtde_msgs/include/ur_ros_rtde_msgs/ur_ros_rtde_msgs/action/detail/restart_safety__type_support.h
[1.180s] -- Up-to-date symlink: /home/alberto/Documents/kia_gd_ws/install/ur_ros_rtde_msgs/include/ur_ros_rtde_msgs/ur_ros_rtde_msgs/action/detail/robot_mode__functions.h
[1.181s] -- Up-to-date symlink: /home/alberto/Documents/kia_gd_ws/install/ur_ros_rtde_msgs/include/ur_ros_rtde_msgs/ur_ros_rtde_msgs/action/detail/robot_mode__struct.h
[1.181s] -- Up-to-date symlink: /home/alberto/Documents/kia_gd_ws/install/ur_ros_rtde_msgs/include/ur_ros_rtde_msgs/ur_ros_rtde_msgs/action/detail/robot_mode__type_support.h
[1.182s] -- Up-to-date symlink: /home/alberto/Documents/kia_gd_ws/install/ur_ros_rtde_msgs/include/ur_ros_rtde_msgs/ur_ros_rtde_msgs/action/detail/running__functions.h
[1.182s] -- Up-to-date symlink: /home/alberto/Documents/kia_gd_ws/install/ur_ros_rtde_msgs/include/ur_ros_rtde_msgs/ur_ros_rtde_msgs/action/detail/running__struct.h
[1.182s] -- Up-to-date symlink: /home/alberto/Documents/kia_gd_ws/install/ur_ros_rtde_msgs/include/ur_ros_rtde_msgs/ur_ros_rtde_msgs/action/detail/running__type_support.h
[1.182s] -- Up-to-date symlink: /home/alberto/Documents/kia_gd_ws/install/ur_ros_rtde_msgs/include/ur_ros_rtde_msgs/ur_ros_rtde_msgs/action/detail/safety_mode__functions.h
[1.182s] -- Up-to-date symlink: /home/alberto/Documents/kia_gd_ws/install/ur_ros_rtde_msgs/include/ur_ros_rtde_msgs/ur_ros_rtde_msgs/action/detail/safety_mode__struct.h
[1.183s] -- Up-to-date symlink: /home/alberto/Documents/kia_gd_ws/install/ur_ros_rtde_msgs/include/ur_ros_rtde_msgs/ur_ros_rtde_msgs/action/detail/safety_mode__type_support.h
[1.183s] -- Up-to-date symlink: /home/alberto/Documents/kia_gd_ws/install/ur_ros_rtde_msgs/include/ur_ros_rtde_msgs/ur_ros_rtde_msgs/action/detail/safety_status__functions.h
[1.183s] -- Up-to-date symlink: /home/alberto/Documents/kia_gd_ws/install/ur_ros_rtde_msgs/include/ur_ros_rtde_msgs/ur_ros_rtde_msgs/action/detail/safety_status__struct.h
[1.184s] -- Up-to-date symlink: /home/alberto/Documents/kia_gd_ws/install/ur_ros_rtde_msgs/include/ur_ros_rtde_msgs/ur_ros_rtde_msgs/action/detail/safety_status__type_support.h
[1.184s] -- Up-to-date symlink: /home/alberto/Documents/kia_gd_ws/install/ur_ros_rtde_msgs/include/ur_ros_rtde_msgs/ur_ros_rtde_msgs/action/detail/send_custom_script__functions.h
[1.184s] -- Up-to-date symlink: /home/alberto/Documents/kia_gd_ws/install/ur_ros_rtde_msgs/include/ur_ros_rtde_msgs/ur_ros_rtde_msgs/action/detail/send_custom_script__struct.h
[1.184s] -- Up-to-date symlink: /home/alberto/Documents/kia_gd_ws/install/ur_ros_rtde_msgs/include/ur_ros_rtde_msgs/ur_ros_rtde_msgs/action/detail/send_custom_script__type_support.h
[1.185s] -- Up-to-date symlink: /home/alberto/Documents/kia_gd_ws/install/ur_ros_rtde_msgs/include/ur_ros_rtde_msgs/ur_ros_rtde_msgs/action/detail/set_digital_pin__functions.h
[1.185s] -- Up-to-date symlink: /home/alberto/Documents/kia_gd_ws/install/ur_ros_rtde_msgs/include/ur_ros_rtde_msgs/ur_ros_rtde_msgs/action/detail/set_digital_pin__struct.h
[1.185s] -- Up-to-date symlink: /home/alberto/Documents/kia_gd_ws/install/ur_ros_rtde_msgs/include/ur_ros_rtde_msgs/ur_ros_rtde_msgs/action/detail/set_digital_pin__type_support.h
[1.185s] -- Up-to-date symlink: /home/alberto/Documents/kia_gd_ws/install/ur_ros_rtde_msgs/include/ur_ros_rtde_msgs/ur_ros_rtde_msgs/action/detail/set_freedrive__functions.h
[1.186s] -- Up-to-date symlink: /home/alberto/Documents/kia_gd_ws/install/ur_ros_rtde_msgs/include/ur_ros_rtde_msgs/ur_ros_rtde_msgs/action/detail/set_freedrive__struct.h
[1.186s] -- Up-to-date symlink: /home/alberto/Documents/kia_gd_ws/install/ur_ros_rtde_msgs/include/ur_ros_rtde_msgs/ur_ros_rtde_msgs/action/detail/set_freedrive__type_support.h
[1.186s] -- Up-to-date symlink: /home/alberto/Documents/kia_gd_ws/install/ur_ros_rtde_msgs/include/ur_ros_rtde_msgs/ur_ros_rtde_msgs/action/detail/set_payload__functions.h
[1.186s] -- Up-to-date symlink: /home/alberto/Documents/kia_gd_ws/install/ur_ros_rtde_msgs/include/ur_ros_rtde_msgs/ur_ros_rtde_msgs/action/detail/set_payload__struct.h
[1.186s] -- Up-to-date symlink: /home/alberto/Documents/kia_gd_ws/install/ur_ros_rtde_msgs/include/ur_ros_rtde_msgs/ur_ros_rtde_msgs/action/detail/set_payload__type_support.h
[1.187s] -- Up-to-date symlink: /home/alberto/Documents/kia_gd_ws/install/ur_ros_rtde_msgs/include/ur_ros_rtde_msgs/ur_ros_rtde_msgs/action/detail/set_speed_slider__functions.h
[1.187s] -- Up-to-date symlink: /home/alberto/Documents/kia_gd_ws/install/ur_ros_rtde_msgs/include/ur_ros_rtde_msgs/ur_ros_rtde_msgs/action/detail/set_speed_slider__struct.h
[1.187s] -- Up-to-date symlink: /home/alberto/Documents/kia_gd_ws/install/ur_ros_rtde_msgs/include/ur_ros_rtde_msgs/ur_ros_rtde_msgs/action/detail/set_speed_slider__type_support.h
[1.187s] -- Up-to-date symlink: /home/alberto/Documents/kia_gd_ws/install/ur_ros_rtde_msgs/include/ur_ros_rtde_msgs/ur_ros_rtde_msgs/action/detail/shutdown__functions.h
[1.187s] -- Up-to-date symlink: /home/alberto/Documents/kia_gd_ws/install/ur_ros_rtde_msgs/include/ur_ros_rtde_msgs/ur_ros_rtde_msgs/action/detail/shutdown__struct.h
[1.188s] -- Up-to-date symlink: /home/alberto/Documents/kia_gd_ws/install/ur_ros_rtde_msgs/include/ur_ros_rtde_msgs/ur_ros_rtde_msgs/action/detail/shutdown__type_support.h
[1.188s] -- Up-to-date symlink: /home/alberto/Documents/kia_gd_ws/install/ur_ros_rtde_msgs/include/ur_ros_rtde_msgs/ur_ros_rtde_msgs/action/detail/stop__functions.h
[1.188s] -- Up-to-date symlink: /home/alberto/Documents/kia_gd_ws/install/ur_ros_rtde_msgs/include/ur_ros_rtde_msgs/ur_ros_rtde_msgs/action/detail/stop__struct.h
[1.188s] -- Up-to-date symlink: /home/alberto/Documents/kia_gd_ws/install/ur_ros_rtde_msgs/include/ur_ros_rtde_msgs/ur_ros_rtde_msgs/action/detail/stop__type_support.h
[1.188s] -- Up-to-date symlink: /home/alberto/Documents/kia_gd_ws/install/ur_ros_rtde_msgs/include/ur_ros_rtde_msgs/ur_ros_rtde_msgs/action/detail/unlock_protective_stop__functions.h
[1.188s] -- Up-to-date symlink: /home/alberto/Documents/kia_gd_ws/install/ur_ros_rtde_msgs/include/ur_ros_rtde_msgs/ur_ros_rtde_msgs/action/detail/unlock_protective_stop__struct.h
[1.189s] -- Up-to-date symlink: /home/alberto/Documents/kia_gd_ws/install/ur_ros_rtde_msgs/include/ur_ros_rtde_msgs/ur_ros_rtde_msgs/action/detail/unlock_protective_stop__type_support.h
[1.189s] -- Up-to-date symlink: /home/alberto/Documents/kia_gd_ws/install/ur_ros_rtde_msgs/include/ur_ros_rtde_msgs/ur_ros_rtde_msgs/action/execute_parametrized_trajectory.h
[1.190s] -- Up-to-date symlink: /home/alberto/Documents/kia_gd_ws/install/ur_ros_rtde_msgs/include/ur_ros_rtde_msgs/ur_ros_rtde_msgs/action/execute_path.h
[1.190s] -- Up-to-date symlink: /home/alberto/Documents/kia_gd_ws/install/ur_ros_rtde_msgs/include/ur_ros_rtde_msgs/ur_ros_rtde_msgs/action/execute_trajectory.h
[1.190s] -- Up-to-date symlink: /home/alberto/Documents/kia_gd_ws/install/ur_ros_rtde_msgs/include/ur_ros_rtde_msgs/ur_ros_rtde_msgs/action/get_loaded_program.h
[1.191s] -- Up-to-date symlink: /home/alberto/Documents/kia_gd_ws/install/ur_ros_rtde_msgs/include/ur_ros_rtde_msgs/ur_ros_rtde_msgs/action/get_robot_model.h
[1.192s] -- Up-to-date symlink: /home/alberto/Documents/kia_gd_ws/install/ur_ros_rtde_msgs/include/ur_ros_rtde_msgs/ur_ros_rtde_msgs/action/get_serial_number.h
[1.193s] -- Up-to-date symlink: /home/alberto/Documents/kia_gd_ws/install/ur_ros_rtde_msgs/include/ur_ros_rtde_msgs/ur_ros_rtde_msgs/action/get_string.h
[1.194s] -- Up-to-date symlink: /home/alberto/Documents/kia_gd_ws/install/ur_ros_rtde_msgs/include/ur_ros_rtde_msgs/ur_ros_rtde_msgs/action/is_in_remote_control.h
[1.195s] -- Up-to-date symlink: /home/alberto/Documents/kia_gd_ws/install/ur_ros_rtde_msgs/include/ur_ros_rtde_msgs/ur_ros_rtde_msgs/action/is_program_saved.h
[1.196s] -- Up-to-date symlink: /home/alberto/Documents/kia_gd_ws/install/ur_ros_rtde_msgs/include/ur_ros_rtde_msgs/ur_ros_rtde_msgs/action/load_urp.h
[1.198s] -- Up-to-date symlink: /home/alberto/Documents/kia_gd_ws/install/ur_ros_rtde_msgs/include/ur_ros_rtde_msgs/ur_ros_rtde_msgs/action/move_j.h
[1.198s] -- Up-to-date symlink: /home/alberto/Documents/kia_gd_ws/install/ur_ros_rtde_msgs/include/ur_ros_rtde_msgs/ur_ros_rtde_msgs/action/move_j_relative.h
[1.199s] -- Up-to-date symlink: /home/alberto/Documents/kia_gd_ws/install/ur_ros_rtde_msgs/include/ur_ros_rtde_msgs/ur_ros_rtde_msgs/action/move_l.h
[1.199s] -- Up-to-date symlink: /home/alberto/Documents/kia_gd_ws/install/ur_ros_rtde_msgs/include/ur_ros_rtde_msgs/ur_ros_rtde_msgs/action/move_l_relative.h
[1.202s] -- Up-to-date symlink: /home/alberto/Documents/kia_gd_ws/install/ur_ros_rtde_msgs/include/ur_ros_rtde_msgs/ur_ros_rtde_msgs/action/move_until_contact.h
[1.202s] -- Up-to-date symlink: /home/alberto/Documents/kia_gd_ws/install/ur_ros_rtde_msgs/include/ur_ros_rtde_msgs/ur_ros_rtde_msgs/action/move_until_force.h
[1.203s] -- Up-to-date symlink: /home/alberto/Documents/kia_gd_ws/install/ur_ros_rtde_msgs/include/ur_ros_rtde_msgs/ur_ros_rtde_msgs/action/move_until_torque.h
[1.204s] -- Up-to-date symlink: /home/alberto/Documents/kia_gd_ws/install/ur_ros_rtde_msgs/include/ur_ros_rtde_msgs/ur_ros_rtde_msgs/action/pause.h
[1.204s] -- Up-to-date symlink: /home/alberto/Documents/kia_gd_ws/install/ur_ros_rtde_msgs/include/ur_ros_rtde_msgs/ur_ros_rtde_msgs/action/play.h
[1.204s] -- Up-to-date symlink: /home/alberto/Documents/kia_gd_ws/install/ur_ros_rtde_msgs/include/ur_ros_rtde_msgs/ur_ros_rtde_msgs/action/polyscope_version.h
[1.204s] -- Up-to-date symlink: /home/alberto/Documents/kia_gd_ws/install/ur_ros_rtde_msgs/include/ur_ros_rtde_msgs/ur_ros_rtde_msgs/action/popup.h
[1.204s] -- Up-to-date symlink: /home/alberto/Documents/kia_gd_ws/install/ur_ros_rtde_msgs/include/ur_ros_rtde_msgs/ur_ros_rtde_msgs/action/power_off.h
[1.206s] -- Up-to-date symlink: /home/alberto/Documents/kia_gd_ws/install/ur_ros_rtde_msgs/include/ur_ros_rtde_msgs/ur_ros_rtde_msgs/action/power_on.h
[1.209s] -- Up-to-date symlink: /home/alberto/Documents/kia_gd_ws/install/ur_ros_rtde_msgs/include/ur_ros_rtde_msgs/ur_ros_rtde_msgs/action/program_state.h
[1.210s] -- Up-to-date symlink: /home/alberto/Documents/kia_gd_ws/install/ur_ros_rtde_msgs/include/ur_ros_rtde_msgs/ur_ros_rtde_msgs/action/reset_force_torque_sensor.h
[1.210s] -- Up-to-date symlink: /home/alberto/Documents/kia_gd_ws/install/ur_ros_rtde_msgs/include/ur_ros_rtde_msgs/ur_ros_rtde_msgs/action/restart_safety.h
[1.211s] -- Up-to-date symlink: /home/alberto/Documents/kia_gd_ws/install/ur_ros_rtde_msgs/include/ur_ros_rtde_msgs/ur_ros_rtde_msgs/action/robot_mode.h
[1.212s] -- Up-to-date symlink: /home/alberto/Documents/kia_gd_ws/install/ur_ros_rtde_msgs/include/ur_ros_rtde_msgs/ur_ros_rtde_msgs/action/running.h
[1.212s] -- Up-to-date symlink: /home/alberto/Documents/kia_gd_ws/install/ur_ros_rtde_msgs/include/ur_ros_rtde_msgs/ur_ros_rtde_msgs/action/safety_mode.h
[1.213s] -- Up-to-date symlink: /home/alberto/Documents/kia_gd_ws/install/ur_ros_rtde_msgs/include/ur_ros_rtde_msgs/ur_ros_rtde_msgs/action/safety_status.h
[1.213s] -- Up-to-date symlink: /home/alberto/Documents/kia_gd_ws/install/ur_ros_rtde_msgs/include/ur_ros_rtde_msgs/ur_ros_rtde_msgs/action/send_custom_script.h
[1.214s] -- Up-to-date symlink: /home/alberto/Documents/kia_gd_ws/install/ur_ros_rtde_msgs/include/ur_ros_rtde_msgs/ur_ros_rtde_msgs/action/set_digital_pin.h
[1.215s] -- Up-to-date symlink: /home/alberto/Documents/kia_gd_ws/install/ur_ros_rtde_msgs/include/ur_ros_rtde_msgs/ur_ros_rtde_msgs/action/set_freedrive.h
[1.216s] -- Up-to-date symlink: /home/alberto/Documents/kia_gd_ws/install/ur_ros_rtde_msgs/include/ur_ros_rtde_msgs/ur_ros_rtde_msgs/action/set_payload.h
[1.216s] -- Up-to-date symlink: /home/alberto/Documents/kia_gd_ws/install/ur_ros_rtde_msgs/include/ur_ros_rtde_msgs/ur_ros_rtde_msgs/action/set_speed_slider.h
[1.216s] -- Up-to-date symlink: /home/alberto/Documents/kia_gd_ws/install/ur_ros_rtde_msgs/include/ur_ros_rtde_msgs/ur_ros_rtde_msgs/action/shutdown.h
[1.216s] -- Up-to-date symlink: /home/alberto/Documents/kia_gd_ws/install/ur_ros_rtde_msgs/include/ur_ros_rtde_msgs/ur_ros_rtde_msgs/action/stop.h
[1.217s] -- Up-to-date symlink: /home/alberto/Documents/kia_gd_ws/install/ur_ros_rtde_msgs/include/ur_ros_rtde_msgs/ur_ros_rtde_msgs/action/unlock_protective_stop.h
[1.218s] -- Up-to-date symlink: /home/alberto/Documents/kia_gd_ws/install/ur_ros_rtde_msgs/include/ur_ros_rtde_msgs/ur_ros_rtde_msgs/msg/detail/io_state__functions.h
[1.220s] -- Up-to-date symlink: /home/alberto/Documents/kia_gd_ws/install/ur_ros_rtde_msgs/include/ur_ros_rtde_msgs/ur_ros_rtde_msgs/msg/detail/io_state__struct.h
[1.221s] -- Up-to-date symlink: /home/alberto/Documents/kia_gd_ws/install/ur_ros_rtde_msgs/include/ur_ros_rtde_msgs/ur_ros_rtde_msgs/msg/detail/io_state__type_support.h
[1.222s] -- Up-to-date symlink: /home/alberto/Documents/kia_gd_ws/install/ur_ros_rtde_msgs/include/ur_ros_rtde_msgs/ur_ros_rtde_msgs/msg/detail/joints_configuration__functions.h
[1.222s] -- Up-to-date symlink: /home/alberto/Documents/kia_gd_ws/install/ur_ros_rtde_msgs/include/ur_ros_rtde_msgs/ur_ros_rtde_msgs/msg/detail/joints_configuration__struct.h
[1.223s] -- Up-to-date symlink: /home/alberto/Documents/kia_gd_ws/install/ur_ros_rtde_msgs/include/ur_ros_rtde_msgs/ur_ros_rtde_msgs/msg/detail/joints_configuration__type_support.h
[1.223s] -- Up-to-date symlink: /home/alberto/Documents/kia_gd_ws/install/ur_ros_rtde_msgs/include/ur_ros_rtde_msgs/ur_ros_rtde_msgs/msg/detail/vector__functions.h
[1.224s] -- Up-to-date symlink: /home/alberto/Documents/kia_gd_ws/install/ur_ros_rtde_msgs/include/ur_ros_rtde_msgs/ur_ros_rtde_msgs/msg/detail/vector__struct.h
[1.224s] -- Up-to-date symlink: /home/alberto/Documents/kia_gd_ws/install/ur_ros_rtde_msgs/include/ur_ros_rtde_msgs/ur_ros_rtde_msgs/msg/detail/vector__type_support.h
[1.225s] -- Up-to-date symlink: /home/alberto/Documents/kia_gd_ws/install/ur_ros_rtde_msgs/include/ur_ros_rtde_msgs/ur_ros_rtde_msgs/msg/io_state.h
[1.226s] -- Up-to-date symlink: /home/alberto/Documents/kia_gd_ws/install/ur_ros_rtde_msgs/include/ur_ros_rtde_msgs/ur_ros_rtde_msgs/msg/joints_configuration.h
[1.226s] -- Up-to-date symlink: /home/alberto/Documents/kia_gd_ws/install/ur_ros_rtde_msgs/include/ur_ros_rtde_msgs/ur_ros_rtde_msgs/msg/rosidl_generator_c__visibility_control.h
[1.226s] -- Up-to-date symlink: /home/alberto/Documents/kia_gd_ws/install/ur_ros_rtde_msgs/include/ur_ros_rtde_msgs/ur_ros_rtde_msgs/msg/vector.h
[1.227s] -- Up-to-date symlink: /home/alberto/Documents/kia_gd_ws/install/ur_ros_rtde_msgs/include/ur_ros_rtde_msgs/ur_ros_rtde_msgs/srv/detail/get_internal_state__functions.h
[1.227s] -- Up-to-date symlink: /home/alberto/Documents/kia_gd_ws/install/ur_ros_rtde_msgs/include/ur_ros_rtde_msgs/ur_ros_rtde_msgs/srv/detail/get_internal_state__struct.h
[1.227s] -- Up-to-date symlink: /home/alberto/Documents/kia_gd_ws/install/ur_ros_rtde_msgs/include/ur_ros_rtde_msgs/ur_ros_rtde_msgs/srv/detail/get_internal_state__type_support.h
[1.227s] -- Up-to-date symlink: /home/alberto/Documents/kia_gd_ws/install/ur_ros_rtde_msgs/include/ur_ros_rtde_msgs/ur_ros_rtde_msgs/srv/detail/get_io_state__functions.h
[1.227s] -- Up-to-date symlink: /home/alberto/Documents/kia_gd_ws/install/ur_ros_rtde_msgs/include/ur_ros_rtde_msgs/ur_ros_rtde_msgs/srv/detail/get_io_state__struct.h
[1.227s] -- Up-to-date symlink: /home/alberto/Documents/kia_gd_ws/install/ur_ros_rtde_msgs/include/ur_ros_rtde_msgs/ur_ros_rtde_msgs/srv/detail/get_io_state__type_support.h
[1.227s] -- Up-to-date symlink: /home/alberto/Documents/kia_gd_ws/install/ur_ros_rtde_msgs/include/ur_ros_rtde_msgs/ur_ros_rtde_msgs/srv/detail/get_joint_state__functions.h
[1.227s] -- Up-to-date symlink: /home/alberto/Documents/kia_gd_ws/install/ur_ros_rtde_msgs/include/ur_ros_rtde_msgs/ur_ros_rtde_msgs/srv/detail/get_joint_state__struct.h
[1.228s] -- Up-to-date symlink: /home/alberto/Documents/kia_gd_ws/install/ur_ros_rtde_msgs/include/ur_ros_rtde_msgs/ur_ros_rtde_msgs/srv/detail/get_joint_state__type_support.h
[1.228s] -- Up-to-date symlink: /home/alberto/Documents/kia_gd_ws/install/ur_ros_rtde_msgs/include/ur_ros_rtde_msgs/ur_ros_rtde_msgs/srv/detail/get_tcp_pose__functions.h
[1.228s] -- Up-to-date symlink: /home/alberto/Documents/kia_gd_ws/install/ur_ros_rtde_msgs/include/ur_ros_rtde_msgs/ur_ros_rtde_msgs/srv/detail/get_tcp_pose__struct.h
[1.228s] -- Up-to-date symlink: /home/alberto/Documents/kia_gd_ws/install/ur_ros_rtde_msgs/include/ur_ros_rtde_msgs/ur_ros_rtde_msgs/srv/detail/get_tcp_pose__type_support.h
[1.228s] -- Up-to-date symlink: /home/alberto/Documents/kia_gd_ws/install/ur_ros_rtde_msgs/include/ur_ros_rtde_msgs/ur_ros_rtde_msgs/srv/detail/get_wrench__functions.h
[1.228s] -- Up-to-date symlink: /home/alberto/Documents/kia_gd_ws/install/ur_ros_rtde_msgs/include/ur_ros_rtde_msgs/ur_ros_rtde_msgs/srv/detail/get_wrench__struct.h
[1.228s] -- Up-to-date symlink: /home/alberto/Documents/kia_gd_ws/install/ur_ros_rtde_msgs/include/ur_ros_rtde_msgs/ur_ros_rtde_msgs/srv/detail/get_wrench__type_support.h
[1.228s] -- Up-to-date symlink: /home/alberto/Documents/kia_gd_ws/install/ur_ros_rtde_msgs/include/ur_ros_rtde_msgs/ur_ros_rtde_msgs/srv/detail/start_data_recording__functions.h
[1.228s] -- Up-to-date symlink: /home/alberto/Documents/kia_gd_ws/install/ur_ros_rtde_msgs/include/ur_ros_rtde_msgs/ur_ros_rtde_msgs/srv/detail/start_data_recording__struct.h
[1.229s] -- Up-to-date symlink: /home/alberto/Documents/kia_gd_ws/install/ur_ros_rtde_msgs/include/ur_ros_rtde_msgs/ur_ros_rtde_msgs/srv/detail/start_data_recording__type_support.h
[1.229s] -- Up-to-date symlink: /home/alberto/Documents/kia_gd_ws/install/ur_ros_rtde_msgs/include/ur_ros_rtde_msgs/ur_ros_rtde_msgs/srv/get_internal_state.h
[1.229s] -- Up-to-date symlink: /home/alberto/Documents/kia_gd_ws/install/ur_ros_rtde_msgs/include/ur_ros_rtde_msgs/ur_ros_rtde_msgs/srv/get_io_state.h
[1.229s] -- Up-to-date symlink: /home/alberto/Documents/kia_gd_ws/install/ur_ros_rtde_msgs/include/ur_ros_rtde_msgs/ur_ros_rtde_msgs/srv/get_joint_state.h
[1.229s] -- Up-to-date symlink: /home/alberto/Documents/kia_gd_ws/install/ur_ros_rtde_msgs/include/ur_ros_rtde_msgs/ur_ros_rtde_msgs/srv/get_tcp_pose.h
[1.229s] -- Up-to-date symlink: /home/alberto/Documents/kia_gd_ws/install/ur_ros_rtde_msgs/include/ur_ros_rtde_msgs/ur_ros_rtde_msgs/srv/get_wrench.h
[1.229s] -- Up-to-date symlink: /home/alberto/Documents/kia_gd_ws/install/ur_ros_rtde_msgs/include/ur_ros_rtde_msgs/ur_ros_rtde_msgs/srv/start_data_recording.h
[1.229s] -- Up-to-date symlink: /home/alberto/Documents/kia_gd_ws/install/ur_ros_rtde_msgs/share/ur_ros_rtde_msgs/environment/library_path.sh
[1.230s] -- Up-to-date symlink: /home/alberto/Documents/kia_gd_ws/install/ur_ros_rtde_msgs/share/ur_ros_rtde_msgs/environment/library_path.dsv
[1.230s] -- Up-to-date symlink: /home/alberto/Documents/kia_gd_ws/install/ur_ros_rtde_msgs/include/ur_ros_rtde_msgs/ur_ros_rtde_msgs/action/detail/add_to_log__rosidl_typesupport_fastrtps_c.h
[1.234s] -- Up-to-date symlink: /home/alberto/Documents/kia_gd_ws/install/ur_ros_rtde_msgs/include/ur_ros_rtde_msgs/ur_ros_rtde_msgs/action/detail/brake_release__rosidl_typesupport_fastrtps_c.h
[1.234s] -- Up-to-date symlink: /home/alberto/Documents/kia_gd_ws/install/ur_ros_rtde_msgs/include/ur_ros_rtde_msgs/ur_ros_rtde_msgs/action/detail/close_popup__rosidl_typesupport_fastrtps_c.h
[1.234s] -- Up-to-date symlink: /home/alberto/Documents/kia_gd_ws/install/ur_ros_rtde_msgs/include/ur_ros_rtde_msgs/ur_ros_rtde_msgs/action/detail/close_safety_popup__rosidl_typesupport_fastrtps_c.h
[1.235s] -- Up-to-date symlink: /home/alberto/Documents/kia_gd_ws/install/ur_ros_rtde_msgs/include/ur_ros_rtde_msgs/ur_ros_rtde_msgs/action/detail/execute_parametrized_trajectory__rosidl_typesupport_fastrtps_c.h
[1.235s] -- Up-to-date symlink: /home/alberto/Documents/kia_gd_ws/install/ur_ros_rtde_msgs/include/ur_ros_rtde_msgs/ur_ros_rtde_msgs/action/detail/execute_path__rosidl_typesupport_fastrtps_c.h
[1.235s] -- Up-to-date symlink: /home/alberto/Documents/kia_gd_ws/install/ur_ros_rtde_msgs/include/ur_ros_rtde_msgs/ur_ros_rtde_msgs/action/detail/execute_trajectory__rosidl_typesupport_fastrtps_c.h
[1.235s] -- Up-to-date symlink: /home/alberto/Documents/kia_gd_ws/install/ur_ros_rtde_msgs/include/ur_ros_rtde_msgs/ur_ros_rtde_msgs/action/detail/get_loaded_program__rosidl_typesupport_fastrtps_c.h
[1.235s] -- Up-to-date symlink: /home/alberto/Documents/kia_gd_ws/install/ur_ros_rtde_msgs/include/ur_ros_rtde_msgs/ur_ros_rtde_msgs/action/detail/get_robot_model__rosidl_typesupport_fastrtps_c.h
[1.235s] -- Up-to-date symlink: /home/alberto/Documents/kia_gd_ws/install/ur_ros_rtde_msgs/include/ur_ros_rtde_msgs/ur_ros_rtde_msgs/action/detail/get_serial_number__rosidl_typesupport_fastrtps_c.h
[1.235s] -- Up-to-date symlink: /home/alberto/Documents/kia_gd_ws/install/ur_ros_rtde_msgs/include/ur_ros_rtde_msgs/ur_ros_rtde_msgs/action/detail/get_string__rosidl_typesupport_fastrtps_c.h
[1.235s] -- Up-to-date symlink: /home/alberto/Documents/kia_gd_ws/install/ur_ros_rtde_msgs/include/ur_ros_rtde_msgs/ur_ros_rtde_msgs/action/detail/is_in_remote_control__rosidl_typesupport_fastrtps_c.h
[1.235s] -- Up-to-date symlink: /home/alberto/Documents/kia_gd_ws/install/ur_ros_rtde_msgs/include/ur_ros_rtde_msgs/ur_ros_rtde_msgs/action/detail/is_program_saved__rosidl_typesupport_fastrtps_c.h
[1.236s] -- Up-to-date symlink: /home/alberto/Documents/kia_gd_ws/install/ur_ros_rtde_msgs/include/ur_ros_rtde_msgs/ur_ros_rtde_msgs/action/detail/load_urp__rosidl_typesupport_fastrtps_c.h
[1.236s] -- Up-to-date symlink: /home/alberto/Documents/kia_gd_ws/install/ur_ros_rtde_msgs/include/ur_ros_rtde_msgs/ur_ros_rtde_msgs/action/detail/move_j__rosidl_typesupport_fastrtps_c.h
[1.236s] -- Up-to-date symlink: /home/alberto/Documents/kia_gd_ws/install/ur_ros_rtde_msgs/include/ur_ros_rtde_msgs/ur_ros_rtde_msgs/action/detail/move_j_relative__rosidl_typesupport_fastrtps_c.h
[1.236s] -- Up-to-date symlink: /home/alberto/Documents/kia_gd_ws/install/ur_ros_rtde_msgs/include/ur_ros_rtde_msgs/ur_ros_rtde_msgs/action/detail/move_l__rosidl_typesupport_fastrtps_c.h
[1.236s] -- Up-to-date symlink: /home/alberto/Documents/kia_gd_ws/install/ur_ros_rtde_msgs/include/ur_ros_rtde_msgs/ur_ros_rtde_msgs/action/detail/move_l_relative__rosidl_typesupport_fastrtps_c.h
[1.236s] -- Up-to-date symlink: /home/alberto/Documents/kia_gd_ws/install/ur_ros_rtde_msgs/include/ur_ros_rtde_msgs/ur_ros_rtde_msgs/action/detail/move_until_contact__rosidl_typesupport_fastrtps_c.h
[1.236s] -- Up-to-date symlink: /home/alberto/Documents/kia_gd_ws/install/ur_ros_rtde_msgs/include/ur_ros_rtde_msgs/ur_ros_rtde_msgs/action/detail/move_until_force__rosidl_typesupport_fastrtps_c.h
[1.236s] -- Up-to-date symlink: /home/alberto/Documents/kia_gd_ws/install/ur_ros_rtde_msgs/include/ur_ros_rtde_msgs/ur_ros_rtde_msgs/action/detail/move_until_torque__rosidl_typesupport_fastrtps_c.h
[1.242s] -- Up-to-date symlink: /home/alberto/Documents/kia_gd_ws/install/ur_ros_rtde_msgs/include/ur_ros_rtde_msgs/ur_ros_rtde_msgs/action/detail/pause__rosidl_typesupport_fastrtps_c.h
[1.243s] -- Up-to-date symlink: /home/alberto/Documents/kia_gd_ws/install/ur_ros_rtde_msgs/include/ur_ros_rtde_msgs/ur_ros_rtde_msgs/action/detail/play__rosidl_typesupport_fastrtps_c.h
[1.247s] -- Up-to-date symlink: /home/alberto/Documents/kia_gd_ws/install/ur_ros_rtde_msgs/include/ur_ros_rtde_msgs/ur_ros_rtde_msgs/action/detail/polyscope_version__rosidl_typesupport_fastrtps_c.h
[1.247s] -- Up-to-date symlink: /home/alberto/Documents/kia_gd_ws/install/ur_ros_rtde_msgs/include/ur_ros_rtde_msgs/ur_ros_rtde_msgs/action/detail/popup__rosidl_typesupport_fastrtps_c.h
[1.259s] -- Up-to-date symlink: /home/alberto/Documents/kia_gd_ws/install/ur_ros_rtde_msgs/include/ur_ros_rtde_msgs/ur_ros_rtde_msgs/action/detail/power_off__rosidl_typesupport_fastrtps_c.h
[1.259s] -- Up-to-date symlink: /home/alberto/Documents/kia_gd_ws/install/ur_ros_rtde_msgs/include/ur_ros_rtde_msgs/ur_ros_rtde_msgs/action/detail/power_on__rosidl_typesupport_fastrtps_c.h
[1.259s] -- Up-to-date symlink: /home/alberto/Documents/kia_gd_ws/install/ur_ros_rtde_msgs/include/ur_ros_rtde_msgs/ur_ros_rtde_msgs/action/detail/program_state__rosidl_typesupport_fastrtps_c.h
[1.259s] -- Up-to-date symlink: /home/alberto/Documents/kia_gd_ws/install/ur_ros_rtde_msgs/include/ur_ros_rtde_msgs/ur_ros_rtde_msgs/action/detail/reset_force_torque_sensor__rosidl_typesupport_fastrtps_c.h
[1.259s] -- Up-to-date symlink: /home/alberto/Documents/kia_gd_ws/install/ur_ros_rtde_msgs/include/ur_ros_rtde_msgs/ur_ros_rtde_msgs/action/detail/restart_safety__rosidl_typesupport_fastrtps_c.h
[1.259s] -- Up-to-date symlink: /home/alberto/Documents/kia_gd_ws/install/ur_ros_rtde_msgs/include/ur_ros_rtde_msgs/ur_ros_rtde_msgs/action/detail/robot_mode__rosidl_typesupport_fastrtps_c.h
[1.259s] -- Up-to-date symlink: /home/alberto/Documents/kia_gd_ws/install/ur_ros_rtde_msgs/include/ur_ros_rtde_msgs/ur_ros_rtde_msgs/action/detail/running__rosidl_typesupport_fastrtps_c.h
[1.259s] -- Up-to-date symlink: /home/alberto/Documents/kia_gd_ws/install/ur_ros_rtde_msgs/include/ur_ros_rtde_msgs/ur_ros_rtde_msgs/action/detail/safety_mode__rosidl_typesupport_fastrtps_c.h
[1.260s] -- Up-to-date symlink: /home/alberto/Documents/kia_gd_ws/install/ur_ros_rtde_msgs/include/ur_ros_rtde_msgs/ur_ros_rtde_msgs/action/detail/safety_status__rosidl_typesupport_fastrtps_c.h
[1.260s] -- Up-to-date symlink: /home/alberto/Documents/kia_gd_ws/install/ur_ros_rtde_msgs/include/ur_ros_rtde_msgs/ur_ros_rtde_msgs/action/detail/send_custom_script__rosidl_typesupport_fastrtps_c.h
[1.260s] -- Up-to-date symlink: /home/alberto/Documents/kia_gd_ws/install/ur_ros_rtde_msgs/include/ur_ros_rtde_msgs/ur_ros_rtde_msgs/action/detail/set_digital_pin__rosidl_typesupport_fastrtps_c.h
[1.260s] -- Up-to-date symlink: /home/alberto/Documents/kia_gd_ws/install/ur_ros_rtde_msgs/include/ur_ros_rtde_msgs/ur_ros_rtde_msgs/action/detail/set_freedrive__rosidl_typesupport_fastrtps_c.h
[1.260s] -- Up-to-date symlink: /home/alberto/Documents/kia_gd_ws/install/ur_ros_rtde_msgs/include/ur_ros_rtde_msgs/ur_ros_rtde_msgs/action/detail/set_payload__rosidl_typesupport_fastrtps_c.h
[1.260s] -- Up-to-date symlink: /home/alberto/Documents/kia_gd_ws/install/ur_ros_rtde_msgs/include/ur_ros_rtde_msgs/ur_ros_rtde_msgs/action/detail/set_speed_slider__rosidl_typesupport_fastrtps_c.h
[1.260s] -- Up-to-date symlink: /home/alberto/Documents/kia_gd_ws/install/ur_ros_rtde_msgs/include/ur_ros_rtde_msgs/ur_ros_rtde_msgs/action/detail/shutdown__rosidl_typesupport_fastrtps_c.h
[1.260s] -- Up-to-date symlink: /home/alberto/Documents/kia_gd_ws/install/ur_ros_rtde_msgs/include/ur_ros_rtde_msgs/ur_ros_rtde_msgs/action/detail/stop__rosidl_typesupport_fastrtps_c.h
[1.261s] -- Up-to-date symlink: /home/alberto/Documents/kia_gd_ws/install/ur_ros_rtde_msgs/include/ur_ros_rtde_msgs/ur_ros_rtde_msgs/action/detail/unlock_protective_stop__rosidl_typesupport_fastrtps_c.h
[1.261s] -- Up-to-date symlink: /home/alberto/Documents/kia_gd_ws/install/ur_ros_rtde_msgs/include/ur_ros_rtde_msgs/ur_ros_rtde_msgs/msg/detail/io_state__rosidl_typesupport_fastrtps_c.h
[1.261s] -- Up-to-date symlink: /home/alberto/Documents/kia_gd_ws/install/ur_ros_rtde_msgs/include/ur_ros_rtde_msgs/ur_ros_rtde_msgs/msg/detail/joints_configuration__rosidl_typesupport_fastrtps_c.h
[1.261s] -- Up-to-date symlink: /home/alberto/Documents/kia_gd_ws/install/ur_ros_rtde_msgs/include/ur_ros_rtde_msgs/ur_ros_rtde_msgs/msg/detail/vector__rosidl_typesupport_fastrtps_c.h
[1.261s] -- Up-to-date symlink: /home/alberto/Documents/kia_gd_ws/install/ur_ros_rtde_msgs/include/ur_ros_rtde_msgs/ur_ros_rtde_msgs/msg/rosidl_typesupport_fastrtps_c__visibility_control.h
[1.261s] -- Up-to-date symlink: /home/alberto/Documents/kia_gd_ws/install/ur_ros_rtde_msgs/include/ur_ros_rtde_msgs/ur_ros_rtde_msgs/srv/detail/get_internal_state__rosidl_typesupport_fastrtps_c.h
[1.261s] -- Up-to-date symlink: /home/alberto/Documents/kia_gd_ws/install/ur_ros_rtde_msgs/include/ur_ros_rtde_msgs/ur_ros_rtde_msgs/srv/detail/get_io_state__rosidl_typesupport_fastrtps_c.h
[1.261s] -- Up-to-date symlink: /home/alberto/Documents/kia_gd_ws/install/ur_ros_rtde_msgs/include/ur_ros_rtde_msgs/ur_ros_rtde_msgs/srv/detail/get_joint_state__rosidl_typesupport_fastrtps_c.h
[1.266s] -- Up-to-date symlink: /home/alberto/Documents/kia_gd_ws/install/ur_ros_rtde_msgs/include/ur_ros_rtde_msgs/ur_ros_rtde_msgs/srv/detail/get_tcp_pose__rosidl_typesupport_fastrtps_c.h
[1.266s] -- Up-to-date symlink: /home/alberto/Documents/kia_gd_ws/install/ur_ros_rtde_msgs/include/ur_ros_rtde_msgs/ur_ros_rtde_msgs/srv/detail/get_wrench__rosidl_typesupport_fastrtps_c.h
[1.266s] -- Up-to-date symlink: /home/alberto/Documents/kia_gd_ws/install/ur_ros_rtde_msgs/include/ur_ros_rtde_msgs/ur_ros_rtde_msgs/srv/detail/start_data_recording__rosidl_typesupport_fastrtps_c.h
[1.266s] -- Up-to-date symlink: /home/alberto/Documents/kia_gd_ws/install/ur_ros_rtde_msgs/include/ur_ros_rtde_msgs/ur_ros_rtde_msgs/action/add_to_log.hpp
[1.267s] -- Up-to-date symlink: /home/alberto/Documents/kia_gd_ws/install/ur_ros_rtde_msgs/include/ur_ros_rtde_msgs/ur_ros_rtde_msgs/action/brake_release.hpp
[1.267s] -- Up-to-date symlink: /home/alberto/Documents/kia_gd_ws/install/ur_ros_rtde_msgs/include/ur_ros_rtde_msgs/ur_ros_rtde_msgs/action/close_popup.hpp
[1.267s] -- Up-to-date symlink: /home/alberto/Documents/kia_gd_ws/install/ur_ros_rtde_msgs/include/ur_ros_rtde_msgs/ur_ros_rtde_msgs/action/close_safety_popup.hpp
[1.269s] -- Up-to-date symlink: /home/alberto/Documents/kia_gd_ws/install/ur_ros_rtde_msgs/include/ur_ros_rtde_msgs/ur_ros_rtde_msgs/action/detail/add_to_log__builder.hpp
[1.269s] -- Up-to-date symlink: /home/alberto/Documents/kia_gd_ws/install/ur_ros_rtde_msgs/include/ur_ros_rtde_msgs/ur_ros_rtde_msgs/action/detail/add_to_log__struct.hpp
[1.269s] -- Up-to-date symlink: /home/alberto/Documents/kia_gd_ws/install/ur_ros_rtde_msgs/include/ur_ros_rtde_msgs/ur_ros_rtde_msgs/action/detail/add_to_log__traits.hpp
[1.269s] -- Up-to-date symlink: /home/alberto/Documents/kia_gd_ws/install/ur_ros_rtde_msgs/include/ur_ros_rtde_msgs/ur_ros_rtde_msgs/action/detail/add_to_log__type_support.hpp
[1.269s] -- Up-to-date symlink: /home/alberto/Documents/kia_gd_ws/install/ur_ros_rtde_msgs/include/ur_ros_rtde_msgs/ur_ros_rtde_msgs/action/detail/brake_release__builder.hpp
[1.270s] -- Up-to-date symlink: /home/alberto/Documents/kia_gd_ws/install/ur_ros_rtde_msgs/include/ur_ros_rtde_msgs/ur_ros_rtde_msgs/action/detail/brake_release__struct.hpp
[1.270s] -- Up-to-date symlink: /home/alberto/Documents/kia_gd_ws/install/ur_ros_rtde_msgs/include/ur_ros_rtde_msgs/ur_ros_rtde_msgs/action/detail/brake_release__traits.hpp
[1.270s] -- Up-to-date symlink: /home/alberto/Documents/kia_gd_ws/install/ur_ros_rtde_msgs/include/ur_ros_rtde_msgs/ur_ros_rtde_msgs/action/detail/brake_release__type_support.hpp
[1.271s] -- Up-to-date symlink: /home/alberto/Documents/kia_gd_ws/install/ur_ros_rtde_msgs/include/ur_ros_rtde_msgs/ur_ros_rtde_msgs/action/detail/close_popup__builder.hpp
[1.272s] -- Up-to-date symlink: /home/alberto/Documents/kia_gd_ws/install/ur_ros_rtde_msgs/include/ur_ros_rtde_msgs/ur_ros_rtde_msgs/action/detail/close_popup__struct.hpp
[1.272s] -- Up-to-date symlink: /home/alberto/Documents/kia_gd_ws/install/ur_ros_rtde_msgs/include/ur_ros_rtde_msgs/ur_ros_rtde_msgs/action/detail/close_popup__traits.hpp
[1.272s] -- Up-to-date symlink: /home/alberto/Documents/kia_gd_ws/install/ur_ros_rtde_msgs/include/ur_ros_rtde_msgs/ur_ros_rtde_msgs/action/detail/close_popup__type_support.hpp
[1.273s] -- Up-to-date symlink: /home/alberto/Documents/kia_gd_ws/install/ur_ros_rtde_msgs/include/ur_ros_rtde_msgs/ur_ros_rtde_msgs/action/detail/close_safety_popup__builder.hpp
[1.273s] -- Up-to-date symlink: /home/alberto/Documents/kia_gd_ws/install/ur_ros_rtde_msgs/include/ur_ros_rtde_msgs/ur_ros_rtde_msgs/action/detail/close_safety_popup__struct.hpp
[1.273s] -- Up-to-date symlink: /home/alberto/Documents/kia_gd_ws/install/ur_ros_rtde_msgs/include/ur_ros_rtde_msgs/ur_ros_rtde_msgs/action/detail/close_safety_popup__traits.hpp
[1.273s] -- Up-to-date symlink: /home/alberto/Documents/kia_gd_ws/install/ur_ros_rtde_msgs/include/ur_ros_rtde_msgs/ur_ros_rtde_msgs/action/detail/close_safety_popup__type_support.hpp
[1.274s] -- Up-to-date symlink: /home/alberto/Documents/kia_gd_ws/install/ur_ros_rtde_msgs/include/ur_ros_rtde_msgs/ur_ros_rtde_msgs/action/detail/execute_parametrized_trajectory__builder.hpp
[1.275s] -- Up-to-date symlink: /home/alberto/Documents/kia_gd_ws/install/ur_ros_rtde_msgs/include/ur_ros_rtde_msgs/ur_ros_rtde_msgs/action/detail/execute_parametrized_trajectory__struct.hpp
[1.275s] -- Up-to-date symlink: /home/alberto/Documents/kia_gd_ws/install/ur_ros_rtde_msgs/include/ur_ros_rtde_msgs/ur_ros_rtde_msgs/action/detail/execute_parametrized_trajectory__traits.hpp
[1.275s] -- Up-to-date symlink: /home/alberto/Documents/kia_gd_ws/install/ur_ros_rtde_msgs/include/ur_ros_rtde_msgs/ur_ros_rtde_msgs/action/detail/execute_parametrized_trajectory__type_support.hpp
[1.275s] -- Up-to-date symlink: /home/alberto/Documents/kia_gd_ws/install/ur_ros_rtde_msgs/include/ur_ros_rtde_msgs/ur_ros_rtde_msgs/action/detail/execute_path__builder.hpp
[1.276s] -- Up-to-date symlink: /home/alberto/Documents/kia_gd_ws/install/ur_ros_rtde_msgs/include/ur_ros_rtde_msgs/ur_ros_rtde_msgs/action/detail/execute_path__struct.hpp
[1.276s] -- Up-to-date symlink: /home/alberto/Documents/kia_gd_ws/install/ur_ros_rtde_msgs/include/ur_ros_rtde_msgs/ur_ros_rtde_msgs/action/detail/execute_path__traits.hpp
[1.277s] -- Up-to-date symlink: /home/alberto/Documents/kia_gd_ws/install/ur_ros_rtde_msgs/include/ur_ros_rtde_msgs/ur_ros_rtde_msgs/action/detail/execute_path__type_support.hpp
[1.277s] -- Up-to-date symlink: /home/alberto/Documents/kia_gd_ws/install/ur_ros_rtde_msgs/include/ur_ros_rtde_msgs/ur_ros_rtde_msgs/action/detail/execute_trajectory__builder.hpp
[1.277s] -- Up-to-date symlink: /home/alberto/Documents/kia_gd_ws/install/ur_ros_rtde_msgs/include/ur_ros_rtde_msgs/ur_ros_rtde_msgs/action/detail/execute_trajectory__struct.hpp
[1.277s] -- Up-to-date symlink: /home/alberto/Documents/kia_gd_ws/install/ur_ros_rtde_msgs/include/ur_ros_rtde_msgs/ur_ros_rtde_msgs/action/detail/execute_trajectory__traits.hpp
[1.278s] -- Up-to-date symlink: /home/alberto/Documents/kia_gd_ws/install/ur_ros_rtde_msgs/include/ur_ros_rtde_msgs/ur_ros_rtde_msgs/action/detail/execute_trajectory__type_support.hpp
[1.278s] -- Up-to-date symlink: /home/alberto/Documents/kia_gd_ws/install/ur_ros_rtde_msgs/include/ur_ros_rtde_msgs/ur_ros_rtde_msgs/action/detail/get_loaded_program__builder.hpp
[1.279s] -- Up-to-date symlink: /home/alberto/Documents/kia_gd_ws/install/ur_ros_rtde_msgs/include/ur_ros_rtde_msgs/ur_ros_rtde_msgs/action/detail/get_loaded_program__struct.hpp
[1.280s] -- Up-to-date symlink: /home/alberto/Documents/kia_gd_ws/install/ur_ros_rtde_msgs/include/ur_ros_rtde_msgs/ur_ros_rtde_msgs/action/detail/get_loaded_program__traits.hpp
[1.280s] -- Up-to-date symlink: /home/alberto/Documents/kia_gd_ws/install/ur_ros_rtde_msgs/include/ur_ros_rtde_msgs/ur_ros_rtde_msgs/action/detail/get_loaded_program__type_support.hpp
[1.281s] -- Up-to-date symlink: /home/alberto/Documents/kia_gd_ws/install/ur_ros_rtde_msgs/include/ur_ros_rtde_msgs/ur_ros_rtde_msgs/action/detail/get_robot_model__builder.hpp
[1.281s] -- Up-to-date symlink: /home/alberto/Documents/kia_gd_ws/install/ur_ros_rtde_msgs/include/ur_ros_rtde_msgs/ur_ros_rtde_msgs/action/detail/get_robot_model__struct.hpp
[1.282s] -- Up-to-date symlink: /home/alberto/Documents/kia_gd_ws/install/ur_ros_rtde_msgs/include/ur_ros_rtde_msgs/ur_ros_rtde_msgs/action/detail/get_robot_model__traits.hpp
[1.282s] -- Up-to-date symlink: /home/alberto/Documents/kia_gd_ws/install/ur_ros_rtde_msgs/include/ur_ros_rtde_msgs/ur_ros_rtde_msgs/action/detail/get_robot_model__type_support.hpp
[1.282s] -- Up-to-date symlink: /home/alberto/Documents/kia_gd_ws/install/ur_ros_rtde_msgs/include/ur_ros_rtde_msgs/ur_ros_rtde_msgs/action/detail/get_serial_number__builder.hpp
[1.283s] -- Up-to-date symlink: /home/alberto/Documents/kia_gd_ws/install/ur_ros_rtde_msgs/include/ur_ros_rtde_msgs/ur_ros_rtde_msgs/action/detail/get_serial_number__struct.hpp
[1.283s] -- Up-to-date symlink: /home/alberto/Documents/kia_gd_ws/install/ur_ros_rtde_msgs/include/ur_ros_rtde_msgs/ur_ros_rtde_msgs/action/detail/get_serial_number__traits.hpp
[1.284s] -- Up-to-date symlink: /home/alberto/Documents/kia_gd_ws/install/ur_ros_rtde_msgs/include/ur_ros_rtde_msgs/ur_ros_rtde_msgs/action/detail/get_serial_number__type_support.hpp
[1.284s] -- Up-to-date symlink: /home/alberto/Documents/kia_gd_ws/install/ur_ros_rtde_msgs/include/ur_ros_rtde_msgs/ur_ros_rtde_msgs/action/detail/get_string__builder.hpp
[1.284s] -- Up-to-date symlink: /home/alberto/Documents/kia_gd_ws/install/ur_ros_rtde_msgs/include/ur_ros_rtde_msgs/ur_ros_rtde_msgs/action/detail/get_string__struct.hpp
[1.285s] -- Up-to-date symlink: /home/alberto/Documents/kia_gd_ws/install/ur_ros_rtde_msgs/include/ur_ros_rtde_msgs/ur_ros_rtde_msgs/action/detail/get_string__traits.hpp
[1.285s] -- Up-to-date symlink: /home/alberto/Documents/kia_gd_ws/install/ur_ros_rtde_msgs/include/ur_ros_rtde_msgs/ur_ros_rtde_msgs/action/detail/get_string__type_support.hpp
[1.285s] -- Up-to-date symlink: /home/alberto/Documents/kia_gd_ws/install/ur_ros_rtde_msgs/include/ur_ros_rtde_msgs/ur_ros_rtde_msgs/action/detail/is_in_remote_control__builder.hpp
[1.285s] -- Up-to-date symlink: /home/alberto/Documents/kia_gd_ws/install/ur_ros_rtde_msgs/include/ur_ros_rtde_msgs/ur_ros_rtde_msgs/action/detail/is_in_remote_control__struct.hpp
[1.286s] -- Up-to-date symlink: /home/alberto/Documents/kia_gd_ws/install/ur_ros_rtde_msgs/include/ur_ros_rtde_msgs/ur_ros_rtde_msgs/action/detail/is_in_remote_control__traits.hpp
[1.286s] -- Up-to-date symlink: /home/alberto/Documents/kia_gd_ws/install/ur_ros_rtde_msgs/include/ur_ros_rtde_msgs/ur_ros_rtde_msgs/action/detail/is_in_remote_control__type_support.hpp
[1.286s] -- Up-to-date symlink: /home/alberto/Documents/kia_gd_ws/install/ur_ros_rtde_msgs/include/ur_ros_rtde_msgs/ur_ros_rtde_msgs/action/detail/is_program_saved__builder.hpp
[1.286s] -- Up-to-date symlink: /home/alberto/Documents/kia_gd_ws/install/ur_ros_rtde_msgs/include/ur_ros_rtde_msgs/ur_ros_rtde_msgs/action/detail/is_program_saved__struct.hpp
[1.286s] -- Up-to-date symlink: /home/alberto/Documents/kia_gd_ws/install/ur_ros_rtde_msgs/include/ur_ros_rtde_msgs/ur_ros_rtde_msgs/action/detail/is_program_saved__traits.hpp
[1.286s] -- Up-to-date symlink: /home/alberto/Documents/kia_gd_ws/install/ur_ros_rtde_msgs/include/ur_ros_rtde_msgs/ur_ros_rtde_msgs/action/detail/is_program_saved__type_support.hpp
[1.287s] -- Up-to-date symlink: /home/alberto/Documents/kia_gd_ws/install/ur_ros_rtde_msgs/include/ur_ros_rtde_msgs/ur_ros_rtde_msgs/action/detail/load_urp__builder.hpp
[1.287s] -- Up-to-date symlink: /home/alberto/Documents/kia_gd_ws/install/ur_ros_rtde_msgs/include/ur_ros_rtde_msgs/ur_ros_rtde_msgs/action/detail/load_urp__struct.hpp
[1.287s] -- Up-to-date symlink: /home/alberto/Documents/kia_gd_ws/install/ur_ros_rtde_msgs/include/ur_ros_rtde_msgs/ur_ros_rtde_msgs/action/detail/load_urp__traits.hpp
[1.287s] -- Up-to-date symlink: /home/alberto/Documents/kia_gd_ws/install/ur_ros_rtde_msgs/include/ur_ros_rtde_msgs/ur_ros_rtde_msgs/action/detail/load_urp__type_support.hpp
[1.287s] -- Up-to-date symlink: /home/alberto/Documents/kia_gd_ws/install/ur_ros_rtde_msgs/include/ur_ros_rtde_msgs/ur_ros_rtde_msgs/action/detail/move_j__builder.hpp
[1.288s] -- Up-to-date symlink: /home/alberto/Documents/kia_gd_ws/install/ur_ros_rtde_msgs/include/ur_ros_rtde_msgs/ur_ros_rtde_msgs/action/detail/move_j__struct.hpp
[1.288s] -- Up-to-date symlink: /home/alberto/Documents/kia_gd_ws/install/ur_ros_rtde_msgs/include/ur_ros_rtde_msgs/ur_ros_rtde_msgs/action/detail/move_j__traits.hpp
[1.288s] -- Up-to-date symlink: /home/alberto/Documents/kia_gd_ws/install/ur_ros_rtde_msgs/include/ur_ros_rtde_msgs/ur_ros_rtde_msgs/action/detail/move_j__type_support.hpp
[1.288s] -- Up-to-date symlink: /home/alberto/Documents/kia_gd_ws/install/ur_ros_rtde_msgs/include/ur_ros_rtde_msgs/ur_ros_rtde_msgs/action/detail/move_j_relative__builder.hpp
[1.288s] -- Up-to-date symlink: /home/alberto/Documents/kia_gd_ws/install/ur_ros_rtde_msgs/include/ur_ros_rtde_msgs/ur_ros_rtde_msgs/action/detail/move_j_relative__struct.hpp
[1.289s] -- Up-to-date symlink: /home/alberto/Documents/kia_gd_ws/install/ur_ros_rtde_msgs/include/ur_ros_rtde_msgs/ur_ros_rtde_msgs/action/detail/move_j_relative__traits.hpp
[1.289s] -- Up-to-date symlink: /home/alberto/Documents/kia_gd_ws/install/ur_ros_rtde_msgs/include/ur_ros_rtde_msgs/ur_ros_rtde_msgs/action/detail/move_j_relative__type_support.hpp
[1.289s] -- Up-to-date symlink: /home/alberto/Documents/kia_gd_ws/install/ur_ros_rtde_msgs/include/ur_ros_rtde_msgs/ur_ros_rtde_msgs/action/detail/move_l__builder.hpp
[1.289s] -- Up-to-date symlink: /home/alberto/Documents/kia_gd_ws/install/ur_ros_rtde_msgs/include/ur_ros_rtde_msgs/ur_ros_rtde_msgs/action/detail/move_l__struct.hpp
[1.289s] -- Up-to-date symlink: /home/alberto/Documents/kia_gd_ws/install/ur_ros_rtde_msgs/include/ur_ros_rtde_msgs/ur_ros_rtde_msgs/action/detail/move_l__traits.hpp
[1.289s] -- Up-to-date symlink: /home/alberto/Documents/kia_gd_ws/install/ur_ros_rtde_msgs/include/ur_ros_rtde_msgs/ur_ros_rtde_msgs/action/detail/move_l__type_support.hpp
[1.290s] -- Up-to-date symlink: /home/alberto/Documents/kia_gd_ws/install/ur_ros_rtde_msgs/include/ur_ros_rtde_msgs/ur_ros_rtde_msgs/action/detail/move_l_relative__builder.hpp
[1.290s] -- Up-to-date symlink: /home/alberto/Documents/kia_gd_ws/install/ur_ros_rtde_msgs/include/ur_ros_rtde_msgs/ur_ros_rtde_msgs/action/detail/move_l_relative__struct.hpp
[1.290s] -- Up-to-date symlink: /home/alberto/Documents/kia_gd_ws/install/ur_ros_rtde_msgs/include/ur_ros_rtde_msgs/ur_ros_rtde_msgs/action/detail/move_l_relative__traits.hpp
[1.290s] -- Up-to-date symlink: /home/alberto/Documents/kia_gd_ws/install/ur_ros_rtde_msgs/include/ur_ros_rtde_msgs/ur_ros_rtde_msgs/action/detail/move_l_relative__type_support.hpp
[1.290s] -- Up-to-date symlink: /home/alberto/Documents/kia_gd_ws/install/ur_ros_rtde_msgs/include/ur_ros_rtde_msgs/ur_ros_rtde_msgs/action/detail/move_until_contact__builder.hpp
[1.290s] -- Up-to-date symlink: /home/alberto/Documents/kia_gd_ws/install/ur_ros_rtde_msgs/include/ur_ros_rtde_msgs/ur_ros_rtde_msgs/action/detail/move_until_contact__struct.hpp
[1.291s] -- Up-to-date symlink: /home/alberto/Documents/kia_gd_ws/install/ur_ros_rtde_msgs/include/ur_ros_rtde_msgs/ur_ros_rtde_msgs/action/detail/move_until_contact__traits.hpp
[1.291s] -- Up-to-date symlink: /home/alberto/Documents/kia_gd_ws/install/ur_ros_rtde_msgs/include/ur_ros_rtde_msgs/ur_ros_rtde_msgs/action/detail/move_until_contact__type_support.hpp
[1.291s] -- Up-to-date symlink: /home/alberto/Documents/kia_gd_ws/install/ur_ros_rtde_msgs/include/ur_ros_rtde_msgs/ur_ros_rtde_msgs/action/detail/move_until_force__builder.hpp
[1.291s] -- Up-to-date symlink: /home/alberto/Documents/kia_gd_ws/install/ur_ros_rtde_msgs/include/ur_ros_rtde_msgs/ur_ros_rtde_msgs/action/detail/move_until_force__struct.hpp
[1.291s] -- Up-to-date symlink: /home/alberto/Documents/kia_gd_ws/install/ur_ros_rtde_msgs/include/ur_ros_rtde_msgs/ur_ros_rtde_msgs/action/detail/move_until_force__traits.hpp
[1.292s] -- Up-to-date symlink: /home/alberto/Documents/kia_gd_ws/install/ur_ros_rtde_msgs/include/ur_ros_rtde_msgs/ur_ros_rtde_msgs/action/detail/move_until_force__type_support.hpp
[1.292s] -- Up-to-date symlink: /home/alberto/Documents/kia_gd_ws/install/ur_ros_rtde_msgs/include/ur_ros_rtde_msgs/ur_ros_rtde_msgs/action/detail/move_until_torque__builder.hpp
[1.292s] -- Up-to-date symlink: /home/alberto/Documents/kia_gd_ws/install/ur_ros_rtde_msgs/include/ur_ros_rtde_msgs/ur_ros_rtde_msgs/action/detail/move_until_torque__struct.hpp
[1.292s] -- Up-to-date symlink: /home/alberto/Documents/kia_gd_ws/install/ur_ros_rtde_msgs/include/ur_ros_rtde_msgs/ur_ros_rtde_msgs/action/detail/move_until_torque__traits.hpp
[1.292s] -- Up-to-date symlink: /home/alberto/Documents/kia_gd_ws/install/ur_ros_rtde_msgs/include/ur_ros_rtde_msgs/ur_ros_rtde_msgs/action/detail/move_until_torque__type_support.hpp
[1.292s] -- Up-to-date symlink: /home/alberto/Documents/kia_gd_ws/install/ur_ros_rtde_msgs/include/ur_ros_rtde_msgs/ur_ros_rtde_msgs/action/detail/pause__builder.hpp
[1.293s] -- Up-to-date symlink: /home/alberto/Documents/kia_gd_ws/install/ur_ros_rtde_msgs/include/ur_ros_rtde_msgs/ur_ros_rtde_msgs/action/detail/pause__struct.hpp
[1.293s] -- Up-to-date symlink: /home/alberto/Documents/kia_gd_ws/install/ur_ros_rtde_msgs/include/ur_ros_rtde_msgs/ur_ros_rtde_msgs/action/detail/pause__traits.hpp
[1.293s] -- Up-to-date symlink: /home/alberto/Documents/kia_gd_ws/install/ur_ros_rtde_msgs/include/ur_ros_rtde_msgs/ur_ros_rtde_msgs/action/detail/pause__type_support.hpp
[1.293s] -- Up-to-date symlink: /home/alberto/Documents/kia_gd_ws/install/ur_ros_rtde_msgs/include/ur_ros_rtde_msgs/ur_ros_rtde_msgs/action/detail/play__builder.hpp
[1.293s] -- Up-to-date symlink: /home/alberto/Documents/kia_gd_ws/install/ur_ros_rtde_msgs/include/ur_ros_rtde_msgs/ur_ros_rtde_msgs/action/detail/play__struct.hpp
[1.293s] -- Up-to-date symlink: /home/alberto/Documents/kia_gd_ws/install/ur_ros_rtde_msgs/include/ur_ros_rtde_msgs/ur_ros_rtde_msgs/action/detail/play__traits.hpp
[1.294s] -- Up-to-date symlink: /home/alberto/Documents/kia_gd_ws/install/ur_ros_rtde_msgs/include/ur_ros_rtde_msgs/ur_ros_rtde_msgs/action/detail/play__type_support.hpp
[1.294s] -- Up-to-date symlink: /home/alberto/Documents/kia_gd_ws/install/ur_ros_rtde_msgs/include/ur_ros_rtde_msgs/ur_ros_rtde_msgs/action/detail/polyscope_version__builder.hpp
[1.294s] -- Up-to-date symlink: /home/alberto/Documents/kia_gd_ws/install/ur_ros_rtde_msgs/include/ur_ros_rtde_msgs/ur_ros_rtde_msgs/action/detail/polyscope_version__struct.hpp
[1.294s] -- Up-to-date symlink: /home/alberto/Documents/kia_gd_ws/install/ur_ros_rtde_msgs/include/ur_ros_rtde_msgs/ur_ros_rtde_msgs/action/detail/polyscope_version__traits.hpp
[1.294s] -- Up-to-date symlink: /home/alberto/Documents/kia_gd_ws/install/ur_ros_rtde_msgs/include/ur_ros_rtde_msgs/ur_ros_rtde_msgs/action/detail/polyscope_version__type_support.hpp
[1.294s] -- Up-to-date symlink: /home/alberto/Documents/kia_gd_ws/install/ur_ros_rtde_msgs/include/ur_ros_rtde_msgs/ur_ros_rtde_msgs/action/detail/popup__builder.hpp
[1.295s] -- Up-to-date symlink: /home/alberto/Documents/kia_gd_ws/install/ur_ros_rtde_msgs/include/ur_ros_rtde_msgs/ur_ros_rtde_msgs/action/detail/popup__struct.hpp
[1.295s] -- Up-to-date symlink: /home/alberto/Documents/kia_gd_ws/install/ur_ros_rtde_msgs/include/ur_ros_rtde_msgs/ur_ros_rtde_msgs/action/detail/popup__traits.hpp
[1.295s] -- Up-to-date symlink: /home/alberto/Documents/kia_gd_ws/install/ur_ros_rtde_msgs/include/ur_ros_rtde_msgs/ur_ros_rtde_msgs/action/detail/popup__type_support.hpp
[1.295s] -- Up-to-date symlink: /home/alberto/Documents/kia_gd_ws/install/ur_ros_rtde_msgs/include/ur_ros_rtde_msgs/ur_ros_rtde_msgs/action/detail/power_off__builder.hpp
[1.295s] -- Up-to-date symlink: /home/alberto/Documents/kia_gd_ws/install/ur_ros_rtde_msgs/include/ur_ros_rtde_msgs/ur_ros_rtde_msgs/action/detail/power_off__struct.hpp
[1.295s] -- Up-to-date symlink: /home/alberto/Documents/kia_gd_ws/install/ur_ros_rtde_msgs/include/ur_ros_rtde_msgs/ur_ros_rtde_msgs/action/detail/power_off__traits.hpp
[1.295s] -- Up-to-date symlink: /home/alberto/Documents/kia_gd_ws/install/ur_ros_rtde_msgs/include/ur_ros_rtde_msgs/ur_ros_rtde_msgs/action/detail/power_off__type_support.hpp
[1.295s] -- Up-to-date symlink: /home/alberto/Documents/kia_gd_ws/install/ur_ros_rtde_msgs/include/ur_ros_rtde_msgs/ur_ros_rtde_msgs/action/detail/power_on__builder.hpp
[1.296s] -- Up-to-date symlink: /home/alberto/Documents/kia_gd_ws/install/ur_ros_rtde_msgs/include/ur_ros_rtde_msgs/ur_ros_rtde_msgs/action/detail/power_on__struct.hpp
[1.296s] -- Up-to-date symlink: /home/alberto/Documents/kia_gd_ws/install/ur_ros_rtde_msgs/include/ur_ros_rtde_msgs/ur_ros_rtde_msgs/action/detail/power_on__traits.hpp
[1.296s] -- Up-to-date symlink: /home/alberto/Documents/kia_gd_ws/install/ur_ros_rtde_msgs/include/ur_ros_rtde_msgs/ur_ros_rtde_msgs/action/detail/power_on__type_support.hpp
[1.296s] -- Up-to-date symlink: /home/alberto/Documents/kia_gd_ws/install/ur_ros_rtde_msgs/include/ur_ros_rtde_msgs/ur_ros_rtde_msgs/action/detail/program_state__builder.hpp
[1.297s] -- Up-to-date symlink: /home/alberto/Documents/kia_gd_ws/install/ur_ros_rtde_msgs/include/ur_ros_rtde_msgs/ur_ros_rtde_msgs/action/detail/program_state__struct.hpp
[1.297s] -- Up-to-date symlink: /home/alberto/Documents/kia_gd_ws/install/ur_ros_rtde_msgs/include/ur_ros_rtde_msgs/ur_ros_rtde_msgs/action/detail/program_state__traits.hpp
[1.297s] -- Up-to-date symlink: /home/alberto/Documents/kia_gd_ws/install/ur_ros_rtde_msgs/include/ur_ros_rtde_msgs/ur_ros_rtde_msgs/action/detail/program_state__type_support.hpp
[1.297s] -- Up-to-date symlink: /home/alberto/Documents/kia_gd_ws/install/ur_ros_rtde_msgs/include/ur_ros_rtde_msgs/ur_ros_rtde_msgs/action/detail/reset_force_torque_sensor__builder.hpp
[1.297s] -- Up-to-date symlink: /home/alberto/Documents/kia_gd_ws/install/ur_ros_rtde_msgs/include/ur_ros_rtde_msgs/ur_ros_rtde_msgs/action/detail/reset_force_torque_sensor__struct.hpp
[1.297s] -- Up-to-date symlink: /home/alberto/Documents/kia_gd_ws/install/ur_ros_rtde_msgs/include/ur_ros_rtde_msgs/ur_ros_rtde_msgs/action/detail/reset_force_torque_sensor__traits.hpp
[1.298s] -- Up-to-date symlink: /home/alberto/Documents/kia_gd_ws/install/ur_ros_rtde_msgs/include/ur_ros_rtde_msgs/ur_ros_rtde_msgs/action/detail/reset_force_torque_sensor__type_support.hpp
[1.298s] -- Up-to-date symlink: /home/alberto/Documents/kia_gd_ws/install/ur_ros_rtde_msgs/include/ur_ros_rtde_msgs/ur_ros_rtde_msgs/action/detail/restart_safety__builder.hpp
[1.298s] -- Up-to-date symlink: /home/alberto/Documents/kia_gd_ws/install/ur_ros_rtde_msgs/include/ur_ros_rtde_msgs/ur_ros_rtde_msgs/action/detail/restart_safety__struct.hpp
[1.298s] -- Up-to-date symlink: /home/alberto/Documents/kia_gd_ws/install/ur_ros_rtde_msgs/include/ur_ros_rtde_msgs/ur_ros_rtde_msgs/action/detail/restart_safety__traits.hpp
[1.298s] -- Up-to-date symlink: /home/alberto/Documents/kia_gd_ws/install/ur_ros_rtde_msgs/include/ur_ros_rtde_msgs/ur_ros_rtde_msgs/action/detail/restart_safety__type_support.hpp
[1.298s] -- Up-to-date symlink: /home/alberto/Documents/kia_gd_ws/install/ur_ros_rtde_msgs/include/ur_ros_rtde_msgs/ur_ros_rtde_msgs/action/detail/robot_mode__builder.hpp
[1.299s] -- Up-to-date symlink: /home/alberto/Documents/kia_gd_ws/install/ur_ros_rtde_msgs/include/ur_ros_rtde_msgs/ur_ros_rtde_msgs/action/detail/robot_mode__struct.hpp
[1.299s] -- Up-to-date symlink: /home/alberto/Documents/kia_gd_ws/install/ur_ros_rtde_msgs/include/ur_ros_rtde_msgs/ur_ros_rtde_msgs/action/detail/robot_mode__traits.hpp
[1.299s] -- Up-to-date symlink: /home/alberto/Documents/kia_gd_ws/install/ur_ros_rtde_msgs/include/ur_ros_rtde_msgs/ur_ros_rtde_msgs/action/detail/robot_mode__type_support.hpp
[1.299s] -- Up-to-date symlink: /home/alberto/Documents/kia_gd_ws/install/ur_ros_rtde_msgs/include/ur_ros_rtde_msgs/ur_ros_rtde_msgs/action/detail/running__builder.hpp
[1.299s] -- Up-to-date symlink: /home/alberto/Documents/kia_gd_ws/install/ur_ros_rtde_msgs/include/ur_ros_rtde_msgs/ur_ros_rtde_msgs/action/detail/running__struct.hpp
[1.299s] -- Up-to-date symlink: /home/alberto/Documents/kia_gd_ws/install/ur_ros_rtde_msgs/include/ur_ros_rtde_msgs/ur_ros_rtde_msgs/action/detail/running__traits.hpp
[1.300s] -- Up-to-date symlink: /home/alberto/Documents/kia_gd_ws/install/ur_ros_rtde_msgs/include/ur_ros_rtde_msgs/ur_ros_rtde_msgs/action/detail/running__type_support.hpp
[1.300s] -- Up-to-date symlink: /home/alberto/Documents/kia_gd_ws/install/ur_ros_rtde_msgs/include/ur_ros_rtde_msgs/ur_ros_rtde_msgs/action/detail/safety_mode__builder.hpp
[1.300s] -- Up-to-date symlink: /home/alberto/Documents/kia_gd_ws/install/ur_ros_rtde_msgs/include/ur_ros_rtde_msgs/ur_ros_rtde_msgs/action/detail/safety_mode__struct.hpp
[1.300s] -- Up-to-date symlink: /home/alberto/Documents/kia_gd_ws/install/ur_ros_rtde_msgs/include/ur_ros_rtde_msgs/ur_ros_rtde_msgs/action/detail/safety_mode__traits.hpp
[1.300s] -- Up-to-date symlink: /home/alberto/Documents/kia_gd_ws/install/ur_ros_rtde_msgs/include/ur_ros_rtde_msgs/ur_ros_rtde_msgs/action/detail/safety_mode__type_support.hpp
[1.300s] -- Up-to-date symlink: /home/alberto/Documents/kia_gd_ws/install/ur_ros_rtde_msgs/include/ur_ros_rtde_msgs/ur_ros_rtde_msgs/action/detail/safety_status__builder.hpp
[1.301s] -- Up-to-date symlink: /home/alberto/Documents/kia_gd_ws/install/ur_ros_rtde_msgs/include/ur_ros_rtde_msgs/ur_ros_rtde_msgs/action/detail/safety_status__struct.hpp
[1.301s] -- Up-to-date symlink: /home/alberto/Documents/kia_gd_ws/install/ur_ros_rtde_msgs/include/ur_ros_rtde_msgs/ur_ros_rtde_msgs/action/detail/safety_status__traits.hpp
[1.301s] -- Up-to-date symlink: /home/alberto/Documents/kia_gd_ws/install/ur_ros_rtde_msgs/include/ur_ros_rtde_msgs/ur_ros_rtde_msgs/action/detail/safety_status__type_support.hpp
[1.301s] -- Up-to-date symlink: /home/alberto/Documents/kia_gd_ws/install/ur_ros_rtde_msgs/include/ur_ros_rtde_msgs/ur_ros_rtde_msgs/action/detail/send_custom_script__builder.hpp
[1.301s] -- Up-to-date symlink: /home/alberto/Documents/kia_gd_ws/install/ur_ros_rtde_msgs/include/ur_ros_rtde_msgs/ur_ros_rtde_msgs/action/detail/send_custom_script__struct.hpp
[1.302s] -- Up-to-date symlink: /home/alberto/Documents/kia_gd_ws/install/ur_ros_rtde_msgs/include/ur_ros_rtde_msgs/ur_ros_rtde_msgs/action/detail/send_custom_script__traits.hpp
[1.302s] -- Up-to-date symlink: /home/alberto/Documents/kia_gd_ws/install/ur_ros_rtde_msgs/include/ur_ros_rtde_msgs/ur_ros_rtde_msgs/action/detail/send_custom_script__type_support.hpp
[1.302s] -- Up-to-date symlink: /home/alberto/Documents/kia_gd_ws/install/ur_ros_rtde_msgs/include/ur_ros_rtde_msgs/ur_ros_rtde_msgs/action/detail/set_digital_pin__builder.hpp
[1.302s] -- Up-to-date symlink: /home/alberto/Documents/kia_gd_ws/install/ur_ros_rtde_msgs/include/ur_ros_rtde_msgs/ur_ros_rtde_msgs/action/detail/set_digital_pin__struct.hpp
[1.302s] -- Up-to-date symlink: /home/alberto/Documents/kia_gd_ws/install/ur_ros_rtde_msgs/include/ur_ros_rtde_msgs/ur_ros_rtde_msgs/action/detail/set_digital_pin__traits.hpp
[1.302s] -- Up-to-date symlink: /home/alberto/Documents/kia_gd_ws/install/ur_ros_rtde_msgs/include/ur_ros_rtde_msgs/ur_ros_rtde_msgs/action/detail/set_digital_pin__type_support.hpp
[1.303s] -- Up-to-date symlink: /home/alberto/Documents/kia_gd_ws/install/ur_ros_rtde_msgs/include/ur_ros_rtde_msgs/ur_ros_rtde_msgs/action/detail/set_freedrive__builder.hpp
[1.303s] -- Up-to-date symlink: /home/alberto/Documents/kia_gd_ws/install/ur_ros_rtde_msgs/include/ur_ros_rtde_msgs/ur_ros_rtde_msgs/action/detail/set_freedrive__struct.hpp
[1.303s] -- Up-to-date symlink: /home/alberto/Documents/kia_gd_ws/install/ur_ros_rtde_msgs/include/ur_ros_rtde_msgs/ur_ros_rtde_msgs/action/detail/set_freedrive__traits.hpp
[1.303s] -- Up-to-date symlink: /home/alberto/Documents/kia_gd_ws/install/ur_ros_rtde_msgs/include/ur_ros_rtde_msgs/ur_ros_rtde_msgs/action/detail/set_freedrive__type_support.hpp
[1.303s] -- Up-to-date symlink: /home/alberto/Documents/kia_gd_ws/install/ur_ros_rtde_msgs/include/ur_ros_rtde_msgs/ur_ros_rtde_msgs/action/detail/set_payload__builder.hpp
[1.303s] -- Up-to-date symlink: /home/alberto/Documents/kia_gd_ws/install/ur_ros_rtde_msgs/include/ur_ros_rtde_msgs/ur_ros_rtde_msgs/action/detail/set_payload__struct.hpp
[1.304s] -- Up-to-date symlink: /home/alberto/Documents/kia_gd_ws/install/ur_ros_rtde_msgs/include/ur_ros_rtde_msgs/ur_ros_rtde_msgs/action/detail/set_payload__traits.hpp
[1.304s] -- Up-to-date symlink: /home/alberto/Documents/kia_gd_ws/install/ur_ros_rtde_msgs/include/ur_ros_rtde_msgs/ur_ros_rtde_msgs/action/detail/set_payload__type_support.hpp
[1.304s] -- Up-to-date symlink: /home/alberto/Documents/kia_gd_ws/install/ur_ros_rtde_msgs/include/ur_ros_rtde_msgs/ur_ros_rtde_msgs/action/detail/set_speed_slider__builder.hpp
[1.304s] -- Up-to-date symlink: /home/alberto/Documents/kia_gd_ws/install/ur_ros_rtde_msgs/include/ur_ros_rtde_msgs/ur_ros_rtde_msgs/action/detail/set_speed_slider__struct.hpp
[1.304s] -- Up-to-date symlink: /home/alberto/Documents/kia_gd_ws/install/ur_ros_rtde_msgs/include/ur_ros_rtde_msgs/ur_ros_rtde_msgs/action/detail/set_speed_slider__traits.hpp
[1.305s] -- Up-to-date symlink: /home/alberto/Documents/kia_gd_ws/install/ur_ros_rtde_msgs/include/ur_ros_rtde_msgs/ur_ros_rtde_msgs/action/detail/set_speed_slider__type_support.hpp
[1.305s] -- Up-to-date symlink: /home/alberto/Documents/kia_gd_ws/install/ur_ros_rtde_msgs/include/ur_ros_rtde_msgs/ur_ros_rtde_msgs/action/detail/shutdown__builder.hpp
[1.305s] -- Up-to-date symlink: /home/alberto/Documents/kia_gd_ws/install/ur_ros_rtde_msgs/include/ur_ros_rtde_msgs/ur_ros_rtde_msgs/action/detail/shutdown__struct.hpp
[1.305s] -- Up-to-date symlink: /home/alberto/Documents/kia_gd_ws/install/ur_ros_rtde_msgs/include/ur_ros_rtde_msgs/ur_ros_rtde_msgs/action/detail/shutdown__traits.hpp
[1.305s] -- Up-to-date symlink: /home/alberto/Documents/kia_gd_ws/install/ur_ros_rtde_msgs/include/ur_ros_rtde_msgs/ur_ros_rtde_msgs/action/detail/shutdown__type_support.hpp
[1.305s] -- Up-to-date symlink: /home/alberto/Documents/kia_gd_ws/install/ur_ros_rtde_msgs/include/ur_ros_rtde_msgs/ur_ros_rtde_msgs/action/detail/stop__builder.hpp
[1.305s] -- Up-to-date symlink: /home/alberto/Documents/kia_gd_ws/install/ur_ros_rtde_msgs/include/ur_ros_rtde_msgs/ur_ros_rtde_msgs/action/detail/stop__struct.hpp
[1.305s] -- Up-to-date symlink: /home/alberto/Documents/kia_gd_ws/install/ur_ros_rtde_msgs/include/ur_ros_rtde_msgs/ur_ros_rtde_msgs/action/detail/stop__traits.hpp
[1.306s] -- Up-to-date symlink: /home/alberto/Documents/kia_gd_ws/install/ur_ros_rtde_msgs/include/ur_ros_rtde_msgs/ur_ros_rtde_msgs/action/detail/stop__type_support.hpp
[1.306s] -- Up-to-date symlink: /home/alberto/Documents/kia_gd_ws/install/ur_ros_rtde_msgs/include/ur_ros_rtde_msgs/ur_ros_rtde_msgs/action/detail/unlock_protective_stop__builder.hpp
[1.306s] -- Up-to-date symlink: /home/alberto/Documents/kia_gd_ws/install/ur_ros_rtde_msgs/include/ur_ros_rtde_msgs/ur_ros_rtde_msgs/action/detail/unlock_protective_stop__struct.hpp
[1.306s] -- Up-to-date symlink: /home/alberto/Documents/kia_gd_ws/install/ur_ros_rtde_msgs/include/ur_ros_rtde_msgs/ur_ros_rtde_msgs/action/detail/unlock_protective_stop__traits.hpp
[1.306s] -- Up-to-date symlink: /home/alberto/Documents/kia_gd_ws/install/ur_ros_rtde_msgs/include/ur_ros_rtde_msgs/ur_ros_rtde_msgs/action/detail/unlock_protective_stop__type_support.hpp
[1.306s] -- Up-to-date symlink: /home/alberto/Documents/kia_gd_ws/install/ur_ros_rtde_msgs/include/ur_ros_rtde_msgs/ur_ros_rtde_msgs/action/execute_parametrized_trajectory.hpp
[1.306s] -- Up-to-date symlink: /home/alberto/Documents/kia_gd_ws/install/ur_ros_rtde_msgs/include/ur_ros_rtde_msgs/ur_ros_rtde_msgs/action/execute_path.hpp
[1.306s] -- Up-to-date symlink: /home/alberto/Documents/kia_gd_ws/install/ur_ros_rtde_msgs/include/ur_ros_rtde_msgs/ur_ros_rtde_msgs/action/execute_trajectory.hpp
[1.307s] -- Up-to-date symlink: /home/alberto/Documents/kia_gd_ws/install/ur_ros_rtde_msgs/include/ur_ros_rtde_msgs/ur_ros_rtde_msgs/action/get_loaded_program.hpp
[1.307s] -- Up-to-date symlink: /home/alberto/Documents/kia_gd_ws/install/ur_ros_rtde_msgs/include/ur_ros_rtde_msgs/ur_ros_rtde_msgs/action/get_robot_model.hpp
[1.307s] -- Up-to-date symlink: /home/alberto/Documents/kia_gd_ws/install/ur_ros_rtde_msgs/include/ur_ros_rtde_msgs/ur_ros_rtde_msgs/action/get_serial_number.hpp
[1.307s] -- Up-to-date symlink: /home/alberto/Documents/kia_gd_ws/install/ur_ros_rtde_msgs/include/ur_ros_rtde_msgs/ur_ros_rtde_msgs/action/get_string.hpp
[1.307s] -- Up-to-date symlink: /home/alberto/Documents/kia_gd_ws/install/ur_ros_rtde_msgs/include/ur_ros_rtde_msgs/ur_ros_rtde_msgs/action/is_in_remote_control.hpp
[1.307s] -- Up-to-date symlink: /home/alberto/Documents/kia_gd_ws/install/ur_ros_rtde_msgs/include/ur_ros_rtde_msgs/ur_ros_rtde_msgs/action/is_program_saved.hpp
[1.307s] -- Up-to-date symlink: /home/alberto/Documents/kia_gd_ws/install/ur_ros_rtde_msgs/include/ur_ros_rtde_msgs/ur_ros_rtde_msgs/action/load_urp.hpp
[1.307s] -- Up-to-date symlink: /home/alberto/Documents/kia_gd_ws/install/ur_ros_rtde_msgs/include/ur_ros_rtde_msgs/ur_ros_rtde_msgs/action/move_j.hpp
[1.307s] -- Up-to-date symlink: /home/alberto/Documents/kia_gd_ws/install/ur_ros_rtde_msgs/include/ur_ros_rtde_msgs/ur_ros_rtde_msgs/action/move_j_relative.hpp
[1.308s] -- Up-to-date symlink: /home/alberto/Documents/kia_gd_ws/install/ur_ros_rtde_msgs/include/ur_ros_rtde_msgs/ur_ros_rtde_msgs/action/move_l.hpp
[1.308s] -- Up-to-date symlink: /home/alberto/Documents/kia_gd_ws/install/ur_ros_rtde_msgs/include/ur_ros_rtde_msgs/ur_ros_rtde_msgs/action/move_l_relative.hpp
[1.308s] -- Up-to-date symlink: /home/alberto/Documents/kia_gd_ws/install/ur_ros_rtde_msgs/include/ur_ros_rtde_msgs/ur_ros_rtde_msgs/action/move_until_contact.hpp
[1.308s] -- Up-to-date symlink: /home/alberto/Documents/kia_gd_ws/install/ur_ros_rtde_msgs/include/ur_ros_rtde_msgs/ur_ros_rtde_msgs/action/move_until_force.hpp
[1.308s] -- Up-to-date symlink: /home/alberto/Documents/kia_gd_ws/install/ur_ros_rtde_msgs/include/ur_ros_rtde_msgs/ur_ros_rtde_msgs/action/move_until_torque.hpp
[1.309s] -- Up-to-date symlink: /home/alberto/Documents/kia_gd_ws/install/ur_ros_rtde_msgs/include/ur_ros_rtde_msgs/ur_ros_rtde_msgs/action/pause.hpp
[1.309s] -- Up-to-date symlink: /home/alberto/Documents/kia_gd_ws/install/ur_ros_rtde_msgs/include/ur_ros_rtde_msgs/ur_ros_rtde_msgs/action/play.hpp
[1.309s] -- Up-to-date symlink: /home/alberto/Documents/kia_gd_ws/install/ur_ros_rtde_msgs/include/ur_ros_rtde_msgs/ur_ros_rtde_msgs/action/polyscope_version.hpp
[1.310s] -- Up-to-date symlink: /home/alberto/Documents/kia_gd_ws/install/ur_ros_rtde_msgs/include/ur_ros_rtde_msgs/ur_ros_rtde_msgs/action/popup.hpp
[1.310s] -- Up-to-date symlink: /home/alberto/Documents/kia_gd_ws/install/ur_ros_rtde_msgs/include/ur_ros_rtde_msgs/ur_ros_rtde_msgs/action/power_off.hpp
[1.310s] -- Up-to-date symlink: /home/alberto/Documents/kia_gd_ws/install/ur_ros_rtde_msgs/include/ur_ros_rtde_msgs/ur_ros_rtde_msgs/action/power_on.hpp
[1.310s] -- Up-to-date symlink: /home/alberto/Documents/kia_gd_ws/install/ur_ros_rtde_msgs/include/ur_ros_rtde_msgs/ur_ros_rtde_msgs/action/program_state.hpp
[1.310s] -- Up-to-date symlink: /home/alberto/Documents/kia_gd_ws/install/ur_ros_rtde_msgs/include/ur_ros_rtde_msgs/ur_ros_rtde_msgs/action/reset_force_torque_sensor.hpp
[1.310s] -- Up-to-date symlink: /home/alberto/Documents/kia_gd_ws/install/ur_ros_rtde_msgs/include/ur_ros_rtde_msgs/ur_ros_rtde_msgs/action/restart_safety.hpp
[1.311s] -- Up-to-date symlink: /home/alberto/Documents/kia_gd_ws/install/ur_ros_rtde_msgs/include/ur_ros_rtde_msgs/ur_ros_rtde_msgs/action/robot_mode.hpp
[1.311s] -- Up-to-date symlink: /home/alberto/Documents/kia_gd_ws/install/ur_ros_rtde_msgs/include/ur_ros_rtde_msgs/ur_ros_rtde_msgs/action/running.hpp
[1.311s] -- Up-to-date symlink: /home/alberto/Documents/kia_gd_ws/install/ur_ros_rtde_msgs/include/ur_ros_rtde_msgs/ur_ros_rtde_msgs/action/safety_mode.hpp
[1.311s] -- Up-to-date symlink: /home/alberto/Documents/kia_gd_ws/install/ur_ros_rtde_msgs/include/ur_ros_rtde_msgs/ur_ros_rtde_msgs/action/safety_status.hpp
[1.311s] -- Up-to-date symlink: /home/alberto/Documents/kia_gd_ws/install/ur_ros_rtde_msgs/include/ur_ros_rtde_msgs/ur_ros_rtde_msgs/action/send_custom_script.hpp
[1.311s] -- Up-to-date symlink: /home/alberto/Documents/kia_gd_ws/install/ur_ros_rtde_msgs/include/ur_ros_rtde_msgs/ur_ros_rtde_msgs/action/set_digital_pin.hpp
[1.311s] -- Up-to-date symlink: /home/alberto/Documents/kia_gd_ws/install/ur_ros_rtde_msgs/include/ur_ros_rtde_msgs/ur_ros_rtde_msgs/action/set_freedrive.hpp
[1.312s] -- Up-to-date symlink: /home/alberto/Documents/kia_gd_ws/install/ur_ros_rtde_msgs/include/ur_ros_rtde_msgs/ur_ros_rtde_msgs/action/set_payload.hpp
[1.312s] -- Up-to-date symlink: /home/alberto/Documents/kia_gd_ws/install/ur_ros_rtde_msgs/include/ur_ros_rtde_msgs/ur_ros_rtde_msgs/action/set_speed_slider.hpp
[1.312s] -- Up-to-date symlink: /home/alberto/Documents/kia_gd_ws/install/ur_ros_rtde_msgs/include/ur_ros_rtde_msgs/ur_ros_rtde_msgs/action/shutdown.hpp
[1.312s] -- Up-to-date symlink: /home/alberto/Documents/kia_gd_ws/install/ur_ros_rtde_msgs/include/ur_ros_rtde_msgs/ur_ros_rtde_msgs/action/stop.hpp
[1.312s] -- Up-to-date symlink: /home/alberto/Documents/kia_gd_ws/install/ur_ros_rtde_msgs/include/ur_ros_rtde_msgs/ur_ros_rtde_msgs/action/unlock_protective_stop.hpp
[1.312s] -- Up-to-date symlink: /home/alberto/Documents/kia_gd_ws/install/ur_ros_rtde_msgs/include/ur_ros_rtde_msgs/ur_ros_rtde_msgs/msg/detail/io_state__builder.hpp
[1.313s] -- Up-to-date symlink: /home/alberto/Documents/kia_gd_ws/install/ur_ros_rtde_msgs/include/ur_ros_rtde_msgs/ur_ros_rtde_msgs/msg/detail/io_state__struct.hpp
[1.313s] -- Up-to-date symlink: /home/alberto/Documents/kia_gd_ws/install/ur_ros_rtde_msgs/include/ur_ros_rtde_msgs/ur_ros_rtde_msgs/msg/detail/io_state__traits.hpp
[1.313s] -- Up-to-date symlink: /home/alberto/Documents/kia_gd_ws/install/ur_ros_rtde_msgs/include/ur_ros_rtde_msgs/ur_ros_rtde_msgs/msg/detail/io_state__type_support.hpp
[1.313s] -- Up-to-date symlink: /home/alberto/Documents/kia_gd_ws/install/ur_ros_rtde_msgs/include/ur_ros_rtde_msgs/ur_ros_rtde_msgs/msg/detail/joints_configuration__builder.hpp
[1.313s] -- Up-to-date symlink: /home/alberto/Documents/kia_gd_ws/install/ur_ros_rtde_msgs/include/ur_ros_rtde_msgs/ur_ros_rtde_msgs/msg/detail/joints_configuration__struct.hpp
[1.313s] -- Up-to-date symlink: /home/alberto/Documents/kia_gd_ws/install/ur_ros_rtde_msgs/include/ur_ros_rtde_msgs/ur_ros_rtde_msgs/msg/detail/joints_configuration__traits.hpp
[1.314s] -- Up-to-date symlink: /home/alberto/Documents/kia_gd_ws/install/ur_ros_rtde_msgs/include/ur_ros_rtde_msgs/ur_ros_rtde_msgs/msg/detail/joints_configuration__type_support.hpp
[1.314s] -- Up-to-date symlink: /home/alberto/Documents/kia_gd_ws/install/ur_ros_rtde_msgs/include/ur_ros_rtde_msgs/ur_ros_rtde_msgs/msg/detail/vector__builder.hpp
[1.314s] -- Up-to-date symlink: /home/alberto/Documents/kia_gd_ws/install/ur_ros_rtde_msgs/include/ur_ros_rtde_msgs/ur_ros_rtde_msgs/msg/detail/vector__struct.hpp
[1.314s] -- Up-to-date symlink: /home/alberto/Documents/kia_gd_ws/install/ur_ros_rtde_msgs/include/ur_ros_rtde_msgs/ur_ros_rtde_msgs/msg/detail/vector__traits.hpp
[1.314s] -- Up-to-date symlink: /home/alberto/Documents/kia_gd_ws/install/ur_ros_rtde_msgs/include/ur_ros_rtde_msgs/ur_ros_rtde_msgs/msg/detail/vector__type_support.hpp
[1.314s] -- Up-to-date symlink: /home/alberto/Documents/kia_gd_ws/install/ur_ros_rtde_msgs/include/ur_ros_rtde_msgs/ur_ros_rtde_msgs/msg/io_state.hpp
[1.315s] -- Up-to-date symlink: /home/alberto/Documents/kia_gd_ws/install/ur_ros_rtde_msgs/include/ur_ros_rtde_msgs/ur_ros_rtde_msgs/msg/joints_configuration.hpp
[1.315s] -- Up-to-date symlink: /home/alberto/Documents/kia_gd_ws/install/ur_ros_rtde_msgs/include/ur_ros_rtde_msgs/ur_ros_rtde_msgs/msg/rosidl_generator_cpp__visibility_control.hpp
[1.315s] -- Up-to-date symlink: /home/alberto/Documents/kia_gd_ws/install/ur_ros_rtde_msgs/include/ur_ros_rtde_msgs/ur_ros_rtde_msgs/msg/vector.hpp
[1.315s] -- Up-to-date symlink: /home/alberto/Documents/kia_gd_ws/install/ur_ros_rtde_msgs/include/ur_ros_rtde_msgs/ur_ros_rtde_msgs/srv/detail/get_internal_state__builder.hpp
[1.315s] -- Up-to-date symlink: /home/alberto/Documents/kia_gd_ws/install/ur_ros_rtde_msgs/include/ur_ros_rtde_msgs/ur_ros_rtde_msgs/srv/detail/get_internal_state__struct.hpp
[1.316s] -- Up-to-date symlink: /home/alberto/Documents/kia_gd_ws/install/ur_ros_rtde_msgs/include/ur_ros_rtde_msgs/ur_ros_rtde_msgs/srv/detail/get_internal_state__traits.hpp
[1.316s] -- Up-to-date symlink: /home/alberto/Documents/kia_gd_ws/install/ur_ros_rtde_msgs/include/ur_ros_rtde_msgs/ur_ros_rtde_msgs/srv/detail/get_internal_state__type_support.hpp
[1.316s] -- Up-to-date symlink: /home/alberto/Documents/kia_gd_ws/install/ur_ros_rtde_msgs/include/ur_ros_rtde_msgs/ur_ros_rtde_msgs/srv/detail/get_io_state__builder.hpp
[1.316s] -- Up-to-date symlink: /home/alberto/Documents/kia_gd_ws/install/ur_ros_rtde_msgs/include/ur_ros_rtde_msgs/ur_ros_rtde_msgs/srv/detail/get_io_state__struct.hpp
[1.316s] -- Up-to-date symlink: /home/alberto/Documents/kia_gd_ws/install/ur_ros_rtde_msgs/include/ur_ros_rtde_msgs/ur_ros_rtde_msgs/srv/detail/get_io_state__traits.hpp
[1.317s] -- Up-to-date symlink: /home/alberto/Documents/kia_gd_ws/install/ur_ros_rtde_msgs/include/ur_ros_rtde_msgs/ur_ros_rtde_msgs/srv/detail/get_io_state__type_support.hpp
[1.317s] -- Up-to-date symlink: /home/alberto/Documents/kia_gd_ws/install/ur_ros_rtde_msgs/include/ur_ros_rtde_msgs/ur_ros_rtde_msgs/srv/detail/get_joint_state__builder.hpp
[1.317s] -- Up-to-date symlink: /home/alberto/Documents/kia_gd_ws/install/ur_ros_rtde_msgs/include/ur_ros_rtde_msgs/ur_ros_rtde_msgs/srv/detail/get_joint_state__struct.hpp
[1.317s] -- Up-to-date symlink: /home/alberto/Documents/kia_gd_ws/install/ur_ros_rtde_msgs/include/ur_ros_rtde_msgs/ur_ros_rtde_msgs/srv/detail/get_joint_state__traits.hpp
[1.317s] -- Up-to-date symlink: /home/alberto/Documents/kia_gd_ws/install/ur_ros_rtde_msgs/include/ur_ros_rtde_msgs/ur_ros_rtde_msgs/srv/detail/get_joint_state__type_support.hpp
[1.317s] -- Up-to-date symlink: /home/alberto/Documents/kia_gd_ws/install/ur_ros_rtde_msgs/include/ur_ros_rtde_msgs/ur_ros_rtde_msgs/srv/detail/get_tcp_pose__builder.hpp
[1.317s] -- Up-to-date symlink: /home/alberto/Documents/kia_gd_ws/install/ur_ros_rtde_msgs/include/ur_ros_rtde_msgs/ur_ros_rtde_msgs/srv/detail/get_tcp_pose__struct.hpp
[1.317s] -- Up-to-date symlink: /home/alberto/Documents/kia_gd_ws/install/ur_ros_rtde_msgs/include/ur_ros_rtde_msgs/ur_ros_rtde_msgs/srv/detail/get_tcp_pose__traits.hpp
[1.318s] -- Up-to-date symlink: /home/alberto/Documents/kia_gd_ws/install/ur_ros_rtde_msgs/include/ur_ros_rtde_msgs/ur_ros_rtde_msgs/srv/detail/get_tcp_pose__type_support.hpp
[1.318s] -- Up-to-date symlink: /home/alberto/Documents/kia_gd_ws/install/ur_ros_rtde_msgs/include/ur_ros_rtde_msgs/ur_ros_rtde_msgs/srv/detail/get_wrench__builder.hpp
[1.318s] -- Up-to-date symlink: /home/alberto/Documents/kia_gd_ws/install/ur_ros_rtde_msgs/include/ur_ros_rtde_msgs/ur_ros_rtde_msgs/srv/detail/get_wrench__struct.hpp
[1.318s] -- Up-to-date symlink: /home/alberto/Documents/kia_gd_ws/install/ur_ros_rtde_msgs/include/ur_ros_rtde_msgs/ur_ros_rtde_msgs/srv/detail/get_wrench__traits.hpp
[1.318s] -- Up-to-date symlink: /home/alberto/Documents/kia_gd_ws/install/ur_ros_rtde_msgs/include/ur_ros_rtde_msgs/ur_ros_rtde_msgs/srv/detail/get_wrench__type_support.hpp
[1.318s] -- Up-to-date symlink: /home/alberto/Documents/kia_gd_ws/install/ur_ros_rtde_msgs/include/ur_ros_rtde_msgs/ur_ros_rtde_msgs/srv/detail/start_data_recording__builder.hpp
[1.319s] -- Up-to-date symlink: /home/alberto/Documents/kia_gd_ws/install/ur_ros_rtde_msgs/include/ur_ros_rtde_msgs/ur_ros_rtde_msgs/srv/detail/start_data_recording__struct.hpp
[1.319s] -- Up-to-date symlink: /home/alberto/Documents/kia_gd_ws/install/ur_ros_rtde_msgs/include/ur_ros_rtde_msgs/ur_ros_rtde_msgs/srv/detail/start_data_recording__traits.hpp
[1.319s] -- Up-to-date symlink: /home/alberto/Documents/kia_gd_ws/install/ur_ros_rtde_msgs/include/ur_ros_rtde_msgs/ur_ros_rtde_msgs/srv/detail/start_data_recording__type_support.hpp
[1.319s] -- Up-to-date symlink: /home/alberto/Documents/kia_gd_ws/install/ur_ros_rtde_msgs/include/ur_ros_rtde_msgs/ur_ros_rtde_msgs/srv/get_internal_state.hpp
[1.319s] -- Up-to-date symlink: /home/alberto/Documents/kia_gd_ws/install/ur_ros_rtde_msgs/include/ur_ros_rtde_msgs/ur_ros_rtde_msgs/srv/get_io_state.hpp
[1.319s] -- Up-to-date symlink: /home/alberto/Documents/kia_gd_ws/install/ur_ros_rtde_msgs/include/ur_ros_rtde_msgs/ur_ros_rtde_msgs/srv/get_joint_state.hpp
[1.320s] -- Up-to-date symlink: /home/alberto/Documents/kia_gd_ws/install/ur_ros_rtde_msgs/include/ur_ros_rtde_msgs/ur_ros_rtde_msgs/srv/get_tcp_pose.hpp
[1.320s] -- Up-to-date symlink: /home/alberto/Documents/kia_gd_ws/install/ur_ros_rtde_msgs/include/ur_ros_rtde_msgs/ur_ros_rtde_msgs/srv/get_wrench.hpp
[1.320s] -- Up-to-date symlink: /home/alberto/Documents/kia_gd_ws/install/ur_ros_rtde_msgs/include/ur_ros_rtde_msgs/ur_ros_rtde_msgs/srv/start_data_recording.hpp
[1.321s] -- Up-to-date symlink: /home/alberto/Documents/kia_gd_ws/install/ur_ros_rtde_msgs/include/ur_ros_rtde_msgs/ur_ros_rtde_msgs/action/detail/add_to_log__rosidl_typesupport_fastrtps_cpp.hpp
[1.321s] -- Up-to-date symlink: /home/alberto/Documents/kia_gd_ws/install/ur_ros_rtde_msgs/include/ur_ros_rtde_msgs/ur_ros_rtde_msgs/action/detail/brake_release__rosidl_typesupport_fastrtps_cpp.hpp
[1.321s] -- Up-to-date symlink: /home/alberto/Documents/kia_gd_ws/install/ur_ros_rtde_msgs/include/ur_ros_rtde_msgs/ur_ros_rtde_msgs/action/detail/close_popup__rosidl_typesupport_fastrtps_cpp.hpp
[1.321s] -- Up-to-date symlink: /home/alberto/Documents/kia_gd_ws/install/ur_ros_rtde_msgs/include/ur_ros_rtde_msgs/ur_ros_rtde_msgs/action/detail/close_safety_popup__rosidl_typesupport_fastrtps_cpp.hpp
[1.321s] -- Up-to-date symlink: /home/alberto/Documents/kia_gd_ws/install/ur_ros_rtde_msgs/include/ur_ros_rtde_msgs/ur_ros_rtde_msgs/action/detail/execute_parametrized_trajectory__rosidl_typesupport_fastrtps_cpp.hpp
[1.321s] -- Up-to-date symlink: /home/alberto/Documents/kia_gd_ws/install/ur_ros_rtde_msgs/include/ur_ros_rtde_msgs/ur_ros_rtde_msgs/action/detail/execute_path__rosidl_typesupport_fastrtps_cpp.hpp
[1.322s] -- Up-to-date symlink: /home/alberto/Documents/kia_gd_ws/install/ur_ros_rtde_msgs/include/ur_ros_rtde_msgs/ur_ros_rtde_msgs/action/detail/execute_trajectory__rosidl_typesupport_fastrtps_cpp.hpp
[1.322s] -- Up-to-date symlink: /home/alberto/Documents/kia_gd_ws/install/ur_ros_rtde_msgs/include/ur_ros_rtde_msgs/ur_ros_rtde_msgs/action/detail/get_loaded_program__rosidl_typesupport_fastrtps_cpp.hpp
[1.322s] -- Up-to-date symlink: /home/alberto/Documents/kia_gd_ws/install/ur_ros_rtde_msgs/include/ur_ros_rtde_msgs/ur_ros_rtde_msgs/action/detail/get_robot_model__rosidl_typesupport_fastrtps_cpp.hpp
[1.322s] -- Up-to-date symlink: /home/alberto/Documents/kia_gd_ws/install/ur_ros_rtde_msgs/include/ur_ros_rtde_msgs/ur_ros_rtde_msgs/action/detail/get_serial_number__rosidl_typesupport_fastrtps_cpp.hpp
[1.322s] -- Up-to-date symlink: /home/alberto/Documents/kia_gd_ws/install/ur_ros_rtde_msgs/include/ur_ros_rtde_msgs/ur_ros_rtde_msgs/action/detail/get_string__rosidl_typesupport_fastrtps_cpp.hpp
[1.322s] -- Up-to-date symlink: /home/alberto/Documents/kia_gd_ws/install/ur_ros_rtde_msgs/include/ur_ros_rtde_msgs/ur_ros_rtde_msgs/action/detail/is_in_remote_control__rosidl_typesupport_fastrtps_cpp.hpp
[1.322s] -- Up-to-date symlink: /home/alberto/Documents/kia_gd_ws/install/ur_ros_rtde_msgs/include/ur_ros_rtde_msgs/ur_ros_rtde_msgs/action/detail/is_program_saved__rosidl_typesupport_fastrtps_cpp.hpp
[1.323s] -- Up-to-date symlink: /home/alberto/Documents/kia_gd_ws/install/ur_ros_rtde_msgs/include/ur_ros_rtde_msgs/ur_ros_rtde_msgs/action/detail/load_urp__rosidl_typesupport_fastrtps_cpp.hpp
[1.323s] -- Up-to-date symlink: /home/alberto/Documents/kia_gd_ws/install/ur_ros_rtde_msgs/include/ur_ros_rtde_msgs/ur_ros_rtde_msgs/action/detail/move_j__rosidl_typesupport_fastrtps_cpp.hpp
[1.323s] -- Up-to-date symlink: /home/alberto/Documents/kia_gd_ws/install/ur_ros_rtde_msgs/include/ur_ros_rtde_msgs/ur_ros_rtde_msgs/action/detail/move_j_relative__rosidl_typesupport_fastrtps_cpp.hpp
[1.323s] -- Up-to-date symlink: /home/alberto/Documents/kia_gd_ws/install/ur_ros_rtde_msgs/include/ur_ros_rtde_msgs/ur_ros_rtde_msgs/action/detail/move_l__rosidl_typesupport_fastrtps_cpp.hpp
[1.323s] -- Up-to-date symlink: /home/alberto/Documents/kia_gd_ws/install/ur_ros_rtde_msgs/include/ur_ros_rtde_msgs/ur_ros_rtde_msgs/action/detail/move_l_relative__rosidl_typesupport_fastrtps_cpp.hpp
[1.323s] -- Up-to-date symlink: /home/alberto/Documents/kia_gd_ws/install/ur_ros_rtde_msgs/include/ur_ros_rtde_msgs/ur_ros_rtde_msgs/action/detail/move_until_contact__rosidl_typesupport_fastrtps_cpp.hpp
[1.323s] -- Up-to-date symlink: /home/alberto/Documents/kia_gd_ws/install/ur_ros_rtde_msgs/include/ur_ros_rtde_msgs/ur_ros_rtde_msgs/action/detail/move_until_force__rosidl_typesupport_fastrtps_cpp.hpp
[1.324s] -- Up-to-date symlink: /home/alberto/Documents/kia_gd_ws/install/ur_ros_rtde_msgs/include/ur_ros_rtde_msgs/ur_ros_rtde_msgs/action/detail/move_until_torque__rosidl_typesupport_fastrtps_cpp.hpp
[1.324s] -- Up-to-date symlink: /home/alberto/Documents/kia_gd_ws/install/ur_ros_rtde_msgs/include/ur_ros_rtde_msgs/ur_ros_rtde_msgs/action/detail/pause__rosidl_typesupport_fastrtps_cpp.hpp
[1.324s] -- Up-to-date symlink: /home/alberto/Documents/kia_gd_ws/install/ur_ros_rtde_msgs/include/ur_ros_rtde_msgs/ur_ros_rtde_msgs/action/detail/play__rosidl_typesupport_fastrtps_cpp.hpp
[1.324s] -- Up-to-date symlink: /home/alberto/Documents/kia_gd_ws/install/ur_ros_rtde_msgs/include/ur_ros_rtde_msgs/ur_ros_rtde_msgs/action/detail/polyscope_version__rosidl_typesupport_fastrtps_cpp.hpp
[1.324s] -- Up-to-date symlink: /home/alberto/Documents/kia_gd_ws/install/ur_ros_rtde_msgs/include/ur_ros_rtde_msgs/ur_ros_rtde_msgs/action/detail/popup__rosidl_typesupport_fastrtps_cpp.hpp
[1.325s] -- Up-to-date symlink: /home/alberto/Documents/kia_gd_ws/install/ur_ros_rtde_msgs/include/ur_ros_rtde_msgs/ur_ros_rtde_msgs/action/detail/power_off__rosidl_typesupport_fastrtps_cpp.hpp
[1.325s] -- Up-to-date symlink: /home/alberto/Documents/kia_gd_ws/install/ur_ros_rtde_msgs/include/ur_ros_rtde_msgs/ur_ros_rtde_msgs/action/detail/power_on__rosidl_typesupport_fastrtps_cpp.hpp
[1.325s] -- Up-to-date symlink: /home/alberto/Documents/kia_gd_ws/install/ur_ros_rtde_msgs/include/ur_ros_rtde_msgs/ur_ros_rtde_msgs/action/detail/program_state__rosidl_typesupport_fastrtps_cpp.hpp
[1.325s] -- Up-to-date symlink: /home/alberto/Documents/kia_gd_ws/install/ur_ros_rtde_msgs/include/ur_ros_rtde_msgs/ur_ros_rtde_msgs/action/detail/reset_force_torque_sensor__rosidl_typesupport_fastrtps_cpp.hpp
[1.325s] -- Up-to-date symlink: /home/alberto/Documents/kia_gd_ws/install/ur_ros_rtde_msgs/include/ur_ros_rtde_msgs/ur_ros_rtde_msgs/action/detail/restart_safety__rosidl_typesupport_fastrtps_cpp.hpp
[1.325s] -- Up-to-date symlink: /home/alberto/Documents/kia_gd_ws/install/ur_ros_rtde_msgs/include/ur_ros_rtde_msgs/ur_ros_rtde_msgs/action/detail/robot_mode__rosidl_typesupport_fastrtps_cpp.hpp
[1.325s] -- Up-to-date symlink: /home/alberto/Documents/kia_gd_ws/install/ur_ros_rtde_msgs/include/ur_ros_rtde_msgs/ur_ros_rtde_msgs/action/detail/running__rosidl_typesupport_fastrtps_cpp.hpp
[1.326s] -- Up-to-date symlink: /home/alberto/Documents/kia_gd_ws/install/ur_ros_rtde_msgs/include/ur_ros_rtde_msgs/ur_ros_rtde_msgs/action/detail/safety_mode__rosidl_typesupport_fastrtps_cpp.hpp
[1.326s] -- Up-to-date symlink: /home/alberto/Documents/kia_gd_ws/install/ur_ros_rtde_msgs/include/ur_ros_rtde_msgs/ur_ros_rtde_msgs/action/detail/safety_status__rosidl_typesupport_fastrtps_cpp.hpp
[1.326s] -- Up-to-date symlink: /home/alberto/Documents/kia_gd_ws/install/ur_ros_rtde_msgs/include/ur_ros_rtde_msgs/ur_ros_rtde_msgs/action/detail/send_custom_script__rosidl_typesupport_fastrtps_cpp.hpp
[1.326s] -- Up-to-date symlink: /home/alberto/Documents/kia_gd_ws/install/ur_ros_rtde_msgs/include/ur_ros_rtde_msgs/ur_ros_rtde_msgs/action/detail/set_digital_pin__rosidl_typesupport_fastrtps_cpp.hpp
[1.326s] -- Up-to-date symlink: /home/alberto/Documents/kia_gd_ws/install/ur_ros_rtde_msgs/include/ur_ros_rtde_msgs/ur_ros_rtde_msgs/action/detail/set_freedrive__rosidl_typesupport_fastrtps_cpp.hpp
[1.326s] -- Up-to-date symlink: /home/alberto/Documents/kia_gd_ws/install/ur_ros_rtde_msgs/include/ur_ros_rtde_msgs/ur_ros_rtde_msgs/action/detail/set_payload__rosidl_typesupport_fastrtps_cpp.hpp
[1.326s] -- Up-to-date symlink: /home/alberto/Documents/kia_gd_ws/install/ur_ros_rtde_msgs/include/ur_ros_rtde_msgs/ur_ros_rtde_msgs/action/detail/set_speed_slider__rosidl_typesupport_fastrtps_cpp.hpp
[1.326s] -- Up-to-date symlink: /home/alberto/Documents/kia_gd_ws/install/ur_ros_rtde_msgs/include/ur_ros_rtde_msgs/ur_ros_rtde_msgs/action/detail/shutdown__rosidl_typesupport_fastrtps_cpp.hpp
[1.327s] -- Up-to-date symlink: /home/alberto/Documents/kia_gd_ws/install/ur_ros_rtde_msgs/include/ur_ros_rtde_msgs/ur_ros_rtde_msgs/action/detail/stop__rosidl_typesupport_fastrtps_cpp.hpp
[1.327s] -- Up-to-date symlink: /home/alberto/Documents/kia_gd_ws/install/ur_ros_rtde_msgs/include/ur_ros_rtde_msgs/ur_ros_rtde_msgs/action/detail/unlock_protective_stop__rosidl_typesupport_fastrtps_cpp.hpp
[1.327s] -- Up-to-date symlink: /home/alberto/Documents/kia_gd_ws/install/ur_ros_rtde_msgs/include/ur_ros_rtde_msgs/ur_ros_rtde_msgs/msg/detail/io_state__rosidl_typesupport_fastrtps_cpp.hpp
[1.327s] -- Up-to-date symlink: /home/alberto/Documents/kia_gd_ws/install/ur_ros_rtde_msgs/include/ur_ros_rtde_msgs/ur_ros_rtde_msgs/msg/detail/joints_configuration__rosidl_typesupport_fastrtps_cpp.hpp
[1.327s] -- Up-to-date symlink: /home/alberto/Documents/kia_gd_ws/install/ur_ros_rtde_msgs/include/ur_ros_rtde_msgs/ur_ros_rtde_msgs/msg/detail/vector__rosidl_typesupport_fastrtps_cpp.hpp
[1.327s] -- Up-to-date symlink: /home/alberto/Documents/kia_gd_ws/install/ur_ros_rtde_msgs/include/ur_ros_rtde_msgs/ur_ros_rtde_msgs/msg/rosidl_typesupport_fastrtps_cpp__visibility_control.h
[1.327s] -- Up-to-date symlink: /home/alberto/Documents/kia_gd_ws/install/ur_ros_rtde_msgs/include/ur_ros_rtde_msgs/ur_ros_rtde_msgs/srv/detail/get_internal_state__rosidl_typesupport_fastrtps_cpp.hpp
[1.327s] -- Up-to-date symlink: /home/alberto/Documents/kia_gd_ws/install/ur_ros_rtde_msgs/include/ur_ros_rtde_msgs/ur_ros_rtde_msgs/srv/detail/get_io_state__rosidl_typesupport_fastrtps_cpp.hpp
[1.327s] -- Up-to-date symlink: /home/alberto/Documents/kia_gd_ws/install/ur_ros_rtde_msgs/include/ur_ros_rtde_msgs/ur_ros_rtde_msgs/srv/detail/get_joint_state__rosidl_typesupport_fastrtps_cpp.hpp
[1.328s] -- Up-to-date symlink: /home/alberto/Documents/kia_gd_ws/install/ur_ros_rtde_msgs/include/ur_ros_rtde_msgs/ur_ros_rtde_msgs/srv/detail/get_tcp_pose__rosidl_typesupport_fastrtps_cpp.hpp
[1.328s] -- Up-to-date symlink: /home/alberto/Documents/kia_gd_ws/install/ur_ros_rtde_msgs/include/ur_ros_rtde_msgs/ur_ros_rtde_msgs/srv/detail/get_wrench__rosidl_typesupport_fastrtps_cpp.hpp
[1.328s] -- Up-to-date symlink: /home/alberto/Documents/kia_gd_ws/install/ur_ros_rtde_msgs/include/ur_ros_rtde_msgs/ur_ros_rtde_msgs/srv/detail/start_data_recording__rosidl_typesupport_fastrtps_cpp.hpp
[1.328s] -- Up-to-date symlink: /home/alberto/Documents/kia_gd_ws/install/ur_ros_rtde_msgs/include/ur_ros_rtde_msgs/ur_ros_rtde_msgs/action/detail/add_to_log__rosidl_typesupport_introspection_c.h
[1.328s] -- Up-to-date symlink: /home/alberto/Documents/kia_gd_ws/install/ur_ros_rtde_msgs/include/ur_ros_rtde_msgs/ur_ros_rtde_msgs/action/detail/brake_release__rosidl_typesupport_introspection_c.h
[1.328s] -- Up-to-date symlink: /home/alberto/Documents/kia_gd_ws/install/ur_ros_rtde_msgs/include/ur_ros_rtde_msgs/ur_ros_rtde_msgs/action/detail/close_popup__rosidl_typesupport_introspection_c.h
[1.328s] -- Up-to-date symlink: /home/alberto/Documents/kia_gd_ws/install/ur_ros_rtde_msgs/include/ur_ros_rtde_msgs/ur_ros_rtde_msgs/action/detail/close_safety_popup__rosidl_typesupport_introspection_c.h
[1.329s] -- Up-to-date symlink: /home/alberto/Documents/kia_gd_ws/install/ur_ros_rtde_msgs/include/ur_ros_rtde_msgs/ur_ros_rtde_msgs/action/detail/execute_parametrized_trajectory__rosidl_typesupport_introspection_c.h
[1.329s] -- Up-to-date symlink: /home/alberto/Documents/kia_gd_ws/install/ur_ros_rtde_msgs/include/ur_ros_rtde_msgs/ur_ros_rtde_msgs/action/detail/execute_path__rosidl_typesupport_introspection_c.h
[1.329s] -- Up-to-date symlink: /home/alberto/Documents/kia_gd_ws/install/ur_ros_rtde_msgs/include/ur_ros_rtde_msgs/ur_ros_rtde_msgs/action/detail/execute_trajectory__rosidl_typesupport_introspection_c.h
[1.329s] -- Up-to-date symlink: /home/alberto/Documents/kia_gd_ws/install/ur_ros_rtde_msgs/include/ur_ros_rtde_msgs/ur_ros_rtde_msgs/action/detail/get_loaded_program__rosidl_typesupport_introspection_c.h
[1.329s] -- Up-to-date symlink: /home/alberto/Documents/kia_gd_ws/install/ur_ros_rtde_msgs/include/ur_ros_rtde_msgs/ur_ros_rtde_msgs/action/detail/get_robot_model__rosidl_typesupport_introspection_c.h
[1.330s] -- Up-to-date symlink: /home/alberto/Documents/kia_gd_ws/install/ur_ros_rtde_msgs/include/ur_ros_rtde_msgs/ur_ros_rtde_msgs/action/detail/get_serial_number__rosidl_typesupport_introspection_c.h
[1.330s] -- Up-to-date symlink: /home/alberto/Documents/kia_gd_ws/install/ur_ros_rtde_msgs/include/ur_ros_rtde_msgs/ur_ros_rtde_msgs/action/detail/get_string__rosidl_typesupport_introspection_c.h
[1.330s] -- Up-to-date symlink: /home/alberto/Documents/kia_gd_ws/install/ur_ros_rtde_msgs/include/ur_ros_rtde_msgs/ur_ros_rtde_msgs/action/detail/is_in_remote_control__rosidl_typesupport_introspection_c.h
[1.330s] -- Up-to-date symlink: /home/alberto/Documents/kia_gd_ws/install/ur_ros_rtde_msgs/include/ur_ros_rtde_msgs/ur_ros_rtde_msgs/action/detail/is_program_saved__rosidl_typesupport_introspection_c.h
[1.330s] -- Up-to-date symlink: /home/alberto/Documents/kia_gd_ws/install/ur_ros_rtde_msgs/include/ur_ros_rtde_msgs/ur_ros_rtde_msgs/action/detail/load_urp__rosidl_typesupport_introspection_c.h
[1.331s] -- Up-to-date symlink: /home/alberto/Documents/kia_gd_ws/install/ur_ros_rtde_msgs/include/ur_ros_rtde_msgs/ur_ros_rtde_msgs/action/detail/move_j__rosidl_typesupport_introspection_c.h
[1.331s] -- Up-to-date symlink: /home/alberto/Documents/kia_gd_ws/install/ur_ros_rtde_msgs/include/ur_ros_rtde_msgs/ur_ros_rtde_msgs/action/detail/move_j_relative__rosidl_typesupport_introspection_c.h
[1.331s] -- Up-to-date symlink: /home/alberto/Documents/kia_gd_ws/install/ur_ros_rtde_msgs/include/ur_ros_rtde_msgs/ur_ros_rtde_msgs/action/detail/move_l__rosidl_typesupport_introspection_c.h
[1.331s] -- Up-to-date symlink: /home/alberto/Documents/kia_gd_ws/install/ur_ros_rtde_msgs/include/ur_ros_rtde_msgs/ur_ros_rtde_msgs/action/detail/move_l_relative__rosidl_typesupport_introspection_c.h
[1.331s] -- Up-to-date symlink: /home/alberto/Documents/kia_gd_ws/install/ur_ros_rtde_msgs/include/ur_ros_rtde_msgs/ur_ros_rtde_msgs/action/detail/move_until_contact__rosidl_typesupport_introspection_c.h
[1.331s] -- Up-to-date symlink: /home/alberto/Documents/kia_gd_ws/install/ur_ros_rtde_msgs/include/ur_ros_rtde_msgs/ur_ros_rtde_msgs/action/detail/move_until_force__rosidl_typesupport_introspection_c.h
[1.332s] -- Up-to-date symlink: /home/alberto/Documents/kia_gd_ws/install/ur_ros_rtde_msgs/include/ur_ros_rtde_msgs/ur_ros_rtde_msgs/action/detail/move_until_torque__rosidl_typesupport_introspection_c.h
[1.332s] -- Up-to-date symlink: /home/alberto/Documents/kia_gd_ws/install/ur_ros_rtde_msgs/include/ur_ros_rtde_msgs/ur_ros_rtde_msgs/action/detail/pause__rosidl_typesupport_introspection_c.h
[1.332s] -- Up-to-date symlink: /home/alberto/Documents/kia_gd_ws/install/ur_ros_rtde_msgs/include/ur_ros_rtde_msgs/ur_ros_rtde_msgs/action/detail/play__rosidl_typesupport_introspection_c.h
[1.332s] -- Up-to-date symlink: /home/alberto/Documents/kia_gd_ws/install/ur_ros_rtde_msgs/include/ur_ros_rtde_msgs/ur_ros_rtde_msgs/action/detail/polyscope_version__rosidl_typesupport_introspection_c.h
[1.332s] -- Up-to-date symlink: /home/alberto/Documents/kia_gd_ws/install/ur_ros_rtde_msgs/include/ur_ros_rtde_msgs/ur_ros_rtde_msgs/action/detail/popup__rosidl_typesupport_introspection_c.h
[1.333s] -- Up-to-date symlink: /home/alberto/Documents/kia_gd_ws/install/ur_ros_rtde_msgs/include/ur_ros_rtde_msgs/ur_ros_rtde_msgs/action/detail/power_off__rosidl_typesupport_introspection_c.h
[1.333s] -- Up-to-date symlink: /home/alberto/Documents/kia_gd_ws/install/ur_ros_rtde_msgs/include/ur_ros_rtde_msgs/ur_ros_rtde_msgs/action/detail/power_on__rosidl_typesupport_introspection_c.h
[1.333s] -- Up-to-date symlink: /home/alberto/Documents/kia_gd_ws/install/ur_ros_rtde_msgs/include/ur_ros_rtde_msgs/ur_ros_rtde_msgs/action/detail/program_state__rosidl_typesupport_introspection_c.h
[1.333s] -- Up-to-date symlink: /home/alberto/Documents/kia_gd_ws/install/ur_ros_rtde_msgs/include/ur_ros_rtde_msgs/ur_ros_rtde_msgs/action/detail/reset_force_torque_sensor__rosidl_typesupport_introspection_c.h
[1.333s] -- Up-to-date symlink: /home/alberto/Documents/kia_gd_ws/install/ur_ros_rtde_msgs/include/ur_ros_rtde_msgs/ur_ros_rtde_msgs/action/detail/restart_safety__rosidl_typesupport_introspection_c.h
[1.334s] -- Up-to-date symlink: /home/alberto/Documents/kia_gd_ws/install/ur_ros_rtde_msgs/include/ur_ros_rtde_msgs/ur_ros_rtde_msgs/action/detail/robot_mode__rosidl_typesupport_introspection_c.h
[1.334s] -- Up-to-date symlink: /home/alberto/Documents/kia_gd_ws/install/ur_ros_rtde_msgs/include/ur_ros_rtde_msgs/ur_ros_rtde_msgs/action/detail/running__rosidl_typesupport_introspection_c.h
[1.334s] -- Up-to-date symlink: /home/alberto/Documents/kia_gd_ws/install/ur_ros_rtde_msgs/include/ur_ros_rtde_msgs/ur_ros_rtde_msgs/action/detail/safety_mode__rosidl_typesupport_introspection_c.h
[1.334s] -- Up-to-date symlink: /home/alberto/Documents/kia_gd_ws/install/ur_ros_rtde_msgs/include/ur_ros_rtde_msgs/ur_ros_rtde_msgs/action/detail/safety_status__rosidl_typesupport_introspection_c.h
[1.334s] -- Up-to-date symlink: /home/alberto/Documents/kia_gd_ws/install/ur_ros_rtde_msgs/include/ur_ros_rtde_msgs/ur_ros_rtde_msgs/action/detail/send_custom_script__rosidl_typesupport_introspection_c.h
[1.334s] -- Up-to-date symlink: /home/alberto/Documents/kia_gd_ws/install/ur_ros_rtde_msgs/include/ur_ros_rtde_msgs/ur_ros_rtde_msgs/action/detail/set_digital_pin__rosidl_typesupport_introspection_c.h
[1.335s] -- Up-to-date symlink: /home/alberto/Documents/kia_gd_ws/install/ur_ros_rtde_msgs/include/ur_ros_rtde_msgs/ur_ros_rtde_msgs/action/detail/set_freedrive__rosidl_typesupport_introspection_c.h
[1.335s] -- Up-to-date symlink: /home/alberto/Documents/kia_gd_ws/install/ur_ros_rtde_msgs/include/ur_ros_rtde_msgs/ur_ros_rtde_msgs/action/detail/set_payload__rosidl_typesupport_introspection_c.h
[1.335s] -- Up-to-date symlink: /home/alberto/Documents/kia_gd_ws/install/ur_ros_rtde_msgs/include/ur_ros_rtde_msgs/ur_ros_rtde_msgs/action/detail/set_speed_slider__rosidl_typesupport_introspection_c.h
[1.335s] -- Up-to-date symlink: /home/alberto/Documents/kia_gd_ws/install/ur_ros_rtde_msgs/include/ur_ros_rtde_msgs/ur_ros_rtde_msgs/action/detail/shutdown__rosidl_typesupport_introspection_c.h
[1.335s] -- Up-to-date symlink: /home/alberto/Documents/kia_gd_ws/install/ur_ros_rtde_msgs/include/ur_ros_rtde_msgs/ur_ros_rtde_msgs/action/detail/stop__rosidl_typesupport_introspection_c.h
[1.336s] -- Up-to-date symlink: /home/alberto/Documents/kia_gd_ws/install/ur_ros_rtde_msgs/include/ur_ros_rtde_msgs/ur_ros_rtde_msgs/action/detail/unlock_protective_stop__rosidl_typesupport_introspection_c.h
[1.336s] -- Up-to-date symlink: /home/alberto/Documents/kia_gd_ws/install/ur_ros_rtde_msgs/include/ur_ros_rtde_msgs/ur_ros_rtde_msgs/msg/detail/io_state__rosidl_typesupport_introspection_c.h
[1.336s] -- Up-to-date symlink: /home/alberto/Documents/kia_gd_ws/install/ur_ros_rtde_msgs/include/ur_ros_rtde_msgs/ur_ros_rtde_msgs/msg/detail/joints_configuration__rosidl_typesupport_introspection_c.h
[1.336s] -- Up-to-date symlink: /home/alberto/Documents/kia_gd_ws/install/ur_ros_rtde_msgs/include/ur_ros_rtde_msgs/ur_ros_rtde_msgs/msg/detail/vector__rosidl_typesupport_introspection_c.h
[1.336s] -- Up-to-date symlink: /home/alberto/Documents/kia_gd_ws/install/ur_ros_rtde_msgs/include/ur_ros_rtde_msgs/ur_ros_rtde_msgs/msg/rosidl_typesupport_introspection_c__visibility_control.h
[1.336s] -- Up-to-date symlink: /home/alberto/Documents/kia_gd_ws/install/ur_ros_rtde_msgs/include/ur_ros_rtde_msgs/ur_ros_rtde_msgs/srv/detail/get_internal_state__rosidl_typesupport_introspection_c.h
[1.336s] -- Up-to-date symlink: /home/alberto/Documents/kia_gd_ws/install/ur_ros_rtde_msgs/include/ur_ros_rtde_msgs/ur_ros_rtde_msgs/srv/detail/get_io_state__rosidl_typesupport_introspection_c.h
[1.337s] -- Up-to-date symlink: /home/alberto/Documents/kia_gd_ws/install/ur_ros_rtde_msgs/include/ur_ros_rtde_msgs/ur_ros_rtde_msgs/srv/detail/get_joint_state__rosidl_typesupport_introspection_c.h
[1.337s] -- Up-to-date symlink: /home/alberto/Documents/kia_gd_ws/install/ur_ros_rtde_msgs/include/ur_ros_rtde_msgs/ur_ros_rtde_msgs/srv/detail/get_tcp_pose__rosidl_typesupport_introspection_c.h
[1.337s] -- Up-to-date symlink: /home/alberto/Documents/kia_gd_ws/install/ur_ros_rtde_msgs/include/ur_ros_rtde_msgs/ur_ros_rtde_msgs/srv/detail/get_wrench__rosidl_typesupport_introspection_c.h
[1.337s] -- Up-to-date symlink: /home/alberto/Documents/kia_gd_ws/install/ur_ros_rtde_msgs/include/ur_ros_rtde_msgs/ur_ros_rtde_msgs/srv/detail/start_data_recording__rosidl_typesupport_introspection_c.h
[1.338s] -- Up-to-date symlink: /home/alberto/Documents/kia_gd_ws/install/ur_ros_rtde_msgs/include/ur_ros_rtde_msgs/ur_ros_rtde_msgs/action/detail/add_to_log__rosidl_typesupport_introspection_cpp.hpp
[1.338s] -- Up-to-date symlink: /home/alberto/Documents/kia_gd_ws/install/ur_ros_rtde_msgs/include/ur_ros_rtde_msgs/ur_ros_rtde_msgs/action/detail/brake_release__rosidl_typesupport_introspection_cpp.hpp
[1.339s] -- Up-to-date symlink: /home/alberto/Documents/kia_gd_ws/install/ur_ros_rtde_msgs/include/ur_ros_rtde_msgs/ur_ros_rtde_msgs/action/detail/close_popup__rosidl_typesupport_introspection_cpp.hpp
[1.339s] -- Up-to-date symlink: /home/alberto/Documents/kia_gd_ws/install/ur_ros_rtde_msgs/include/ur_ros_rtde_msgs/ur_ros_rtde_msgs/action/detail/close_safety_popup__rosidl_typesupport_introspection_cpp.hpp
[1.339s] -- Up-to-date symlink: /home/alberto/Documents/kia_gd_ws/install/ur_ros_rtde_msgs/include/ur_ros_rtde_msgs/ur_ros_rtde_msgs/action/detail/execute_parametrized_trajectory__rosidl_typesupport_introspection_cpp.hpp
[1.340s] -- Up-to-date symlink: /home/alberto/Documents/kia_gd_ws/install/ur_ros_rtde_msgs/include/ur_ros_rtde_msgs/ur_ros_rtde_msgs/action/detail/execute_path__rosidl_typesupport_introspection_cpp.hpp
[1.341s] -- Up-to-date symlink: /home/alberto/Documents/kia_gd_ws/install/ur_ros_rtde_msgs/include/ur_ros_rtde_msgs/ur_ros_rtde_msgs/action/detail/execute_trajectory__rosidl_typesupport_introspection_cpp.hpp
[1.341s] -- Up-to-date symlink: /home/alberto/Documents/kia_gd_ws/install/ur_ros_rtde_msgs/include/ur_ros_rtde_msgs/ur_ros_rtde_msgs/action/detail/get_loaded_program__rosidl_typesupport_introspection_cpp.hpp
[1.342s] -- Up-to-date symlink: /home/alberto/Documents/kia_gd_ws/install/ur_ros_rtde_msgs/include/ur_ros_rtde_msgs/ur_ros_rtde_msgs/action/detail/get_robot_model__rosidl_typesupport_introspection_cpp.hpp
[1.342s] -- Up-to-date symlink: /home/alberto/Documents/kia_gd_ws/install/ur_ros_rtde_msgs/include/ur_ros_rtde_msgs/ur_ros_rtde_msgs/action/detail/get_serial_number__rosidl_typesupport_introspection_cpp.hpp
[1.343s] -- Up-to-date symlink: /home/alberto/Documents/kia_gd_ws/install/ur_ros_rtde_msgs/include/ur_ros_rtde_msgs/ur_ros_rtde_msgs/action/detail/get_string__rosidl_typesupport_introspection_cpp.hpp
[1.343s] -- Up-to-date symlink: /home/alberto/Documents/kia_gd_ws/install/ur_ros_rtde_msgs/include/ur_ros_rtde_msgs/ur_ros_rtde_msgs/action/detail/is_in_remote_control__rosidl_typesupport_introspection_cpp.hpp
[1.344s] -- Up-to-date symlink: /home/alberto/Documents/kia_gd_ws/install/ur_ros_rtde_msgs/include/ur_ros_rtde_msgs/ur_ros_rtde_msgs/action/detail/is_program_saved__rosidl_typesupport_introspection_cpp.hpp
[1.344s] -- Up-to-date symlink: /home/alberto/Documents/kia_gd_ws/install/ur_ros_rtde_msgs/include/ur_ros_rtde_msgs/ur_ros_rtde_msgs/action/detail/load_urp__rosidl_typesupport_introspection_cpp.hpp
[1.344s] -- Up-to-date symlink: /home/alberto/Documents/kia_gd_ws/install/ur_ros_rtde_msgs/include/ur_ros_rtde_msgs/ur_ros_rtde_msgs/action/detail/move_j__rosidl_typesupport_introspection_cpp.hpp
[1.345s] -- Up-to-date symlink: /home/alberto/Documents/kia_gd_ws/install/ur_ros_rtde_msgs/include/ur_ros_rtde_msgs/ur_ros_rtde_msgs/action/detail/move_j_relative__rosidl_typesupport_introspection_cpp.hpp
[1.345s] -- Up-to-date symlink: /home/alberto/Documents/kia_gd_ws/install/ur_ros_rtde_msgs/include/ur_ros_rtde_msgs/ur_ros_rtde_msgs/action/detail/move_l__rosidl_typesupport_introspection_cpp.hpp
[1.345s] -- Up-to-date symlink: /home/alberto/Documents/kia_gd_ws/install/ur_ros_rtde_msgs/include/ur_ros_rtde_msgs/ur_ros_rtde_msgs/action/detail/move_l_relative__rosidl_typesupport_introspection_cpp.hpp
[1.345s] -- Up-to-date symlink: /home/alberto/Documents/kia_gd_ws/install/ur_ros_rtde_msgs/include/ur_ros_rtde_msgs/ur_ros_rtde_msgs/action/detail/move_until_contact__rosidl_typesupport_introspection_cpp.hpp
[1.345s] -- Up-to-date symlink: /home/alberto/Documents/kia_gd_ws/install/ur_ros_rtde_msgs/include/ur_ros_rtde_msgs/ur_ros_rtde_msgs/action/detail/move_until_force__rosidl_typesupport_introspection_cpp.hpp
[1.345s] -- Up-to-date symlink: /home/alberto/Documents/kia_gd_ws/install/ur_ros_rtde_msgs/include/ur_ros_rtde_msgs/ur_ros_rtde_msgs/action/detail/move_until_torque__rosidl_typesupport_introspection_cpp.hpp
[1.346s] -- Up-to-date symlink: /home/alberto/Documents/kia_gd_ws/install/ur_ros_rtde_msgs/include/ur_ros_rtde_msgs/ur_ros_rtde_msgs/action/detail/pause__rosidl_typesupport_introspection_cpp.hpp
[1.346s] -- Up-to-date symlink: /home/alberto/Documents/kia_gd_ws/install/ur_ros_rtde_msgs/include/ur_ros_rtde_msgs/ur_ros_rtde_msgs/action/detail/play__rosidl_typesupport_introspection_cpp.hpp
[1.347s] -- Up-to-date symlink: /home/alberto/Documents/kia_gd_ws/install/ur_ros_rtde_msgs/include/ur_ros_rtde_msgs/ur_ros_rtde_msgs/action/detail/polyscope_version__rosidl_typesupport_introspection_cpp.hpp
[1.347s] -- Up-to-date symlink: /home/alberto/Documents/kia_gd_ws/install/ur_ros_rtde_msgs/include/ur_ros_rtde_msgs/ur_ros_rtde_msgs/action/detail/popup__rosidl_typesupport_introspection_cpp.hpp
[1.347s] -- Up-to-date symlink: /home/alberto/Documents/kia_gd_ws/install/ur_ros_rtde_msgs/include/ur_ros_rtde_msgs/ur_ros_rtde_msgs/action/detail/power_off__rosidl_typesupport_introspection_cpp.hpp
[1.351s] -- Up-to-date symlink: /home/alberto/Documents/kia_gd_ws/install/ur_ros_rtde_msgs/include/ur_ros_rtde_msgs/ur_ros_rtde_msgs/action/detail/power_on__rosidl_typesupport_introspection_cpp.hpp
[1.355s] -- Up-to-date symlink: /home/alberto/Documents/kia_gd_ws/install/ur_ros_rtde_msgs/include/ur_ros_rtde_msgs/ur_ros_rtde_msgs/action/detail/program_state__rosidl_typesupport_introspection_cpp.hpp
[1.357s] -- Up-to-date symlink: /home/alberto/Documents/kia_gd_ws/install/ur_ros_rtde_msgs/include/ur_ros_rtde_msgs/ur_ros_rtde_msgs/action/detail/reset_force_torque_sensor__rosidl_typesupport_introspection_cpp.hpp
[1.357s] -- Up-to-date symlink: /home/alberto/Documents/kia_gd_ws/install/ur_ros_rtde_msgs/include/ur_ros_rtde_msgs/ur_ros_rtde_msgs/action/detail/restart_safety__rosidl_typesupport_introspection_cpp.hpp
[1.358s] -- Up-to-date symlink: /home/alberto/Documents/kia_gd_ws/install/ur_ros_rtde_msgs/include/ur_ros_rtde_msgs/ur_ros_rtde_msgs/action/detail/robot_mode__rosidl_typesupport_introspection_cpp.hpp
[1.358s] -- Up-to-date symlink: /home/alberto/Documents/kia_gd_ws/install/ur_ros_rtde_msgs/include/ur_ros_rtde_msgs/ur_ros_rtde_msgs/action/detail/running__rosidl_typesupport_introspection_cpp.hpp
[1.358s] -- Up-to-date symlink: /home/alberto/Documents/kia_gd_ws/install/ur_ros_rtde_msgs/include/ur_ros_rtde_msgs/ur_ros_rtde_msgs/action/detail/safety_mode__rosidl_typesupport_introspection_cpp.hpp
[1.358s] -- Up-to-date symlink: /home/alberto/Documents/kia_gd_ws/install/ur_ros_rtde_msgs/include/ur_ros_rtde_msgs/ur_ros_rtde_msgs/action/detail/safety_status__rosidl_typesupport_introspection_cpp.hpp
[1.358s] -- Up-to-date symlink: /home/alberto/Documents/kia_gd_ws/install/ur_ros_rtde_msgs/include/ur_ros_rtde_msgs/ur_ros_rtde_msgs/action/detail/send_custom_script__rosidl_typesupport_introspection_cpp.hpp
[1.358s] -- Up-to-date symlink: /home/alberto/Documents/kia_gd_ws/install/ur_ros_rtde_msgs/include/ur_ros_rtde_msgs/ur_ros_rtde_msgs/action/detail/set_digital_pin__rosidl_typesupport_introspection_cpp.hpp
[1.358s] -- Up-to-date symlink: /home/alberto/Documents/kia_gd_ws/install/ur_ros_rtde_msgs/include/ur_ros_rtde_msgs/ur_ros_rtde_msgs/action/detail/set_freedrive__rosidl_typesupport_introspection_cpp.hpp
[1.359s] -- Up-to-date symlink: /home/alberto/Documents/kia_gd_ws/install/ur_ros_rtde_msgs/include/ur_ros_rtde_msgs/ur_ros_rtde_msgs/action/detail/set_payload__rosidl_typesupport_introspection_cpp.hpp
[1.359s] -- Up-to-date symlink: /home/alberto/Documents/kia_gd_ws/install/ur_ros_rtde_msgs/include/ur_ros_rtde_msgs/ur_ros_rtde_msgs/action/detail/set_speed_slider__rosidl_typesupport_introspection_cpp.hpp
[1.359s] -- Up-to-date symlink: /home/alberto/Documents/kia_gd_ws/install/ur_ros_rtde_msgs/include/ur_ros_rtde_msgs/ur_ros_rtde_msgs/action/detail/shutdown__rosidl_typesupport_introspection_cpp.hpp
[1.359s] -- Up-to-date symlink: /home/alberto/Documents/kia_gd_ws/install/ur_ros_rtde_msgs/include/ur_ros_rtde_msgs/ur_ros_rtde_msgs/action/detail/stop__rosidl_typesupport_introspection_cpp.hpp
[1.359s] -- Up-to-date symlink: /home/alberto/Documents/kia_gd_ws/install/ur_ros_rtde_msgs/include/ur_ros_rtde_msgs/ur_ros_rtde_msgs/action/detail/unlock_protective_stop__rosidl_typesupport_introspection_cpp.hpp
[1.359s] -- Up-to-date symlink: /home/alberto/Documents/kia_gd_ws/install/ur_ros_rtde_msgs/include/ur_ros_rtde_msgs/ur_ros_rtde_msgs/msg/detail/io_state__rosidl_typesupport_introspection_cpp.hpp
[1.359s] -- Up-to-date symlink: /home/alberto/Documents/kia_gd_ws/install/ur_ros_rtde_msgs/include/ur_ros_rtde_msgs/ur_ros_rtde_msgs/msg/detail/joints_configuration__rosidl_typesupport_introspection_cpp.hpp
[1.359s] -- Up-to-date symlink: /home/alberto/Documents/kia_gd_ws/install/ur_ros_rtde_msgs/include/ur_ros_rtde_msgs/ur_ros_rtde_msgs/msg/detail/vector__rosidl_typesupport_introspection_cpp.hpp
[1.360s] -- Up-to-date symlink: /home/alberto/Documents/kia_gd_ws/install/ur_ros_rtde_msgs/include/ur_ros_rtde_msgs/ur_ros_rtde_msgs/srv/detail/get_internal_state__rosidl_typesupport_introspection_cpp.hpp
[1.360s] -- Up-to-date symlink: /home/alberto/Documents/kia_gd_ws/install/ur_ros_rtde_msgs/include/ur_ros_rtde_msgs/ur_ros_rtde_msgs/srv/detail/get_io_state__rosidl_typesupport_introspection_cpp.hpp
[1.360s] -- Up-to-date symlink: /home/alberto/Documents/kia_gd_ws/install/ur_ros_rtde_msgs/include/ur_ros_rtde_msgs/ur_ros_rtde_msgs/srv/detail/get_joint_state__rosidl_typesupport_introspection_cpp.hpp
[1.360s] -- Up-to-date symlink: /home/alberto/Documents/kia_gd_ws/install/ur_ros_rtde_msgs/include/ur_ros_rtde_msgs/ur_ros_rtde_msgs/srv/detail/get_tcp_pose__rosidl_typesupport_introspection_cpp.hpp
[1.360s] -- Up-to-date symlink: /home/alberto/Documents/kia_gd_ws/install/ur_ros_rtde_msgs/include/ur_ros_rtde_msgs/ur_ros_rtde_msgs/srv/detail/get_wrench__rosidl_typesupport_introspection_cpp.hpp
[1.360s] -- Up-to-date symlink: /home/alberto/Documents/kia_gd_ws/install/ur_ros_rtde_msgs/include/ur_ros_rtde_msgs/ur_ros_rtde_msgs/srv/detail/start_data_recording__rosidl_typesupport_introspection_cpp.hpp
[1.360s] -- Up-to-date symlink: /home/alberto/Documents/kia_gd_ws/install/ur_ros_rtde_msgs/share/ur_ros_rtde_msgs/environment/pythonpath.sh
[1.361s] -- Up-to-date symlink: /home/alberto/Documents/kia_gd_ws/install/ur_ros_rtde_msgs/share/ur_ros_rtde_msgs/environment/pythonpath.dsv
[1.361s] -- Up-to-date symlink: /home/alberto/Documents/kia_gd_ws/install/ur_ros_rtde_msgs/local/lib/python3.10/dist-packages/ur_ros_rtde_msgs-0.0.0-py3.10.egg-info/PKG-INFO
[1.361s] -- Up-to-date symlink: /home/alberto/Documents/kia_gd_ws/install/ur_ros_rtde_msgs/local/lib/python3.10/dist-packages/ur_ros_rtde_msgs-0.0.0-py3.10.egg-info/SOURCES.txt
[1.361s] -- Up-to-date symlink: /home/alberto/Documents/kia_gd_ws/install/ur_ros_rtde_msgs/local/lib/python3.10/dist-packages/ur_ros_rtde_msgs-0.0.0-py3.10.egg-info/dependency_links.txt
[1.361s] -- Up-to-date symlink: /home/alberto/Documents/kia_gd_ws/install/ur_ros_rtde_msgs/local/lib/python3.10/dist-packages/ur_ros_rtde_msgs-0.0.0-py3.10.egg-info/top_level.txt
[1.361s] -- Up-to-date symlink: /home/alberto/Documents/kia_gd_ws/install/ur_ros_rtde_msgs/local/lib/python3.10/dist-packages/ur_ros_rtde_msgs/__init__.py
[1.362s] -- Up-to-date symlink: /home/alberto/Documents/kia_gd_ws/install/ur_ros_rtde_msgs/local/lib/python3.10/dist-packages/ur_ros_rtde_msgs/_ur_ros_rtde_msgs_s.ep.rosidl_typesupport_c.c
[1.362s] -- Up-to-date symlink: /home/alberto/Documents/kia_gd_ws/install/ur_ros_rtde_msgs/local/lib/python3.10/dist-packages/ur_ros_rtde_msgs/_ur_ros_rtde_msgs_s.ep.rosidl_typesupport_fastrtps_c.c
[1.362s] -- Up-to-date symlink: /home/alberto/Documents/kia_gd_ws/install/ur_ros_rtde_msgs/local/lib/python3.10/dist-packages/ur_ros_rtde_msgs/_ur_ros_rtde_msgs_s.ep.rosidl_typesupport_introspection_c.c
[1.363s] -- Up-to-date symlink: /home/alberto/Documents/kia_gd_ws/install/ur_ros_rtde_msgs/local/lib/python3.10/dist-packages/ur_ros_rtde_msgs/action/__init__.py
[1.363s] -- Up-to-date symlink: /home/alberto/Documents/kia_gd_ws/install/ur_ros_rtde_msgs/local/lib/python3.10/dist-packages/ur_ros_rtde_msgs/action/_add_to_log.py
[1.363s] -- Up-to-date symlink: /home/alberto/Documents/kia_gd_ws/install/ur_ros_rtde_msgs/local/lib/python3.10/dist-packages/ur_ros_rtde_msgs/action/_add_to_log_s.c
[1.363s] -- Up-to-date symlink: /home/alberto/Documents/kia_gd_ws/install/ur_ros_rtde_msgs/local/lib/python3.10/dist-packages/ur_ros_rtde_msgs/action/_brake_release.py
[1.364s] -- Up-to-date symlink: /home/alberto/Documents/kia_gd_ws/install/ur_ros_rtde_msgs/local/lib/python3.10/dist-packages/ur_ros_rtde_msgs/action/_brake_release_s.c
[1.364s] -- Up-to-date symlink: /home/alberto/Documents/kia_gd_ws/install/ur_ros_rtde_msgs/local/lib/python3.10/dist-packages/ur_ros_rtde_msgs/action/_close_popup.py
[1.364s] -- Up-to-date symlink: /home/alberto/Documents/kia_gd_ws/install/ur_ros_rtde_msgs/local/lib/python3.10/dist-packages/ur_ros_rtde_msgs/action/_close_popup_s.c
[1.365s] -- Up-to-date symlink: /home/alberto/Documents/kia_gd_ws/install/ur_ros_rtde_msgs/local/lib/python3.10/dist-packages/ur_ros_rtde_msgs/action/_close_safety_popup.py
[1.365s] -- Up-to-date symlink: /home/alberto/Documents/kia_gd_ws/install/ur_ros_rtde_msgs/local/lib/python3.10/dist-packages/ur_ros_rtde_msgs/action/_close_safety_popup_s.c
[1.365s] -- Up-to-date symlink: /home/alberto/Documents/kia_gd_ws/install/ur_ros_rtde_msgs/local/lib/python3.10/dist-packages/ur_ros_rtde_msgs/action/_execute_parametrized_trajectory.py
[1.365s] -- Up-to-date symlink: /home/alberto/Documents/kia_gd_ws/install/ur_ros_rtde_msgs/local/lib/python3.10/dist-packages/ur_ros_rtde_msgs/action/_execute_parametrized_trajectory_s.c
[1.365s] -- Up-to-date symlink: /home/alberto/Documents/kia_gd_ws/install/ur_ros_rtde_msgs/local/lib/python3.10/dist-packages/ur_ros_rtde_msgs/action/_execute_path.py
[1.366s] -- Up-to-date symlink: /home/alberto/Documents/kia_gd_ws/install/ur_ros_rtde_msgs/local/lib/python3.10/dist-packages/ur_ros_rtde_msgs/action/_execute_path_s.c
[1.366s] -- Up-to-date symlink: /home/alberto/Documents/kia_gd_ws/install/ur_ros_rtde_msgs/local/lib/python3.10/dist-packages/ur_ros_rtde_msgs/action/_execute_trajectory.py
[1.366s] -- Up-to-date symlink: /home/alberto/Documents/kia_gd_ws/install/ur_ros_rtde_msgs/local/lib/python3.10/dist-packages/ur_ros_rtde_msgs/action/_execute_trajectory_s.c
[1.366s] -- Up-to-date symlink: /home/alberto/Documents/kia_gd_ws/install/ur_ros_rtde_msgs/local/lib/python3.10/dist-packages/ur_ros_rtde_msgs/action/_get_loaded_program.py
[1.366s] -- Up-to-date symlink: /home/alberto/Documents/kia_gd_ws/install/ur_ros_rtde_msgs/local/lib/python3.10/dist-packages/ur_ros_rtde_msgs/action/_get_loaded_program_s.c
[1.366s] -- Up-to-date symlink: /home/alberto/Documents/kia_gd_ws/install/ur_ros_rtde_msgs/local/lib/python3.10/dist-packages/ur_ros_rtde_msgs/action/_get_robot_model.py
[1.366s] -- Up-to-date symlink: /home/alberto/Documents/kia_gd_ws/install/ur_ros_rtde_msgs/local/lib/python3.10/dist-packages/ur_ros_rtde_msgs/action/_get_robot_model_s.c
[1.367s] -- Up-to-date symlink: /home/alberto/Documents/kia_gd_ws/install/ur_ros_rtde_msgs/local/lib/python3.10/dist-packages/ur_ros_rtde_msgs/action/_get_serial_number.py
[1.367s] -- Up-to-date symlink: /home/alberto/Documents/kia_gd_ws/install/ur_ros_rtde_msgs/local/lib/python3.10/dist-packages/ur_ros_rtde_msgs/action/_get_serial_number_s.c
[1.367s] -- Up-to-date symlink: /home/alberto/Documents/kia_gd_ws/install/ur_ros_rtde_msgs/local/lib/python3.10/dist-packages/ur_ros_rtde_msgs/action/_get_string.py
[1.367s] -- Up-to-date symlink: /home/alberto/Documents/kia_gd_ws/install/ur_ros_rtde_msgs/local/lib/python3.10/dist-packages/ur_ros_rtde_msgs/action/_get_string_s.c
[1.367s] -- Up-to-date symlink: /home/alberto/Documents/kia_gd_ws/install/ur_ros_rtde_msgs/local/lib/python3.10/dist-packages/ur_ros_rtde_msgs/action/_is_in_remote_control.py
[1.367s] -- Up-to-date symlink: /home/alberto/Documents/kia_gd_ws/install/ur_ros_rtde_msgs/local/lib/python3.10/dist-packages/ur_ros_rtde_msgs/action/_is_in_remote_control_s.c
[1.368s] -- Up-to-date symlink: /home/alberto/Documents/kia_gd_ws/install/ur_ros_rtde_msgs/local/lib/python3.10/dist-packages/ur_ros_rtde_msgs/action/_is_program_saved.py
[1.368s] -- Up-to-date symlink: /home/alberto/Documents/kia_gd_ws/install/ur_ros_rtde_msgs/local/lib/python3.10/dist-packages/ur_ros_rtde_msgs/action/_is_program_saved_s.c
[1.368s] -- Up-to-date symlink: /home/alberto/Documents/kia_gd_ws/install/ur_ros_rtde_msgs/local/lib/python3.10/dist-packages/ur_ros_rtde_msgs/action/_load_urp.py
[1.368s] -- Up-to-date symlink: /home/alberto/Documents/kia_gd_ws/install/ur_ros_rtde_msgs/local/lib/python3.10/dist-packages/ur_ros_rtde_msgs/action/_load_urp_s.c
[1.368s] -- Up-to-date symlink: /home/alberto/Documents/kia_gd_ws/install/ur_ros_rtde_msgs/local/lib/python3.10/dist-packages/ur_ros_rtde_msgs/action/_move_j.py
[1.368s] -- Up-to-date symlink: /home/alberto/Documents/kia_gd_ws/install/ur_ros_rtde_msgs/local/lib/python3.10/dist-packages/ur_ros_rtde_msgs/action/_move_j_relative.py
[1.368s] -- Up-to-date symlink: /home/alberto/Documents/kia_gd_ws/install/ur_ros_rtde_msgs/local/lib/python3.10/dist-packages/ur_ros_rtde_msgs/action/_move_j_relative_s.c
[1.368s] -- Up-to-date symlink: /home/alberto/Documents/kia_gd_ws/install/ur_ros_rtde_msgs/local/lib/python3.10/dist-packages/ur_ros_rtde_msgs/action/_move_j_s.c
[1.369s] -- Up-to-date symlink: /home/alberto/Documents/kia_gd_ws/install/ur_ros_rtde_msgs/local/lib/python3.10/dist-packages/ur_ros_rtde_msgs/action/_move_l.py
[1.369s] -- Up-to-date symlink: /home/alberto/Documents/kia_gd_ws/install/ur_ros_rtde_msgs/local/lib/python3.10/dist-packages/ur_ros_rtde_msgs/action/_move_l_relative.py
[1.369s] -- Up-to-date symlink: /home/alberto/Documents/kia_gd_ws/install/ur_ros_rtde_msgs/local/lib/python3.10/dist-packages/ur_ros_rtde_msgs/action/_move_l_relative_s.c
[1.369s] -- Up-to-date symlink: /home/alberto/Documents/kia_gd_ws/install/ur_ros_rtde_msgs/local/lib/python3.10/dist-packages/ur_ros_rtde_msgs/action/_move_l_s.c
[1.369s] -- Up-to-date symlink: /home/alberto/Documents/kia_gd_ws/install/ur_ros_rtde_msgs/local/lib/python3.10/dist-packages/ur_ros_rtde_msgs/action/_move_until_contact.py
[1.369s] -- Up-to-date symlink: /home/alberto/Documents/kia_gd_ws/install/ur_ros_rtde_msgs/local/lib/python3.10/dist-packages/ur_ros_rtde_msgs/action/_move_until_contact_s.c
[1.369s] -- Up-to-date symlink: /home/alberto/Documents/kia_gd_ws/install/ur_ros_rtde_msgs/local/lib/python3.10/dist-packages/ur_ros_rtde_msgs/action/_move_until_force.py
[1.369s] -- Up-to-date symlink: /home/alberto/Documents/kia_gd_ws/install/ur_ros_rtde_msgs/local/lib/python3.10/dist-packages/ur_ros_rtde_msgs/action/_move_until_force_s.c
[1.370s] -- Up-to-date symlink: /home/alberto/Documents/kia_gd_ws/install/ur_ros_rtde_msgs/local/lib/python3.10/dist-packages/ur_ros_rtde_msgs/action/_move_until_torque.py
[1.370s] -- Up-to-date symlink: /home/alberto/Documents/kia_gd_ws/install/ur_ros_rtde_msgs/local/lib/python3.10/dist-packages/ur_ros_rtde_msgs/action/_move_until_torque_s.c
[1.370s] -- Up-to-date symlink: /home/alberto/Documents/kia_gd_ws/install/ur_ros_rtde_msgs/local/lib/python3.10/dist-packages/ur_ros_rtde_msgs/action/_pause.py
[1.370s] -- Up-to-date symlink: /home/alberto/Documents/kia_gd_ws/install/ur_ros_rtde_msgs/local/lib/python3.10/dist-packages/ur_ros_rtde_msgs/action/_pause_s.c
[1.370s] -- Up-to-date symlink: /home/alberto/Documents/kia_gd_ws/install/ur_ros_rtde_msgs/local/lib/python3.10/dist-packages/ur_ros_rtde_msgs/action/_play.py
[1.370s] -- Up-to-date symlink: /home/alberto/Documents/kia_gd_ws/install/ur_ros_rtde_msgs/local/lib/python3.10/dist-packages/ur_ros_rtde_msgs/action/_play_s.c
[1.370s] -- Up-to-date symlink: /home/alberto/Documents/kia_gd_ws/install/ur_ros_rtde_msgs/local/lib/python3.10/dist-packages/ur_ros_rtde_msgs/action/_polyscope_version.py
[1.371s] -- Up-to-date symlink: /home/alberto/Documents/kia_gd_ws/install/ur_ros_rtde_msgs/local/lib/python3.10/dist-packages/ur_ros_rtde_msgs/action/_polyscope_version_s.c
[1.371s] -- Up-to-date symlink: /home/alberto/Documents/kia_gd_ws/install/ur_ros_rtde_msgs/local/lib/python3.10/dist-packages/ur_ros_rtde_msgs/action/_popup.py
[1.371s] -- Up-to-date symlink: /home/alberto/Documents/kia_gd_ws/install/ur_ros_rtde_msgs/local/lib/python3.10/dist-packages/ur_ros_rtde_msgs/action/_popup_s.c
[1.371s] -- Up-to-date symlink: /home/alberto/Documents/kia_gd_ws/install/ur_ros_rtde_msgs/local/lib/python3.10/dist-packages/ur_ros_rtde_msgs/action/_power_off.py
[1.371s] -- Up-to-date symlink: /home/alberto/Documents/kia_gd_ws/install/ur_ros_rtde_msgs/local/lib/python3.10/dist-packages/ur_ros_rtde_msgs/action/_power_off_s.c
[1.371s] -- Up-to-date symlink: /home/alberto/Documents/kia_gd_ws/install/ur_ros_rtde_msgs/local/lib/python3.10/dist-packages/ur_ros_rtde_msgs/action/_power_on.py
[1.371s] -- Up-to-date symlink: /home/alberto/Documents/kia_gd_ws/install/ur_ros_rtde_msgs/local/lib/python3.10/dist-packages/ur_ros_rtde_msgs/action/_power_on_s.c
[1.372s] -- Up-to-date symlink: /home/alberto/Documents/kia_gd_ws/install/ur_ros_rtde_msgs/local/lib/python3.10/dist-packages/ur_ros_rtde_msgs/action/_program_state.py
[1.372s] -- Up-to-date symlink: /home/alberto/Documents/kia_gd_ws/install/ur_ros_rtde_msgs/local/lib/python3.10/dist-packages/ur_ros_rtde_msgs/action/_program_state_s.c
[1.372s] -- Up-to-date symlink: /home/alberto/Documents/kia_gd_ws/install/ur_ros_rtde_msgs/local/lib/python3.10/dist-packages/ur_ros_rtde_msgs/action/_reset_force_torque_sensor.py
[1.372s] -- Up-to-date symlink: /home/alberto/Documents/kia_gd_ws/install/ur_ros_rtde_msgs/local/lib/python3.10/dist-packages/ur_ros_rtde_msgs/action/_reset_force_torque_sensor_s.c
[1.372s] -- Up-to-date symlink: /home/alberto/Documents/kia_gd_ws/install/ur_ros_rtde_msgs/local/lib/python3.10/dist-packages/ur_ros_rtde_msgs/action/_restart_safety.py
[1.372s] -- Up-to-date symlink: /home/alberto/Documents/kia_gd_ws/install/ur_ros_rtde_msgs/local/lib/python3.10/dist-packages/ur_ros_rtde_msgs/action/_restart_safety_s.c
[1.372s] -- Up-to-date symlink: /home/alberto/Documents/kia_gd_ws/install/ur_ros_rtde_msgs/local/lib/python3.10/dist-packages/ur_ros_rtde_msgs/action/_robot_mode.py
[1.373s] -- Up-to-date symlink: /home/alberto/Documents/kia_gd_ws/install/ur_ros_rtde_msgs/local/lib/python3.10/dist-packages/ur_ros_rtde_msgs/action/_robot_mode_s.c
[1.373s] -- Up-to-date symlink: /home/alberto/Documents/kia_gd_ws/install/ur_ros_rtde_msgs/local/lib/python3.10/dist-packages/ur_ros_rtde_msgs/action/_running.py
[1.373s] -- Up-to-date symlink: /home/alberto/Documents/kia_gd_ws/install/ur_ros_rtde_msgs/local/lib/python3.10/dist-packages/ur_ros_rtde_msgs/action/_running_s.c
[1.373s] -- Up-to-date symlink: /home/alberto/Documents/kia_gd_ws/install/ur_ros_rtde_msgs/local/lib/python3.10/dist-packages/ur_ros_rtde_msgs/action/_safety_mode.py
[1.373s] -- Up-to-date symlink: /home/alberto/Documents/kia_gd_ws/install/ur_ros_rtde_msgs/local/lib/python3.10/dist-packages/ur_ros_rtde_msgs/action/_safety_mode_s.c
[1.373s] -- Up-to-date symlink: /home/alberto/Documents/kia_gd_ws/install/ur_ros_rtde_msgs/local/lib/python3.10/dist-packages/ur_ros_rtde_msgs/action/_safety_status.py
[1.373s] -- Up-to-date symlink: /home/alberto/Documents/kia_gd_ws/install/ur_ros_rtde_msgs/local/lib/python3.10/dist-packages/ur_ros_rtde_msgs/action/_safety_status_s.c
[1.373s] -- Up-to-date symlink: /home/alberto/Documents/kia_gd_ws/install/ur_ros_rtde_msgs/local/lib/python3.10/dist-packages/ur_ros_rtde_msgs/action/_send_custom_script.py
[1.373s] -- Up-to-date symlink: /home/alberto/Documents/kia_gd_ws/install/ur_ros_rtde_msgs/local/lib/python3.10/dist-packages/ur_ros_rtde_msgs/action/_send_custom_script_s.c
[1.374s] -- Up-to-date symlink: /home/alberto/Documents/kia_gd_ws/install/ur_ros_rtde_msgs/local/lib/python3.10/dist-packages/ur_ros_rtde_msgs/action/_set_digital_pin.py
[1.374s] -- Up-to-date symlink: /home/alberto/Documents/kia_gd_ws/install/ur_ros_rtde_msgs/local/lib/python3.10/dist-packages/ur_ros_rtde_msgs/action/_set_digital_pin_s.c
[1.374s] -- Up-to-date symlink: /home/alberto/Documents/kia_gd_ws/install/ur_ros_rtde_msgs/local/lib/python3.10/dist-packages/ur_ros_rtde_msgs/action/_set_freedrive.py
[1.374s] -- Up-to-date symlink: /home/alberto/Documents/kia_gd_ws/install/ur_ros_rtde_msgs/local/lib/python3.10/dist-packages/ur_ros_rtde_msgs/action/_set_freedrive_s.c
[1.375s] -- Up-to-date symlink: /home/alberto/Documents/kia_gd_ws/install/ur_ros_rtde_msgs/local/lib/python3.10/dist-packages/ur_ros_rtde_msgs/action/_set_payload.py
[1.375s] -- Up-to-date symlink: /home/alberto/Documents/kia_gd_ws/install/ur_ros_rtde_msgs/local/lib/python3.10/dist-packages/ur_ros_rtde_msgs/action/_set_payload_s.c
[1.375s] -- Up-to-date symlink: /home/alberto/Documents/kia_gd_ws/install/ur_ros_rtde_msgs/local/lib/python3.10/dist-packages/ur_ros_rtde_msgs/action/_set_speed_slider.py
[1.376s] -- Up-to-date symlink: /home/alberto/Documents/kia_gd_ws/install/ur_ros_rtde_msgs/local/lib/python3.10/dist-packages/ur_ros_rtde_msgs/action/_set_speed_slider_s.c
[1.376s] -- Up-to-date symlink: /home/alberto/Documents/kia_gd_ws/install/ur_ros_rtde_msgs/local/lib/python3.10/dist-packages/ur_ros_rtde_msgs/action/_shutdown.py
[1.376s] -- Up-to-date symlink: /home/alberto/Documents/kia_gd_ws/install/ur_ros_rtde_msgs/local/lib/python3.10/dist-packages/ur_ros_rtde_msgs/action/_shutdown_s.c
[1.376s] -- Up-to-date symlink: /home/alberto/Documents/kia_gd_ws/install/ur_ros_rtde_msgs/local/lib/python3.10/dist-packages/ur_ros_rtde_msgs/action/_stop.py
[1.376s] -- Up-to-date symlink: /home/alberto/Documents/kia_gd_ws/install/ur_ros_rtde_msgs/local/lib/python3.10/dist-packages/ur_ros_rtde_msgs/action/_stop_s.c
[1.377s] -- Up-to-date symlink: /home/alberto/Documents/kia_gd_ws/install/ur_ros_rtde_msgs/local/lib/python3.10/dist-packages/ur_ros_rtde_msgs/action/_unlock_protective_stop.py
[1.377s] -- Up-to-date symlink: /home/alberto/Documents/kia_gd_ws/install/ur_ros_rtde_msgs/local/lib/python3.10/dist-packages/ur_ros_rtde_msgs/action/_unlock_protective_stop_s.c
[1.377s] -- Up-to-date symlink: /home/alberto/Documents/kia_gd_ws/install/ur_ros_rtde_msgs/local/lib/python3.10/dist-packages/ur_ros_rtde_msgs/libur_ros_rtde_msgs__rosidl_generator_py.so
[1.377s] -- Up-to-date symlink: /home/alberto/Documents/kia_gd_ws/install/ur_ros_rtde_msgs/local/lib/python3.10/dist-packages/ur_ros_rtde_msgs/msg/__init__.py
[1.377s] -- Up-to-date symlink: /home/alberto/Documents/kia_gd_ws/install/ur_ros_rtde_msgs/local/lib/python3.10/dist-packages/ur_ros_rtde_msgs/msg/_io_state.py
[1.377s] -- Up-to-date symlink: /home/alberto/Documents/kia_gd_ws/install/ur_ros_rtde_msgs/local/lib/python3.10/dist-packages/ur_ros_rtde_msgs/msg/_io_state_s.c
[1.377s] -- Up-to-date symlink: /home/alberto/Documents/kia_gd_ws/install/ur_ros_rtde_msgs/local/lib/python3.10/dist-packages/ur_ros_rtde_msgs/msg/_joints_configuration.py
[1.377s] -- Up-to-date symlink: /home/alberto/Documents/kia_gd_ws/install/ur_ros_rtde_msgs/local/lib/python3.10/dist-packages/ur_ros_rtde_msgs/msg/_joints_configuration_s.c
[1.377s] -- Up-to-date symlink: /home/alberto/Documents/kia_gd_ws/install/ur_ros_rtde_msgs/local/lib/python3.10/dist-packages/ur_ros_rtde_msgs/msg/_vector.py
[1.378s] -- Up-to-date symlink: /home/alberto/Documents/kia_gd_ws/install/ur_ros_rtde_msgs/local/lib/python3.10/dist-packages/ur_ros_rtde_msgs/msg/_vector_s.c
[1.378s] -- Up-to-date symlink: /home/alberto/Documents/kia_gd_ws/install/ur_ros_rtde_msgs/local/lib/python3.10/dist-packages/ur_ros_rtde_msgs/srv/__init__.py
[1.378s] -- Up-to-date symlink: /home/alberto/Documents/kia_gd_ws/install/ur_ros_rtde_msgs/local/lib/python3.10/dist-packages/ur_ros_rtde_msgs/srv/_get_internal_state.py
[1.378s] -- Up-to-date symlink: /home/alberto/Documents/kia_gd_ws/install/ur_ros_rtde_msgs/local/lib/python3.10/dist-packages/ur_ros_rtde_msgs/srv/_get_internal_state_s.c
[1.378s] -- Up-to-date symlink: /home/alberto/Documents/kia_gd_ws/install/ur_ros_rtde_msgs/local/lib/python3.10/dist-packages/ur_ros_rtde_msgs/srv/_get_io_state.py
[1.378s] -- Up-to-date symlink: /home/alberto/Documents/kia_gd_ws/install/ur_ros_rtde_msgs/local/lib/python3.10/dist-packages/ur_ros_rtde_msgs/srv/_get_io_state_s.c
[1.378s] -- Up-to-date symlink: /home/alberto/Documents/kia_gd_ws/install/ur_ros_rtde_msgs/local/lib/python3.10/dist-packages/ur_ros_rtde_msgs/srv/_get_joint_state.py
[1.379s] -- Up-to-date symlink: /home/alberto/Documents/kia_gd_ws/install/ur_ros_rtde_msgs/local/lib/python3.10/dist-packages/ur_ros_rtde_msgs/srv/_get_joint_state_s.c
[1.379s] -- Up-to-date symlink: /home/alberto/Documents/kia_gd_ws/install/ur_ros_rtde_msgs/local/lib/python3.10/dist-packages/ur_ros_rtde_msgs/srv/_get_tcp_pose.py
[1.379s] -- Up-to-date symlink: /home/alberto/Documents/kia_gd_ws/install/ur_ros_rtde_msgs/local/lib/python3.10/dist-packages/ur_ros_rtde_msgs/srv/_get_tcp_pose_s.c
[1.379s] -- Up-to-date symlink: /home/alberto/Documents/kia_gd_ws/install/ur_ros_rtde_msgs/local/lib/python3.10/dist-packages/ur_ros_rtde_msgs/srv/_get_wrench.py
[1.379s] -- Up-to-date symlink: /home/alberto/Documents/kia_gd_ws/install/ur_ros_rtde_msgs/local/lib/python3.10/dist-packages/ur_ros_rtde_msgs/srv/_get_wrench_s.c
[1.379s] -- Up-to-date symlink: /home/alberto/Documents/kia_gd_ws/install/ur_ros_rtde_msgs/local/lib/python3.10/dist-packages/ur_ros_rtde_msgs/srv/_start_data_recording.py
[1.379s] -- Up-to-date symlink: /home/alberto/Documents/kia_gd_ws/install/ur_ros_rtde_msgs/local/lib/python3.10/dist-packages/ur_ros_rtde_msgs/srv/_start_data_recording_s.c
[1.379s] -- Up-to-date symlink: /home/alberto/Documents/kia_gd_ws/install/ur_ros_rtde_msgs/local/lib/python3.10/dist-packages/ur_ros_rtde_msgs/ur_ros_rtde_msgs_s__rosidl_typesupport_c.cpython-310-x86_64-linux-gnu.so
[1.380s] -- Up-to-date symlink: /home/alberto/Documents/kia_gd_ws/install/ur_ros_rtde_msgs/local/lib/python3.10/dist-packages/ur_ros_rtde_msgs/ur_ros_rtde_msgs_s__rosidl_typesupport_fastrtps_c.cpython-310-x86_64-linux-gnu.so
[1.380s] -- Up-to-date symlink: /home/alberto/Documents/kia_gd_ws/install/ur_ros_rtde_msgs/local/lib/python3.10/dist-packages/ur_ros_rtde_msgs/ur_ros_rtde_msgs_s__rosidl_typesupport_introspection_c.cpython-310-x86_64-linux-gnu.so
[1.380s] -- Up-to-date symlink: /home/alberto/Documents/kia_gd_ws/install/ur_ros_rtde_msgs/local/lib/python3.10/dist-packages/ur_ros_rtde_msgs/ur_ros_rtde_msgs_s__rosidl_typesupport_fastrtps_c.cpython-310-x86_64-linux-gnu.so
[1.380s] -- Up-to-date symlink: /home/alberto/Documents/kia_gd_ws/install/ur_ros_rtde_msgs/local/lib/python3.10/dist-packages/ur_ros_rtde_msgs/ur_ros_rtde_msgs_s__rosidl_typesupport_introspection_c.cpython-310-x86_64-linux-gnu.so
[1.381s] -- Up-to-date symlink: /home/alberto/Documents/kia_gd_ws/install/ur_ros_rtde_msgs/local/lib/python3.10/dist-packages/ur_ros_rtde_msgs/ur_ros_rtde_msgs_s__rosidl_typesupport_c.cpython-310-x86_64-linux-gnu.so
[1.381s] -- Up-to-date symlink: /home/alberto/Documents/kia_gd_ws/install/ur_ros_rtde_msgs/share/ur_ros_rtde_msgs/action/AddToLog.idl
[1.381s] -- Up-to-date symlink: /home/alberto/Documents/kia_gd_ws/install/ur_ros_rtde_msgs/share/ur_ros_rtde_msgs/action/BrakeRelease.idl
[1.381s] -- Up-to-date symlink: /home/alberto/Documents/kia_gd_ws/install/ur_ros_rtde_msgs/share/ur_ros_rtde_msgs/action/ClosePopup.idl
[1.381s] -- Up-to-date symlink: /home/alberto/Documents/kia_gd_ws/install/ur_ros_rtde_msgs/share/ur_ros_rtde_msgs/action/CloseSafetyPopup.idl
[1.381s] -- Up-to-date symlink: /home/alberto/Documents/kia_gd_ws/install/ur_ros_rtde_msgs/share/ur_ros_rtde_msgs/action/ExecuteParametrizedTrajectory.idl
[1.381s] -- Up-to-date symlink: /home/alberto/Documents/kia_gd_ws/install/ur_ros_rtde_msgs/share/ur_ros_rtde_msgs/action/ExecutePath.idl
[1.382s] -- Up-to-date symlink: /home/alberto/Documents/kia_gd_ws/install/ur_ros_rtde_msgs/share/ur_ros_rtde_msgs/action/ExecuteTrajectory.idl
[1.382s] -- Up-to-date symlink: /home/alberto/Documents/kia_gd_ws/install/ur_ros_rtde_msgs/share/ur_ros_rtde_msgs/action/GetLoadedProgram.idl
[1.382s] -- Up-to-date symlink: /home/alberto/Documents/kia_gd_ws/install/ur_ros_rtde_msgs/share/ur_ros_rtde_msgs/action/GetRobotModel.idl
[1.382s] -- Up-to-date symlink: /home/alberto/Documents/kia_gd_ws/install/ur_ros_rtde_msgs/share/ur_ros_rtde_msgs/action/GetSerialNumber.idl
[1.382s] -- Up-to-date symlink: /home/alberto/Documents/kia_gd_ws/install/ur_ros_rtde_msgs/share/ur_ros_rtde_msgs/action/GetString.idl
[1.383s] -- Up-to-date symlink: /home/alberto/Documents/kia_gd_ws/install/ur_ros_rtde_msgs/share/ur_ros_rtde_msgs/action/IsInRemoteControl.idl
[1.383s] -- Up-to-date symlink: /home/alberto/Documents/kia_gd_ws/install/ur_ros_rtde_msgs/share/ur_ros_rtde_msgs/action/IsProgramSaved.idl
[1.383s] -- Up-to-date symlink: /home/alberto/Documents/kia_gd_ws/install/ur_ros_rtde_msgs/share/ur_ros_rtde_msgs/action/LoadUrp.idl
[1.383s] -- Up-to-date symlink: /home/alberto/Documents/kia_gd_ws/install/ur_ros_rtde_msgs/share/ur_ros_rtde_msgs/action/MoveJ.idl
[1.383s] -- Up-to-date symlink: /home/alberto/Documents/kia_gd_ws/install/ur_ros_rtde_msgs/share/ur_ros_rtde_msgs/action/MoveJRelative.idl
[1.383s] -- Up-to-date symlink: /home/alberto/Documents/kia_gd_ws/install/ur_ros_rtde_msgs/share/ur_ros_rtde_msgs/action/MoveL.idl
[1.384s] -- Up-to-date symlink: /home/alberto/Documents/kia_gd_ws/install/ur_ros_rtde_msgs/share/ur_ros_rtde_msgs/action/MoveLRelative.idl
[1.384s] -- Up-to-date symlink: /home/alberto/Documents/kia_gd_ws/install/ur_ros_rtde_msgs/share/ur_ros_rtde_msgs/action/MoveUntilContact.idl
[1.384s] -- Up-to-date symlink: /home/alberto/Documents/kia_gd_ws/install/ur_ros_rtde_msgs/share/ur_ros_rtde_msgs/action/MoveUntilForce.idl
[1.384s] -- Up-to-date symlink: /home/alberto/Documents/kia_gd_ws/install/ur_ros_rtde_msgs/share/ur_ros_rtde_msgs/action/MoveUntilTorque.idl
[1.384s] -- Up-to-date symlink: /home/alberto/Documents/kia_gd_ws/install/ur_ros_rtde_msgs/share/ur_ros_rtde_msgs/action/Pause.idl
[1.384s] -- Up-to-date symlink: /home/alberto/Documents/kia_gd_ws/install/ur_ros_rtde_msgs/share/ur_ros_rtde_msgs/action/Play.idl
[1.384s] -- Up-to-date symlink: /home/alberto/Documents/kia_gd_ws/install/ur_ros_rtde_msgs/share/ur_ros_rtde_msgs/action/PolyscopeVersion.idl
[1.384s] -- Up-to-date symlink: /home/alberto/Documents/kia_gd_ws/install/ur_ros_rtde_msgs/share/ur_ros_rtde_msgs/action/Popup.idl
[1.385s] -- Up-to-date symlink: /home/alberto/Documents/kia_gd_ws/install/ur_ros_rtde_msgs/share/ur_ros_rtde_msgs/action/PowerOff.idl
[1.385s] -- Up-to-date symlink: /home/alberto/Documents/kia_gd_ws/install/ur_ros_rtde_msgs/share/ur_ros_rtde_msgs/action/PowerOn.idl
[1.385s] -- Up-to-date symlink: /home/alberto/Documents/kia_gd_ws/install/ur_ros_rtde_msgs/share/ur_ros_rtde_msgs/action/ProgramState.idl
[1.385s] -- Up-to-date symlink: /home/alberto/Documents/kia_gd_ws/install/ur_ros_rtde_msgs/share/ur_ros_rtde_msgs/action/ResetForceTorqueSensor.idl
[1.385s] -- Up-to-date symlink: /home/alberto/Documents/kia_gd_ws/install/ur_ros_rtde_msgs/share/ur_ros_rtde_msgs/action/RestartSafety.idl
[1.385s] -- Up-to-date symlink: /home/alberto/Documents/kia_gd_ws/install/ur_ros_rtde_msgs/share/ur_ros_rtde_msgs/action/RobotMode.idl
[1.385s] -- Up-to-date symlink: /home/alberto/Documents/kia_gd_ws/install/ur_ros_rtde_msgs/share/ur_ros_rtde_msgs/action/Running.idl
[1.385s] -- Up-to-date symlink: /home/alberto/Documents/kia_gd_ws/install/ur_ros_rtde_msgs/share/ur_ros_rtde_msgs/action/SafetyMode.idl
[1.385s] -- Up-to-date symlink: /home/alberto/Documents/kia_gd_ws/install/ur_ros_rtde_msgs/share/ur_ros_rtde_msgs/action/SafetyStatus.idl
[1.386s] -- Up-to-date symlink: /home/alberto/Documents/kia_gd_ws/install/ur_ros_rtde_msgs/share/ur_ros_rtde_msgs/action/SendCustomScript.idl
[1.386s] -- Up-to-date symlink: /home/alberto/Documents/kia_gd_ws/install/ur_ros_rtde_msgs/share/ur_ros_rtde_msgs/action/SetDigitalPin.idl
[1.386s] -- Up-to-date symlink: /home/alberto/Documents/kia_gd_ws/install/ur_ros_rtde_msgs/share/ur_ros_rtde_msgs/action/SetFreedrive.idl
[1.386s] -- Up-to-date symlink: /home/alberto/Documents/kia_gd_ws/install/ur_ros_rtde_msgs/share/ur_ros_rtde_msgs/action/SetPayload.idl
[1.386s] -- Up-to-date symlink: /home/alberto/Documents/kia_gd_ws/install/ur_ros_rtde_msgs/share/ur_ros_rtde_msgs/action/SetSpeedSlider.idl
[1.386s] -- Up-to-date symlink: /home/alberto/Documents/kia_gd_ws/install/ur_ros_rtde_msgs/share/ur_ros_rtde_msgs/action/Shutdown.idl
[1.386s] -- Up-to-date symlink: /home/alberto/Documents/kia_gd_ws/install/ur_ros_rtde_msgs/share/ur_ros_rtde_msgs/action/Stop.idl
[1.386s] -- Up-to-date symlink: /home/alberto/Documents/kia_gd_ws/install/ur_ros_rtde_msgs/share/ur_ros_rtde_msgs/action/UnlockProtectiveStop.idl
[1.386s] -- Up-to-date symlink: /home/alberto/Documents/kia_gd_ws/install/ur_ros_rtde_msgs/share/ur_ros_rtde_msgs/msg/IOState.idl
[1.386s] -- Up-to-date symlink: /home/alberto/Documents/kia_gd_ws/install/ur_ros_rtde_msgs/share/ur_ros_rtde_msgs/msg/JointsConfiguration.idl
[1.387s] -- Up-to-date symlink: /home/alberto/Documents/kia_gd_ws/install/ur_ros_rtde_msgs/share/ur_ros_rtde_msgs/msg/Vector.idl
[1.387s] -- Up-to-date symlink: /home/alberto/Documents/kia_gd_ws/install/ur_ros_rtde_msgs/share/ur_ros_rtde_msgs/srv/GetIOState.idl
[1.387s] -- Up-to-date symlink: /home/alberto/Documents/kia_gd_ws/install/ur_ros_rtde_msgs/share/ur_ros_rtde_msgs/srv/GetInternalState.idl
[1.387s] -- Up-to-date symlink: /home/alberto/Documents/kia_gd_ws/install/ur_ros_rtde_msgs/share/ur_ros_rtde_msgs/srv/GetJointState.idl
[1.387s] -- Up-to-date symlink: /home/alberto/Documents/kia_gd_ws/install/ur_ros_rtde_msgs/share/ur_ros_rtde_msgs/srv/GetTcpPose.idl
[1.387s] -- Up-to-date symlink: /home/alberto/Documents/kia_gd_ws/install/ur_ros_rtde_msgs/share/ur_ros_rtde_msgs/srv/GetWrench.idl
[1.387s] -- Up-to-date symlink: /home/alberto/Documents/kia_gd_ws/install/ur_ros_rtde_msgs/share/ur_ros_rtde_msgs/srv/StartDataRecording.idl
[1.387s] -- Up-to-date symlink: /home/alberto/Documents/kia_gd_ws/install/ur_ros_rtde_msgs/share/ur_ros_rtde_msgs/action/AddToLog.action
[1.387s] -- Up-to-date symlink: /home/alberto/Documents/kia_gd_ws/install/ur_ros_rtde_msgs/share/ur_ros_rtde_msgs/action/BrakeRelease.action
[1.388s] -- Up-to-date symlink: /home/alberto/Documents/kia_gd_ws/install/ur_ros_rtde_msgs/share/ur_ros_rtde_msgs/action/ClosePopup.action
[1.388s] -- Up-to-date symlink: /home/alberto/Documents/kia_gd_ws/install/ur_ros_rtde_msgs/share/ur_ros_rtde_msgs/action/CloseSafetyPopup.action
[1.388s] -- Up-to-date symlink: /home/alberto/Documents/kia_gd_ws/install/ur_ros_rtde_msgs/share/ur_ros_rtde_msgs/action/ExecuteParametrizedTrajectory.action
[1.388s] -- Up-to-date symlink: /home/alberto/Documents/kia_gd_ws/install/ur_ros_rtde_msgs/share/ur_ros_rtde_msgs/action/ExecutePath.action
[1.388s] -- Up-to-date symlink: /home/alberto/Documents/kia_gd_ws/install/ur_ros_rtde_msgs/share/ur_ros_rtde_msgs/action/ExecuteTrajectory.action
[1.388s] -- Up-to-date symlink: /home/alberto/Documents/kia_gd_ws/install/ur_ros_rtde_msgs/share/ur_ros_rtde_msgs/action/GetLoadedProgram.action
[1.388s] -- Up-to-date symlink: /home/alberto/Documents/kia_gd_ws/install/ur_ros_rtde_msgs/share/ur_ros_rtde_msgs/action/GetRobotModel.action
[1.388s] -- Up-to-date symlink: /home/alberto/Documents/kia_gd_ws/install/ur_ros_rtde_msgs/share/ur_ros_rtde_msgs/action/GetSerialNumber.action
[1.388s] -- Up-to-date symlink: /home/alberto/Documents/kia_gd_ws/install/ur_ros_rtde_msgs/share/ur_ros_rtde_msgs/action/GetString.action
[1.388s] -- Up-to-date symlink: /home/alberto/Documents/kia_gd_ws/install/ur_ros_rtde_msgs/share/ur_ros_rtde_msgs/action/IsInRemoteControl.action
[1.389s] -- Up-to-date symlink: /home/alberto/Documents/kia_gd_ws/install/ur_ros_rtde_msgs/share/ur_ros_rtde_msgs/action/IsProgramSaved.action
[1.389s] -- Up-to-date symlink: /home/alberto/Documents/kia_gd_ws/install/ur_ros_rtde_msgs/share/ur_ros_rtde_msgs/action/LoadUrp.action
[1.389s] -- Up-to-date symlink: /home/alberto/Documents/kia_gd_ws/install/ur_ros_rtde_msgs/share/ur_ros_rtde_msgs/action/MoveJ.action
[1.389s] -- Up-to-date symlink: /home/alberto/Documents/kia_gd_ws/install/ur_ros_rtde_msgs/share/ur_ros_rtde_msgs/action/MoveJRelative.action
[1.389s] -- Up-to-date symlink: /home/alberto/Documents/kia_gd_ws/install/ur_ros_rtde_msgs/share/ur_ros_rtde_msgs/action/MoveL.action
[1.389s] -- Up-to-date symlink: /home/alberto/Documents/kia_gd_ws/install/ur_ros_rtde_msgs/share/ur_ros_rtde_msgs/action/MoveLRelative.action
[1.389s] -- Up-to-date symlink: /home/alberto/Documents/kia_gd_ws/install/ur_ros_rtde_msgs/share/ur_ros_rtde_msgs/action/MoveUntilContact.action
[1.389s] -- Up-to-date symlink: /home/alberto/Documents/kia_gd_ws/install/ur_ros_rtde_msgs/share/ur_ros_rtde_msgs/action/MoveUntilForce.action
[1.389s] -- Up-to-date symlink: /home/alberto/Documents/kia_gd_ws/install/ur_ros_rtde_msgs/share/ur_ros_rtde_msgs/action/MoveUntilTorque.action
[1.389s] -- Up-to-date symlink: /home/alberto/Documents/kia_gd_ws/install/ur_ros_rtde_msgs/share/ur_ros_rtde_msgs/action/Pause.action
[1.390s] -- Up-to-date symlink: /home/alberto/Documents/kia_gd_ws/install/ur_ros_rtde_msgs/share/ur_ros_rtde_msgs/action/Play.action
[1.390s] -- Up-to-date symlink: /home/alberto/Documents/kia_gd_ws/install/ur_ros_rtde_msgs/share/ur_ros_rtde_msgs/action/PolyscopeVersion.action
[1.390s] -- Up-to-date symlink: /home/alberto/Documents/kia_gd_ws/install/ur_ros_rtde_msgs/share/ur_ros_rtde_msgs/action/Popup.action
[1.390s] -- Up-to-date symlink: /home/alberto/Documents/kia_gd_ws/install/ur_ros_rtde_msgs/share/ur_ros_rtde_msgs/action/PowerOff.action
[1.390s] -- Up-to-date symlink: /home/alberto/Documents/kia_gd_ws/install/ur_ros_rtde_msgs/share/ur_ros_rtde_msgs/action/PowerOn.action
[1.390s] -- Up-to-date symlink: /home/alberto/Documents/kia_gd_ws/install/ur_ros_rtde_msgs/share/ur_ros_rtde_msgs/action/ProgramState.action
[1.390s] -- Up-to-date symlink: /home/alberto/Documents/kia_gd_ws/install/ur_ros_rtde_msgs/share/ur_ros_rtde_msgs/action/ResetForceTorqueSensor.action
[1.390s] -- Up-to-date symlink: /home/alberto/Documents/kia_gd_ws/install/ur_ros_rtde_msgs/share/ur_ros_rtde_msgs/action/RestartSafety.action
[1.390s] -- Up-to-date symlink: /home/alberto/Documents/kia_gd_ws/install/ur_ros_rtde_msgs/share/ur_ros_rtde_msgs/action/RobotMode.action
[1.390s] -- Up-to-date symlink: /home/alberto/Documents/kia_gd_ws/install/ur_ros_rtde_msgs/share/ur_ros_rtde_msgs/action/Running.action
[1.391s] -- Up-to-date symlink: /home/alberto/Documents/kia_gd_ws/install/ur_ros_rtde_msgs/share/ur_ros_rtde_msgs/action/SafetyMode.action
[1.391s] -- Up-to-date symlink: /home/alberto/Documents/kia_gd_ws/install/ur_ros_rtde_msgs/share/ur_ros_rtde_msgs/action/SafetyStatus.action
[1.391s] -- Up-to-date symlink: /home/alberto/Documents/kia_gd_ws/install/ur_ros_rtde_msgs/share/ur_ros_rtde_msgs/action/SendCustomScript.action
[1.391s] -- Up-to-date symlink: /home/alberto/Documents/kia_gd_ws/install/ur_ros_rtde_msgs/share/ur_ros_rtde_msgs/action/SetDigitalPin.action
[1.391s] -- Up-to-date symlink: /home/alberto/Documents/kia_gd_ws/install/ur_ros_rtde_msgs/share/ur_ros_rtde_msgs/action/SetFreedrive.action
[1.391s] -- Up-to-date symlink: /home/alberto/Documents/kia_gd_ws/install/ur_ros_rtde_msgs/share/ur_ros_rtde_msgs/action/SetPayload.action
[1.391s] -- Up-to-date symlink: /home/alberto/Documents/kia_gd_ws/install/ur_ros_rtde_msgs/share/ur_ros_rtde_msgs/action/SetSpeedSlider.action
[1.391s] -- Up-to-date symlink: /home/alberto/Documents/kia_gd_ws/install/ur_ros_rtde_msgs/share/ur_ros_rtde_msgs/action/Shutdown.action
[1.391s] -- Up-to-date symlink: /home/alberto/Documents/kia_gd_ws/install/ur_ros_rtde_msgs/share/ur_ros_rtde_msgs/action/Stop.action
[1.391s] -- Up-to-date symlink: /home/alberto/Documents/kia_gd_ws/install/ur_ros_rtde_msgs/share/ur_ros_rtde_msgs/action/UnlockProtectiveStop.action
[1.392s] -- Up-to-date symlink: /home/alberto/Documents/kia_gd_ws/install/ur_ros_rtde_msgs/share/ur_ros_rtde_msgs/msg/IOState.msg
[1.392s] -- Up-to-date symlink: /home/alberto/Documents/kia_gd_ws/install/ur_ros_rtde_msgs/share/ur_ros_rtde_msgs/msg/JointsConfiguration.msg
[1.392s] -- Up-to-date symlink: /home/alberto/Documents/kia_gd_ws/install/ur_ros_rtde_msgs/share/ur_ros_rtde_msgs/msg/Vector.msg
[1.392s] -- Up-to-date symlink: /home/alberto/Documents/kia_gd_ws/install/ur_ros_rtde_msgs/share/ur_ros_rtde_msgs/srv/GetIOState.srv
[1.392s] -- Up-to-date symlink: /home/alberto/Documents/kia_gd_ws/install/ur_ros_rtde_msgs/share/ur_ros_rtde_msgs/srv/GetIOState_Request.msg
[1.392s] -- Up-to-date symlink: /home/alberto/Documents/kia_gd_ws/install/ur_ros_rtde_msgs/share/ur_ros_rtde_msgs/srv/GetIOState_Response.msg
[1.392s] -- Up-to-date symlink: /home/alberto/Documents/kia_gd_ws/install/ur_ros_rtde_msgs/share/ur_ros_rtde_msgs/srv/GetInternalState.srv
[1.392s] -- Up-to-date symlink: /home/alberto/Documents/kia_gd_ws/install/ur_ros_rtde_msgs/share/ur_ros_rtde_msgs/srv/GetInternalState_Request.msg
[1.392s] -- Up-to-date symlink: /home/alberto/Documents/kia_gd_ws/install/ur_ros_rtde_msgs/share/ur_ros_rtde_msgs/srv/GetInternalState_Response.msg
[1.392s] -- Up-to-date symlink: /home/alberto/Documents/kia_gd_ws/install/ur_ros_rtde_msgs/share/ur_ros_rtde_msgs/srv/GetJointState.srv
[1.393s] -- Up-to-date symlink: /home/alberto/Documents/kia_gd_ws/install/ur_ros_rtde_msgs/share/ur_ros_rtde_msgs/srv/GetJointState_Request.msg
[1.393s] -- Up-to-date symlink: /home/alberto/Documents/kia_gd_ws/install/ur_ros_rtde_msgs/share/ur_ros_rtde_msgs/srv/GetJointState_Response.msg
[1.393s] -- Up-to-date symlink: /home/alberto/Documents/kia_gd_ws/install/ur_ros_rtde_msgs/share/ur_ros_rtde_msgs/srv/GetTcpPose.srv
[1.393s] -- Up-to-date symlink: /home/alberto/Documents/kia_gd_ws/install/ur_ros_rtde_msgs/share/ur_ros_rtde_msgs/srv/GetTcpPose_Request.msg
[1.393s] -- Up-to-date symlink: /home/alberto/Documents/kia_gd_ws/install/ur_ros_rtde_msgs/share/ur_ros_rtde_msgs/srv/GetTcpPose_Response.msg
[1.393s] -- Up-to-date symlink: /home/alberto/Documents/kia_gd_ws/install/ur_ros_rtde_msgs/share/ur_ros_rtde_msgs/srv/GetWrench.srv
[1.393s] -- Up-to-date symlink: /home/alberto/Documents/kia_gd_ws/install/ur_ros_rtde_msgs/share/ur_ros_rtde_msgs/srv/GetWrench_Request.msg
[1.393s] -- Up-to-date symlink: /home/alberto/Documents/kia_gd_ws/install/ur_ros_rtde_msgs/share/ur_ros_rtde_msgs/srv/GetWrench_Response.msg
[1.393s] -- Up-to-date symlink: /home/alberto/Documents/kia_gd_ws/install/ur_ros_rtde_msgs/share/ur_ros_rtde_msgs/srv/StartDataRecording.srv
[1.393s] -- Up-to-date symlink: /home/alberto/Documents/kia_gd_ws/install/ur_ros_rtde_msgs/share/ur_ros_rtde_msgs/srv/StartDataRecording_Request.msg
[1.394s] -- Up-to-date symlink: /home/alberto/Documents/kia_gd_ws/install/ur_ros_rtde_msgs/share/ur_ros_rtde_msgs/srv/StartDataRecording_Response.msg
[1.394s] -- Up-to-date symlink: /home/alberto/Documents/kia_gd_ws/install/ur_ros_rtde_msgs/share/ament_index/resource_index/package_run_dependencies/ur_ros_rtde_msgs
[1.394s] -- Up-to-date symlink: /home/alberto/Documents/kia_gd_ws/install/ur_ros_rtde_msgs/share/ament_index/resource_index/parent_prefix_path/ur_ros_rtde_msgs
[1.394s] -- Up-to-date symlink: /home/alberto/Documents/kia_gd_ws/install/ur_ros_rtde_msgs/share/ur_ros_rtde_msgs/environment/ament_prefix_path.sh
[1.394s] -- Up-to-date symlink: /home/alberto/Documents/kia_gd_ws/install/ur_ros_rtde_msgs/share/ur_ros_rtde_msgs/environment/ament_prefix_path.dsv
[1.394s] -- Up-to-date symlink: /home/alberto/Documents/kia_gd_ws/install/ur_ros_rtde_msgs/share/ur_ros_rtde_msgs/environment/path.sh
[1.394s] -- Up-to-date symlink: /home/alberto/Documents/kia_gd_ws/install/ur_ros_rtde_msgs/share/ur_ros_rtde_msgs/environment/path.dsv
[1.394s] -- Up-to-date symlink: /home/alberto/Documents/kia_gd_ws/install/ur_ros_rtde_msgs/share/ur_ros_rtde_msgs/local_setup.bash
[1.394s] -- Up-to-date symlink: /home/alberto/Documents/kia_gd_ws/install/ur_ros_rtde_msgs/share/ur_ros_rtde_msgs/local_setup.sh
[1.394s] -- Up-to-date symlink: /home/alberto/Documents/kia_gd_ws/install/ur_ros_rtde_msgs/share/ur_ros_rtde_msgs/local_setup.zsh
[1.395s] -- Up-to-date symlink: /home/alberto/Documents/kia_gd_ws/install/ur_ros_rtde_msgs/share/ur_ros_rtde_msgs/local_setup.dsv
[1.395s] -- Symlinking: /home/alberto/Documents/kia_gd_ws/install/ur_ros_rtde_msgs/share/ur_ros_rtde_msgs/package.dsv
[1.397s] -- Up-to-date symlink: /home/alberto/Documents/kia_gd_ws/install/ur_ros_rtde_msgs/share/ament_index/resource_index/packages/ur_ros_rtde_msgs
[1.397s] -- Up-to-date symlink: /home/alberto/Documents/kia_gd_ws/install/ur_ros_rtde_msgs/share/ur_ros_rtde_msgs/cmake/rosidl_cmake-extras.cmake
[1.398s] -- Up-to-date symlink: /home/alberto/Documents/kia_gd_ws/install/ur_ros_rtde_msgs/share/ur_ros_rtde_msgs/cmake/ament_cmake_export_dependencies-extras.cmake
[1.398s] -- Up-to-date symlink: /home/alberto/Documents/kia_gd_ws/install/ur_ros_rtde_msgs/share/ur_ros_rtde_msgs/cmake/ament_cmake_export_include_directories-extras.cmake
[1.398s] -- Up-to-date symlink: /home/alberto/Documents/kia_gd_ws/install/ur_ros_rtde_msgs/share/ur_ros_rtde_msgs/cmake/ament_cmake_export_libraries-extras.cmake
[1.398s] -- Up-to-date symlink: /home/alberto/Documents/kia_gd_ws/install/ur_ros_rtde_msgs/share/ur_ros_rtde_msgs/cmake/ament_cmake_export_targets-extras.cmake
[1.399s] -- Up-to-date symlink: /home/alberto/Documents/kia_gd_ws/install/ur_ros_rtde_msgs/share/ur_ros_rtde_msgs/cmake/rosidl_cmake_export_typesupport_targets-extras.cmake
[1.399s] -- Up-to-date symlink: /home/alberto/Documents/kia_gd_ws/install/ur_ros_rtde_msgs/share/ur_ros_rtde_msgs/cmake/rosidl_cmake_export_typesupport_libraries-extras.cmake
[1.399s] -- Up-to-date symlink: /home/alberto/Documents/kia_gd_ws/install/ur_ros_rtde_msgs/share/ur_ros_rtde_msgs/cmake/ur_ros_rtde_msgsConfig.cmake
[1.400s] -- Up-to-date symlink: /home/alberto/Documents/kia_gd_ws/install/ur_ros_rtde_msgs/share/ur_ros_rtde_msgs/cmake/ur_ros_rtde_msgsConfig-version.cmake
[1.400s] -- Up-to-date symlink: /home/alberto/Documents/kia_gd_ws/install/ur_ros_rtde_msgs/share/ur_ros_rtde_msgs/package.xml
[1.400s] -- Up-to-date: /home/alberto/Documents/kia_gd_ws/install/ur_ros_rtde_msgs/lib/libur_ros_rtde_msgs__rosidl_generator_c.so
[1.401s] -- Up-to-date: /home/alberto/Documents/kia_gd_ws/install/ur_ros_rtde_msgs/lib/libur_ros_rtde_msgs__rosidl_typesupport_fastrtps_c.so
[1.401s] -- Up-to-date: /home/alberto/Documents/kia_gd_ws/install/ur_ros_rtde_msgs/lib/libur_ros_rtde_msgs__rosidl_typesupport_fastrtps_cpp.so
[1.402s] -- Up-to-date: /home/alberto/Documents/kia_gd_ws/install/ur_ros_rtde_msgs/lib/libur_ros_rtde_msgs__rosidl_typesupport_introspection_c.so
[1.402s] -- Up-to-date: /home/alberto/Documents/kia_gd_ws/install/ur_ros_rtde_msgs/lib/libur_ros_rtde_msgs__rosidl_typesupport_c.so
[1.403s] -- Up-to-date: /home/alberto/Documents/kia_gd_ws/install/ur_ros_rtde_msgs/lib/libur_ros_rtde_msgs__rosidl_typesupport_introspection_cpp.so
[1.403s] -- Up-to-date: /home/alberto/Documents/kia_gd_ws/install/ur_ros_rtde_msgs/lib/libur_ros_rtde_msgs__rosidl_typesupport_cpp.so
[1.480s] Listing '/home/alberto/Documents/kia_gd_ws/install/ur_ros_rtde_msgs/local/lib/python3.10/dist-packages/ur_ros_rtde_msgs'...
[1.480s] Listing '/home/alberto/Documents/kia_gd_ws/install/ur_ros_rtde_msgs/local/lib/python3.10/dist-packages/ur_ros_rtde_msgs/action'...
[1.480s] Listing '/home/alberto/Documents/kia_gd_ws/install/ur_ros_rtde_msgs/local/lib/python3.10/dist-packages/ur_ros_rtde_msgs/msg'...
[1.480s] Listing '/home/alberto/Documents/kia_gd_ws/install/ur_ros_rtde_msgs/local/lib/python3.10/dist-packages/ur_ros_rtde_msgs/srv'...
[1.490s] -- Up-to-date: /home/alberto/Documents/kia_gd_ws/install/ur_ros_rtde_msgs/lib/libur_ros_rtde_msgs__rosidl_generator_py.so
[1.490s] -- Up-to-date: /home/alberto/Documents/kia_gd_ws/install/ur_ros_rtde_msgs/share/ur_ros_rtde_msgs/cmake/export_ur_ros_rtde_msgs__rosidl_generator_cExport.cmake
[1.490s] -- Up-to-date: /home/alberto/Documents/kia_gd_ws/install/ur_ros_rtde_msgs/share/ur_ros_rtde_msgs/cmake/export_ur_ros_rtde_msgs__rosidl_generator_cExport-release.cmake
[1.491s] -- Up-to-date: /home/alberto/Documents/kia_gd_ws/install/ur_ros_rtde_msgs/share/ur_ros_rtde_msgs/cmake/export_ur_ros_rtde_msgs__rosidl_typesupport_fastrtps_cExport.cmake
[1.491s] -- Up-to-date: /home/alberto/Documents/kia_gd_ws/install/ur_ros_rtde_msgs/share/ur_ros_rtde_msgs/cmake/export_ur_ros_rtde_msgs__rosidl_typesupport_fastrtps_cExport-release.cmake
[1.491s] -- Up-to-date: /home/alberto/Documents/kia_gd_ws/install/ur_ros_rtde_msgs/share/ur_ros_rtde_msgs/cmake/export_ur_ros_rtde_msgs__rosidl_generator_cppExport.cmake
[1.491s] -- Up-to-date: /home/alberto/Documents/kia_gd_ws/install/ur_ros_rtde_msgs/share/ur_ros_rtde_msgs/cmake/export_ur_ros_rtde_msgs__rosidl_typesupport_fastrtps_cppExport.cmake
[1.491s] -- Up-to-date: /home/alberto/Documents/kia_gd_ws/install/ur_ros_rtde_msgs/share/ur_ros_rtde_msgs/cmake/export_ur_ros_rtde_msgs__rosidl_typesupport_fastrtps_cppExport-release.cmake
[1.492s] -- Up-to-date: /home/alberto/Documents/kia_gd_ws/install/ur_ros_rtde_msgs/share/ur_ros_rtde_msgs/cmake/ur_ros_rtde_msgs__rosidl_typesupport_introspection_cExport.cmake
[1.492s] -- Up-to-date: /home/alberto/Documents/kia_gd_ws/install/ur_ros_rtde_msgs/share/ur_ros_rtde_msgs/cmake/ur_ros_rtde_msgs__rosidl_typesupport_introspection_cExport-release.cmake
[1.492s] -- Up-to-date: /home/alberto/Documents/kia_gd_ws/install/ur_ros_rtde_msgs/share/ur_ros_rtde_msgs/cmake/ur_ros_rtde_msgs__rosidl_typesupport_cExport.cmake
[1.492s] -- Up-to-date: /home/alberto/Documents/kia_gd_ws/install/ur_ros_rtde_msgs/share/ur_ros_rtde_msgs/cmake/ur_ros_rtde_msgs__rosidl_typesupport_cExport-release.cmake
[1.492s] -- Up-to-date: /home/alberto/Documents/kia_gd_ws/install/ur_ros_rtde_msgs/share/ur_ros_rtde_msgs/cmake/ur_ros_rtde_msgs__rosidl_typesupport_introspection_cppExport.cmake
[1.492s] -- Up-to-date: /home/alberto/Documents/kia_gd_ws/install/ur_ros_rtde_msgs/share/ur_ros_rtde_msgs/cmake/ur_ros_rtde_msgs__rosidl_typesupport_introspection_cppExport-release.cmake
[1.492s] -- Up-to-date: /home/alberto/Documents/kia_gd_ws/install/ur_ros_rtde_msgs/share/ur_ros_rtde_msgs/cmake/ur_ros_rtde_msgs__rosidl_typesupport_cppExport.cmake
[1.493s] -- Up-to-date: /home/alberto/Documents/kia_gd_ws/install/ur_ros_rtde_msgs/share/ur_ros_rtde_msgs/cmake/ur_ros_rtde_msgs__rosidl_typesupport_cppExport-release.cmake
[1.493s] -- Up-to-date: /home/alberto/Documents/kia_gd_ws/install/ur_ros_rtde_msgs/share/ur_ros_rtde_msgs/cmake/export_ur_ros_rtde_msgs__rosidl_generator_pyExport.cmake
[1.493s] -- Up-to-date: /home/alberto/Documents/kia_gd_ws/install/ur_ros_rtde_msgs/share/ur_ros_rtde_msgs/cmake/export_ur_ros_rtde_msgs__rosidl_generator_pyExport-release.cmake
[1.500s] Invoked command in '/home/alberto/Documents/kia_gd_ws/build/ur_ros_rtde_msgs' returned '0': CMAKE_PREFIX_PATH=/home/alberto/Documents/kia_gd_ws/install/ur_ros_rtde_tutorials:/home/alberto/Documents/kia_gd_ws/install/ur_ros_rtde:/home/alberto/Documents/kia_gd_ws/install/ur_ros_rtde_simple_clients:/home/alberto/Documents/kia_gd_ws/install/ur_ros_rtde_gripper_commands:/home/alberto/Documents/kia_gd_ws/install/ur_ros_rtde_msgs:/home/alberto/Documents/kia_gd_ws/install/ur:/home/alberto/Documents/kia_gd_ws/install/ur_calibration:/home/alberto/Documents/kia_gd_ws/install/ur_robot_driver:/home/alberto/Documents/kia_gd_ws/install/ur_moveit_config:/home/alberto/Documents/kia_gd_ws/install/ur_bringup:/home/alberto/Documents/kia_gd_ws/install/ur_controllers:/home/alberto/Documents/kia_gd_ws/install/ur_dashboard_msgs:/home/alberto/Documents/kia_gd_ws/install/simple_ur10e_moveit_config:/home/alberto/Documents/kia_gd_ws/install/simple_ur10e_description:/home/alberto/Documents/kia_gd_ws/install/kia_gd:/home/alberto/Documents/sub_alberto/install/uuv_visualization:/home/alberto/Documents/sub_alberto/install/uuv_vision:/home/alberto/Documents/sub_alberto/install/uuv_navigation:/home/alberto/Documents/sub_alberto/install/uuv_mission:/home/alberto/Documents/sub_alberto/install/uuv_master:/home/alberto/Documents/sub_alberto/install/uuv_control:/home/alberto/install/vectornav:/home/alberto/install/vectornav_msgs:/home/alberto/install/uuv_teleop:/home/alberto/install/uuv_description:/home/alberto/install/sub:/home/alberto/install/pid:/home/alberto/Documents/kia_gd_ws/install/ros_tcp_endpoint:/home/alberto/ros2_ws/install/docker_test:/opt/ros/humble:/home/alberto/install/catkin:/home/alberto/ros2_ws/install/sub:/home/alberto/ros2_ws/install/pid:/home/alberto/ros2_ws/install/catkin:/home/alberto/uuv/install/uuv /usr/bin/cmake --install /home/alberto/Documents/kia_gd_ws/build/ur_ros_rtde_msgs
