[0.160s] DEBUG:colcon:Command line arguments: ['/usr/bin/colcon', 'build']
[0.160s] DEBUG:colcon:Parsed command line arguments: Namespace(log_base=None, log_level=None, verb_name='build', build_base='build', install_base='install', merge_install=False, symlink_install=False, test_result_base=None, continue_on_error=False, executor='parallel', parallel_workers=8, event_handlers=None, ignore_user_meta=False, metas=['./colcon.meta'], base_paths=['.'], packages_ignore=None, packages_ignore_regex=None, paths=None, packages_up_to=None, packages_up_to_regex=None, packages_above=None, packages_above_and_dependencies=None, packages_above_depth=None, packages_select_by_dep=None, packages_skip_by_dep=None, packages_skip_up_to=None, packages_select_build_failed=False, packages_skip_build_finished=False, packages_select_test_failures=False, packages_skip_test_passed=False, packages_select=None, packages_skip=None, packages_select_regex=None, packages_skip_regex=None, packages_start=None, packages_end=None, allow_overriding=[], cmake_args=None, cmake_target=None, cmake_target_skip_unavailable=False, cmake_clean_cache=False, cmake_clean_first=False, cmake_force_configure=False, ament_cmake_args=None, catkin_cmake_args=None, catkin_skip_building_tests=False, mixin_files=None, mixin=None, verb_parser=<colcon_mixin.mixin.mixin_argument.MixinArgumentDecorator object at 0x7ba7c0d39bd0>, verb_extension=<colcon_core.verb.build.BuildVerb object at 0x7ba7c0d39600>, main=<bound method BuildVerb.main of <colcon_core.verb.build.BuildVerb object at 0x7ba7c0d39600>>, mixin_verb=('build',))
[0.213s] Level 1:colcon.colcon_core.package_discovery:discover_packages(colcon_meta) check parameters
[0.213s] Level 1:colcon.colcon_core.package_discovery:discover_packages(recursive) check parameters
[0.213s] Level 1:colcon.colcon_core.package_discovery:discover_packages(ignore) check parameters
[0.213s] Level 1:colcon.colcon_core.package_discovery:discover_packages(path) check parameters
[0.213s] Level 1:colcon.colcon_core.package_discovery:discover_packages(colcon_meta) discover
[0.213s] Level 1:colcon.colcon_core.package_discovery:discover_packages(recursive) discover
[0.213s] INFO:colcon.colcon_core.package_discovery:Crawling recursively for packages in '/home/alberto/Documents/kia_gd_ws'
[0.213s] Level 1:colcon.colcon_core.package_identification:_identify(.) by extensions ['ignore', 'ignore_ament_install']
[0.213s] Level 1:colcon.colcon_core.package_identification:_identify(.) by extension 'ignore'
[0.213s] Level 1:colcon.colcon_core.package_identification:_identify(.) by extension 'ignore_ament_install'
[0.213s] Level 1:colcon.colcon_core.package_identification:_identify(.) by extensions ['colcon_pkg']
[0.213s] Level 1:colcon.colcon_core.package_identification:_identify(.) by extension 'colcon_pkg'
[0.214s] Level 1:colcon.colcon_core.package_identification:_identify(.) by extensions ['colcon_meta']
[0.214s] Level 1:colcon.colcon_core.package_identification:_identify(.) by extension 'colcon_meta'
[0.214s] Level 1:colcon.colcon_core.package_identification:_identify(.) by extensions ['ros']
[0.214s] Level 1:colcon.colcon_core.package_identification:_identify(.) by extension 'ros'
[0.248s] Level 1:colcon.colcon_core.package_identification:_identify(.) by extensions ['cmake', 'python']
[0.248s] Level 1:colcon.colcon_core.package_identification:_identify(.) by extension 'cmake'
[0.249s] Level 1:colcon.colcon_core.package_identification:_identify(.) by extension 'python'
[0.249s] Level 1:colcon.colcon_core.package_identification:_identify(.) by extensions ['python_setup_py']
[0.249s] Level 1:colcon.colcon_core.package_identification:_identify(.) by extension 'python_setup_py'
[0.249s] Level 1:colcon.colcon_core.package_identification:_identify(build) by extensions ['ignore', 'ignore_ament_install']
[0.249s] Level 1:colcon.colcon_core.package_identification:_identify(build) by extension 'ignore'
[0.249s] Level 1:colcon.colcon_core.package_identification:_identify(build) ignored
[0.249s] Level 1:colcon.colcon_core.package_identification:_identify(install) by extensions ['ignore', 'ignore_ament_install']
[0.249s] Level 1:colcon.colcon_core.package_identification:_identify(install) by extension 'ignore'
[0.249s] Level 1:colcon.colcon_core.package_identification:_identify(install) ignored
[0.250s] Level 1:colcon.colcon_core.package_identification:_identify(log) by extensions ['ignore', 'ignore_ament_install']
[0.250s] Level 1:colcon.colcon_core.package_identification:_identify(log) by extension 'ignore'
[0.250s] Level 1:colcon.colcon_core.package_identification:_identify(log) ignored
[0.250s] Level 1:colcon.colcon_core.package_identification:_identify(src) by extensions ['ignore', 'ignore_ament_install']
[0.250s] Level 1:colcon.colcon_core.package_identification:_identify(src) by extension 'ignore'
[0.250s] Level 1:colcon.colcon_core.package_identification:_identify(src) by extension 'ignore_ament_install'
[0.250s] Level 1:colcon.colcon_core.package_identification:_identify(src) by extensions ['colcon_pkg']
[0.250s] Level 1:colcon.colcon_core.package_identification:_identify(src) by extension 'colcon_pkg'
[0.250s] Level 1:colcon.colcon_core.package_identification:_identify(src) by extensions ['colcon_meta']
[0.251s] Level 1:colcon.colcon_core.package_identification:_identify(src) by extension 'colcon_meta'
[0.251s] Level 1:colcon.colcon_core.package_identification:_identify(src) by extensions ['ros']
[0.251s] Level 1:colcon.colcon_core.package_identification:_identify(src) by extension 'ros'
[0.251s] Level 1:colcon.colcon_core.package_identification:_identify(src) by extensions ['cmake', 'python']
[0.251s] Level 1:colcon.colcon_core.package_identification:_identify(src) by extension 'cmake'
[0.251s] Level 1:colcon.colcon_core.package_identification:_identify(src) by extension 'python'
[0.251s] Level 1:colcon.colcon_core.package_identification:_identify(src) by extensions ['python_setup_py']
[0.251s] Level 1:colcon.colcon_core.package_identification:_identify(src) by extension 'python_setup_py'
[0.251s] Level 1:colcon.colcon_core.package_identification:_identify(src/ROS-TCP-Endpoint) by extensions ['ignore', 'ignore_ament_install']
[0.251s] Level 1:colcon.colcon_core.package_identification:_identify(src/ROS-TCP-Endpoint) by extension 'ignore'
[0.251s] Level 1:colcon.colcon_core.package_identification:_identify(src/ROS-TCP-Endpoint) by extension 'ignore_ament_install'
[0.251s] Level 1:colcon.colcon_core.package_identification:_identify(src/ROS-TCP-Endpoint) by extensions ['colcon_pkg']
[0.251s] Level 1:colcon.colcon_core.package_identification:_identify(src/ROS-TCP-Endpoint) by extension 'colcon_pkg'
[0.251s] Level 1:colcon.colcon_core.package_identification:_identify(src/ROS-TCP-Endpoint) by extensions ['colcon_meta']
[0.251s] Level 1:colcon.colcon_core.package_identification:_identify(src/ROS-TCP-Endpoint) by extension 'colcon_meta'
[0.251s] Level 1:colcon.colcon_core.package_identification:_identify(src/ROS-TCP-Endpoint) by extensions ['ros']
[0.251s] Level 1:colcon.colcon_core.package_identification:_identify(src/ROS-TCP-Endpoint) by extension 'ros'
[0.255s] DEBUG:colcon.colcon_core.package_identification:Package 'src/ROS-TCP-Endpoint' with type 'ros.ament_python' and name 'ros_tcp_endpoint'
[0.256s] Level 1:colcon.colcon_core.package_identification:_identify(src/kia_gd) by extensions ['ignore', 'ignore_ament_install']
[0.256s] Level 1:colcon.colcon_core.package_identification:_identify(src/kia_gd) by extension 'ignore'
[0.256s] Level 1:colcon.colcon_core.package_identification:_identify(src/kia_gd) by extension 'ignore_ament_install'
[0.256s] Level 1:colcon.colcon_core.package_identification:_identify(src/kia_gd) by extensions ['colcon_pkg']
[0.256s] Level 1:colcon.colcon_core.package_identification:_identify(src/kia_gd) by extension 'colcon_pkg'
[0.256s] Level 1:colcon.colcon_core.package_identification:_identify(src/kia_gd) by extensions ['colcon_meta']
[0.256s] Level 1:colcon.colcon_core.package_identification:_identify(src/kia_gd) by extension 'colcon_meta'
[0.257s] Level 1:colcon.colcon_core.package_identification:_identify(src/kia_gd) by extensions ['ros']
[0.257s] Level 1:colcon.colcon_core.package_identification:_identify(src/kia_gd) by extension 'ros'
[0.259s] DEBUG:colcon.colcon_core.package_identification:Package 'src/kia_gd' with type 'ros.ament_cmake' and name 'kia_gd'
[0.259s] Level 1:colcon.colcon_core.package_identification:_identify(src/ur_ros_rtde) by extensions ['ignore', 'ignore_ament_install']
[0.259s] Level 1:colcon.colcon_core.package_identification:_identify(src/ur_ros_rtde) by extension 'ignore'
[0.259s] Level 1:colcon.colcon_core.package_identification:_identify(src/ur_ros_rtde) by extension 'ignore_ament_install'
[0.259s] Level 1:colcon.colcon_core.package_identification:_identify(src/ur_ros_rtde) by extensions ['colcon_pkg']
[0.259s] Level 1:colcon.colcon_core.package_identification:_identify(src/ur_ros_rtde) by extension 'colcon_pkg'
[0.259s] Level 1:colcon.colcon_core.package_identification:_identify(src/ur_ros_rtde) by extensions ['colcon_meta']
[0.259s] Level 1:colcon.colcon_core.package_identification:_identify(src/ur_ros_rtde) by extension 'colcon_meta'
[0.260s] Level 1:colcon.colcon_core.package_identification:_identify(src/ur_ros_rtde) by extensions ['ros']
[0.260s] Level 1:colcon.colcon_core.package_identification:_identify(src/ur_ros_rtde) by extension 'ros'
[0.260s] Level 1:colcon.colcon_core.package_identification:_identify(src/ur_ros_rtde) by extensions ['cmake', 'python']
[0.260s] Level 1:colcon.colcon_core.package_identification:_identify(src/ur_ros_rtde) by extension 'cmake'
[0.260s] Level 1:colcon.colcon_core.package_identification:_identify(src/ur_ros_rtde) by extension 'python'
[0.260s] Level 1:colcon.colcon_core.package_identification:_identify(src/ur_ros_rtde) by extensions ['python_setup_py']
[0.260s] Level 1:colcon.colcon_core.package_identification:_identify(src/ur_ros_rtde) by extension 'python_setup_py'
[0.260s] Level 1:colcon.colcon_core.package_identification:_identify(src/ur_ros_rtde/build) by extensions ['ignore', 'ignore_ament_install']
[0.260s] Level 1:colcon.colcon_core.package_identification:_identify(src/ur_ros_rtde/build) by extension 'ignore'
[0.260s] Level 1:colcon.colcon_core.package_identification:_identify(src/ur_ros_rtde/build) ignored
[0.260s] Level 1:colcon.colcon_core.package_identification:_identify(src/ur_ros_rtde/images) by extensions ['ignore', 'ignore_ament_install']
[0.261s] Level 1:colcon.colcon_core.package_identification:_identify(src/ur_ros_rtde/images) by extension 'ignore'
[0.261s] Level 1:colcon.colcon_core.package_identification:_identify(src/ur_ros_rtde/images) by extension 'ignore_ament_install'
[0.261s] Level 1:colcon.colcon_core.package_identification:_identify(src/ur_ros_rtde/images) by extensions ['colcon_pkg']
[0.261s] Level 1:colcon.colcon_core.package_identification:_identify(src/ur_ros_rtde/images) by extension 'colcon_pkg'
[0.261s] Level 1:colcon.colcon_core.package_identification:_identify(src/ur_ros_rtde/images) by extensions ['colcon_meta']
[0.261s] Level 1:colcon.colcon_core.package_identification:_identify(src/ur_ros_rtde/images) by extension 'colcon_meta'
[0.261s] Level 1:colcon.colcon_core.package_identification:_identify(src/ur_ros_rtde/images) by extensions ['ros']
[0.261s] Level 1:colcon.colcon_core.package_identification:_identify(src/ur_ros_rtde/images) by extension 'ros'
[0.261s] Level 1:colcon.colcon_core.package_identification:_identify(src/ur_ros_rtde/images) by extensions ['cmake', 'python']
[0.261s] Level 1:colcon.colcon_core.package_identification:_identify(src/ur_ros_rtde/images) by extension 'cmake'
[0.261s] Level 1:colcon.colcon_core.package_identification:_identify(src/ur_ros_rtde/images) by extension 'python'
[0.261s] Level 1:colcon.colcon_core.package_identification:_identify(src/ur_ros_rtde/images) by extensions ['python_setup_py']
[0.261s] Level 1:colcon.colcon_core.package_identification:_identify(src/ur_ros_rtde/images) by extension 'python_setup_py'
[0.262s] Level 1:colcon.colcon_core.package_identification:_identify(src/ur_ros_rtde/install) by extensions ['ignore', 'ignore_ament_install']
[0.262s] Level 1:colcon.colcon_core.package_identification:_identify(src/ur_ros_rtde/install) by extension 'ignore'
[0.262s] Level 1:colcon.colcon_core.package_identification:_identify(src/ur_ros_rtde/install) ignored
[0.262s] Level 1:colcon.colcon_core.package_identification:_identify(src/ur_ros_rtde/log) by extensions ['ignore', 'ignore_ament_install']
[0.262s] Level 1:colcon.colcon_core.package_identification:_identify(src/ur_ros_rtde/log) by extension 'ignore'
[0.262s] Level 1:colcon.colcon_core.package_identification:_identify(src/ur_ros_rtde/log) ignored
[0.262s] Level 1:colcon.colcon_core.package_identification:_identify(src/ur_ros_rtde/simple_ur10e_description) by extensions ['ignore', 'ignore_ament_install']
[0.262s] Level 1:colcon.colcon_core.package_identification:_identify(src/ur_ros_rtde/simple_ur10e_description) by extension 'ignore'
[0.262s] Level 1:colcon.colcon_core.package_identification:_identify(src/ur_ros_rtde/simple_ur10e_description) by extension 'ignore_ament_install'
[0.262s] Level 1:colcon.colcon_core.package_identification:_identify(src/ur_ros_rtde/simple_ur10e_description) by extensions ['colcon_pkg']
[0.262s] Level 1:colcon.colcon_core.package_identification:_identify(src/ur_ros_rtde/simple_ur10e_description) by extension 'colcon_pkg'
[0.262s] Level 1:colcon.colcon_core.package_identification:_identify(src/ur_ros_rtde/simple_ur10e_description) by extensions ['colcon_meta']
[0.262s] Level 1:colcon.colcon_core.package_identification:_identify(src/ur_ros_rtde/simple_ur10e_description) by extension 'colcon_meta'
[0.262s] Level 1:colcon.colcon_core.package_identification:_identify(src/ur_ros_rtde/simple_ur10e_description) by extensions ['ros']
[0.263s] Level 1:colcon.colcon_core.package_identification:_identify(src/ur_ros_rtde/simple_ur10e_description) by extension 'ros'
[0.263s] DEBUG:colcon.colcon_core.package_identification:Package 'src/ur_ros_rtde/simple_ur10e_description' with type 'ros.ament_cmake' and name 'simple_ur10e_description'
[0.263s] Level 1:colcon.colcon_core.package_identification:_identify(src/ur_ros_rtde/simple_ur10e_moveit_config) by extensions ['ignore', 'ignore_ament_install']
[0.264s] Level 1:colcon.colcon_core.package_identification:_identify(src/ur_ros_rtde/simple_ur10e_moveit_config) by extension 'ignore'
[0.264s] Level 1:colcon.colcon_core.package_identification:_identify(src/ur_ros_rtde/simple_ur10e_moveit_config) by extension 'ignore_ament_install'
[0.264s] Level 1:colcon.colcon_core.package_identification:_identify(src/ur_ros_rtde/simple_ur10e_moveit_config) by extensions ['colcon_pkg']
[0.264s] Level 1:colcon.colcon_core.package_identification:_identify(src/ur_ros_rtde/simple_ur10e_moveit_config) by extension 'colcon_pkg'
[0.264s] Level 1:colcon.colcon_core.package_identification:_identify(src/ur_ros_rtde/simple_ur10e_moveit_config) by extensions ['colcon_meta']
[0.264s] Level 1:colcon.colcon_core.package_identification:_identify(src/ur_ros_rtde/simple_ur10e_moveit_config) by extension 'colcon_meta'
[0.264s] Level 1:colcon.colcon_core.package_identification:_identify(src/ur_ros_rtde/simple_ur10e_moveit_config) by extensions ['ros']
[0.264s] Level 1:colcon.colcon_core.package_identification:_identify(src/ur_ros_rtde/simple_ur10e_moveit_config) by extension 'ros'
[0.265s] DEBUG:colcon.colcon_core.package_identification:Package 'src/ur_ros_rtde/simple_ur10e_moveit_config' with type 'ros.ament_cmake' and name 'simple_ur10e_moveit_config'
[0.265s] Level 1:colcon.colcon_core.package_identification:_identify(src/ur_ros_rtde/ur_ros_rtde) by extensions ['ignore', 'ignore_ament_install']
[0.265s] Level 1:colcon.colcon_core.package_identification:_identify(src/ur_ros_rtde/ur_ros_rtde) by extension 'ignore'
[0.265s] Level 1:colcon.colcon_core.package_identification:_identify(src/ur_ros_rtde/ur_ros_rtde) by extension 'ignore_ament_install'
[0.265s] Level 1:colcon.colcon_core.package_identification:_identify(src/ur_ros_rtde/ur_ros_rtde) by extensions ['colcon_pkg']
[0.265s] Level 1:colcon.colcon_core.package_identification:_identify(src/ur_ros_rtde/ur_ros_rtde) by extension 'colcon_pkg'
[0.265s] Level 1:colcon.colcon_core.package_identification:_identify(src/ur_ros_rtde/ur_ros_rtde) by extensions ['colcon_meta']
[0.265s] Level 1:colcon.colcon_core.package_identification:_identify(src/ur_ros_rtde/ur_ros_rtde) by extension 'colcon_meta'
[0.265s] Level 1:colcon.colcon_core.package_identification:_identify(src/ur_ros_rtde/ur_ros_rtde) by extensions ['ros']
[0.265s] Level 1:colcon.colcon_core.package_identification:_identify(src/ur_ros_rtde/ur_ros_rtde) by extension 'ros'
[0.266s] DEBUG:colcon.colcon_core.package_identification:Package 'src/ur_ros_rtde/ur_ros_rtde' with type 'ros.ament_cmake' and name 'ur_ros_rtde'
[0.266s] Level 1:colcon.colcon_core.package_identification:_identify(src/ur_ros_rtde/ur_ros_rtde_gripper_commands) by extensions ['ignore', 'ignore_ament_install']
[0.266s] Level 1:colcon.colcon_core.package_identification:_identify(src/ur_ros_rtde/ur_ros_rtde_gripper_commands) by extension 'ignore'
[0.266s] Level 1:colcon.colcon_core.package_identification:_identify(src/ur_ros_rtde/ur_ros_rtde_gripper_commands) by extension 'ignore_ament_install'
[0.267s] Level 1:colcon.colcon_core.package_identification:_identify(src/ur_ros_rtde/ur_ros_rtde_gripper_commands) by extensions ['colcon_pkg']
[0.267s] Level 1:colcon.colcon_core.package_identification:_identify(src/ur_ros_rtde/ur_ros_rtde_gripper_commands) by extension 'colcon_pkg'
[0.267s] Level 1:colcon.colcon_core.package_identification:_identify(src/ur_ros_rtde/ur_ros_rtde_gripper_commands) by extensions ['colcon_meta']
[0.267s] Level 1:colcon.colcon_core.package_identification:_identify(src/ur_ros_rtde/ur_ros_rtde_gripper_commands) by extension 'colcon_meta'
[0.267s] Level 1:colcon.colcon_core.package_identification:_identify(src/ur_ros_rtde/ur_ros_rtde_gripper_commands) by extensions ['ros']
[0.267s] Level 1:colcon.colcon_core.package_identification:_identify(src/ur_ros_rtde/ur_ros_rtde_gripper_commands) by extension 'ros'
[0.268s] DEBUG:colcon.colcon_core.package_identification:Package 'src/ur_ros_rtde/ur_ros_rtde_gripper_commands' with type 'ros.ament_cmake' and name 'ur_ros_rtde_gripper_commands'
[0.268s] Level 1:colcon.colcon_core.package_identification:_identify(src/ur_ros_rtde/ur_ros_rtde_msgs) by extensions ['ignore', 'ignore_ament_install']
[0.268s] Level 1:colcon.colcon_core.package_identification:_identify(src/ur_ros_rtde/ur_ros_rtde_msgs) by extension 'ignore'
[0.268s] Level 1:colcon.colcon_core.package_identification:_identify(src/ur_ros_rtde/ur_ros_rtde_msgs) by extension 'ignore_ament_install'
[0.268s] Level 1:colcon.colcon_core.package_identification:_identify(src/ur_ros_rtde/ur_ros_rtde_msgs) by extensions ['colcon_pkg']
[0.268s] Level 1:colcon.colcon_core.package_identification:_identify(src/ur_ros_rtde/ur_ros_rtde_msgs) by extension 'colcon_pkg'
[0.268s] Level 1:colcon.colcon_core.package_identification:_identify(src/ur_ros_rtde/ur_ros_rtde_msgs) by extensions ['colcon_meta']
[0.268s] Level 1:colcon.colcon_core.package_identification:_identify(src/ur_ros_rtde/ur_ros_rtde_msgs) by extension 'colcon_meta'
[0.268s] Level 1:colcon.colcon_core.package_identification:_identify(src/ur_ros_rtde/ur_ros_rtde_msgs) by extensions ['ros']
[0.268s] Level 1:colcon.colcon_core.package_identification:_identify(src/ur_ros_rtde/ur_ros_rtde_msgs) by extension 'ros'
[0.269s] DEBUG:colcon.colcon_core.package_identification:Package 'src/ur_ros_rtde/ur_ros_rtde_msgs' with type 'ros.ament_cmake' and name 'ur_ros_rtde_msgs'
[0.269s] Level 1:colcon.colcon_core.package_identification:_identify(src/ur_ros_rtde/ur_ros_rtde_simple_clients) by extensions ['ignore', 'ignore_ament_install']
[0.269s] Level 1:colcon.colcon_core.package_identification:_identify(src/ur_ros_rtde/ur_ros_rtde_simple_clients) by extension 'ignore'
[0.269s] Level 1:colcon.colcon_core.package_identification:_identify(src/ur_ros_rtde/ur_ros_rtde_simple_clients) by extension 'ignore_ament_install'
[0.270s] Level 1:colcon.colcon_core.package_identification:_identify(src/ur_ros_rtde/ur_ros_rtde_simple_clients) by extensions ['colcon_pkg']
[0.270s] Level 1:colcon.colcon_core.package_identification:_identify(src/ur_ros_rtde/ur_ros_rtde_simple_clients) by extension 'colcon_pkg'
[0.270s] Level 1:colcon.colcon_core.package_identification:_identify(src/ur_ros_rtde/ur_ros_rtde_simple_clients) by extensions ['colcon_meta']
[0.270s] Level 1:colcon.colcon_core.package_identification:_identify(src/ur_ros_rtde/ur_ros_rtde_simple_clients) by extension 'colcon_meta'
[0.270s] Level 1:colcon.colcon_core.package_identification:_identify(src/ur_ros_rtde/ur_ros_rtde_simple_clients) by extensions ['ros']
[0.270s] Level 1:colcon.colcon_core.package_identification:_identify(src/ur_ros_rtde/ur_ros_rtde_simple_clients) by extension 'ros'
[0.270s] DEBUG:colcon.colcon_core.package_identification:Package 'src/ur_ros_rtde/ur_ros_rtde_simple_clients' with type 'ros.ament_cmake' and name 'ur_ros_rtde_simple_clients'
[0.270s] Level 1:colcon.colcon_core.package_identification:_identify(src/ur_ros_rtde/ur_ros_rtde_tutorials) by extensions ['ignore', 'ignore_ament_install']
[0.271s] Level 1:colcon.colcon_core.package_identification:_identify(src/ur_ros_rtde/ur_ros_rtde_tutorials) by extension 'ignore'
[0.271s] Level 1:colcon.colcon_core.package_identification:_identify(src/ur_ros_rtde/ur_ros_rtde_tutorials) by extension 'ignore_ament_install'
[0.271s] Level 1:colcon.colcon_core.package_identification:_identify(src/ur_ros_rtde/ur_ros_rtde_tutorials) by extensions ['colcon_pkg']
[0.271s] Level 1:colcon.colcon_core.package_identification:_identify(src/ur_ros_rtde/ur_ros_rtde_tutorials) by extension 'colcon_pkg'
[0.271s] Level 1:colcon.colcon_core.package_identification:_identify(src/ur_ros_rtde/ur_ros_rtde_tutorials) by extensions ['colcon_meta']
[0.271s] Level 1:colcon.colcon_core.package_identification:_identify(src/ur_ros_rtde/ur_ros_rtde_tutorials) by extension 'colcon_meta'
[0.271s] Level 1:colcon.colcon_core.package_identification:_identify(src/ur_ros_rtde/ur_ros_rtde_tutorials) by extensions ['ros']
[0.271s] Level 1:colcon.colcon_core.package_identification:_identify(src/ur_ros_rtde/ur_ros_rtde_tutorials) by extension 'ros'
[0.272s] DEBUG:colcon.colcon_core.package_identification:Package 'src/ur_ros_rtde/ur_ros_rtde_tutorials' with type 'ros.ament_cmake' and name 'ur_ros_rtde_tutorials'
[0.272s] Level 1:colcon.colcon_core.package_identification:_identify(ursim_programs) by extensions ['ignore', 'ignore_ament_install']
[0.272s] Level 1:colcon.colcon_core.package_identification:_identify(ursim_programs) by extension 'ignore'
[0.272s] Level 1:colcon.colcon_core.package_identification:_identify(ursim_programs) by extension 'ignore_ament_install'
[0.272s] Level 1:colcon.colcon_core.package_identification:_identify(ursim_programs) by extensions ['colcon_pkg']
[0.272s] Level 1:colcon.colcon_core.package_identification:_identify(ursim_programs) by extension 'colcon_pkg'
[0.272s] Level 1:colcon.colcon_core.package_identification:_identify(ursim_programs) by extensions ['colcon_meta']
[0.272s] Level 1:colcon.colcon_core.package_identification:_identify(ursim_programs) by extension 'colcon_meta'
[0.272s] Level 1:colcon.colcon_core.package_identification:_identify(ursim_programs) by extensions ['ros']
[0.272s] Level 1:colcon.colcon_core.package_identification:_identify(ursim_programs) by extension 'ros'
[0.272s] Level 1:colcon.colcon_core.package_identification:_identify(ursim_programs) by extensions ['cmake', 'python']
[0.272s] Level 1:colcon.colcon_core.package_identification:_identify(ursim_programs) by extension 'cmake'
[0.272s] Level 1:colcon.colcon_core.package_identification:_identify(ursim_programs) by extension 'python'
[0.272s] Level 1:colcon.colcon_core.package_identification:_identify(ursim_programs) by extensions ['python_setup_py']
[0.272s] Level 1:colcon.colcon_core.package_identification:_identify(ursim_programs) by extension 'python_setup_py'
[0.273s] Level 1:colcon.colcon_core.package_discovery:discover_packages(recursive) using defaults
[0.273s] Level 1:colcon.colcon_core.package_discovery:discover_packages(ignore) discover
[0.273s] Level 1:colcon.colcon_core.package_discovery:discover_packages(ignore) using defaults
[0.273s] Level 1:colcon.colcon_core.package_discovery:discover_packages(path) discover
[0.273s] Level 1:colcon.colcon_core.package_discovery:discover_packages(path) using defaults
[0.300s] Level 1:colcon.colcon_core.package_discovery:discover_packages(prefix_path) check parameters
[0.300s] Level 1:colcon.colcon_core.package_discovery:discover_packages(prefix_path) discover
[0.304s] DEBUG:colcon.colcon_installed_package_information.package_discovery:Found 17 installed packages in /home/alberto/Documents/kia_gd_ws/install
[0.304s] DEBUG:colcon.colcon_installed_package_information.package_discovery:Found 6 installed packages in /home/alberto/Documents/sub_alberto/install
[0.305s] DEBUG:colcon.colcon_installed_package_information.package_discovery:Found 8 installed packages in /home/alberto/install
[0.306s] DEBUG:colcon.colcon_installed_package_information.package_discovery:Found 4 installed packages in /home/alberto/ros2_ws/install
[0.306s] DEBUG:colcon.colcon_installed_package_information.package_discovery:Found 1 installed packages in /home/alberto/uuv/install
[0.308s] DEBUG:colcon.colcon_installed_package_information.package_discovery:Found 334 installed packages in /opt/ros/humble
[0.310s] Level 1:colcon.colcon_core.package_discovery:discover_packages(prefix_path) using defaults
[0.374s] Level 5:colcon.colcon_core.verb:set package 'kia_gd' build argument 'cmake_args' from command line to 'None'
[0.374s] Level 5:colcon.colcon_core.verb:set package 'kia_gd' build argument 'cmake_target' from command line to 'None'
[0.374s] Level 5:colcon.colcon_core.verb:set package 'kia_gd' build argument 'cmake_target_skip_unavailable' from command line to 'False'
[0.374s] Level 5:colcon.colcon_core.verb:set package 'kia_gd' build argument 'cmake_clean_cache' from command line to 'False'
[0.374s] Level 5:colcon.colcon_core.verb:set package 'kia_gd' build argument 'cmake_clean_first' from command line to 'False'
[0.374s] Level 5:colcon.colcon_core.verb:set package 'kia_gd' build argument 'cmake_force_configure' from command line to 'False'
[0.374s] Level 5:colcon.colcon_core.verb:set package 'kia_gd' build argument 'ament_cmake_args' from command line to 'None'
[0.374s] Level 5:colcon.colcon_core.verb:set package 'kia_gd' build argument 'catkin_cmake_args' from command line to 'None'
[0.374s] Level 5:colcon.colcon_core.verb:set package 'kia_gd' build argument 'catkin_skip_building_tests' from command line to 'False'
[0.374s] DEBUG:colcon.colcon_core.verb:Building package 'kia_gd' with the following arguments: {'ament_cmake_args': None, 'build_base': '/home/alberto/Documents/kia_gd_ws/build/kia_gd', 'catkin_cmake_args': None, 'catkin_skip_building_tests': False, 'cmake_args': None, 'cmake_clean_cache': False, 'cmake_clean_first': False, 'cmake_force_configure': False, 'cmake_target': None, 'cmake_target_skip_unavailable': False, 'install_base': '/home/alberto/Documents/kia_gd_ws/install/kia_gd', 'merge_install': False, 'path': '/home/alberto/Documents/kia_gd_ws/src/kia_gd', 'symlink_install': False, 'test_result_base': None}
[0.375s] Level 5:colcon.colcon_core.verb:set package 'ros_tcp_endpoint' build argument 'cmake_args' from command line to 'None'
[0.375s] Level 5:colcon.colcon_core.verb:set package 'ros_tcp_endpoint' build argument 'cmake_target' from command line to 'None'
[0.375s] Level 5:colcon.colcon_core.verb:set package 'ros_tcp_endpoint' build argument 'cmake_target_skip_unavailable' from command line to 'False'
[0.375s] Level 5:colcon.colcon_core.verb:set package 'ros_tcp_endpoint' build argument 'cmake_clean_cache' from command line to 'False'
[0.375s] Level 5:colcon.colcon_core.verb:set package 'ros_tcp_endpoint' build argument 'cmake_clean_first' from command line to 'False'
[0.375s] Level 5:colcon.colcon_core.verb:set package 'ros_tcp_endpoint' build argument 'cmake_force_configure' from command line to 'False'
[0.375s] Level 5:colcon.colcon_core.verb:set package 'ros_tcp_endpoint' build argument 'ament_cmake_args' from command line to 'None'
[0.375s] Level 5:colcon.colcon_core.verb:set package 'ros_tcp_endpoint' build argument 'catkin_cmake_args' from command line to 'None'
[0.375s] Level 5:colcon.colcon_core.verb:set package 'ros_tcp_endpoint' build argument 'catkin_skip_building_tests' from command line to 'False'
[0.375s] DEBUG:colcon.colcon_core.verb:Building package 'ros_tcp_endpoint' with the following arguments: {'ament_cmake_args': None, 'build_base': '/home/alberto/Documents/kia_gd_ws/build/ros_tcp_endpoint', 'catkin_cmake_args': None, 'catkin_skip_building_tests': False, 'cmake_args': None, 'cmake_clean_cache': False, 'cmake_clean_first': False, 'cmake_force_configure': False, 'cmake_target': None, 'cmake_target_skip_unavailable': False, 'install_base': '/home/alberto/Documents/kia_gd_ws/install/ros_tcp_endpoint', 'merge_install': False, 'path': '/home/alberto/Documents/kia_gd_ws/src/ROS-TCP-Endpoint', 'symlink_install': False, 'test_result_base': None}
[0.376s] Level 5:colcon.colcon_core.verb:set package 'simple_ur10e_description' build argument 'cmake_args' from command line to 'None'
[0.376s] Level 5:colcon.colcon_core.verb:set package 'simple_ur10e_description' build argument 'cmake_target' from command line to 'None'
[0.376s] Level 5:colcon.colcon_core.verb:set package 'simple_ur10e_description' build argument 'cmake_target_skip_unavailable' from command line to 'False'
[0.376s] Level 5:colcon.colcon_core.verb:set package 'simple_ur10e_description' build argument 'cmake_clean_cache' from command line to 'False'
[0.376s] Level 5:colcon.colcon_core.verb:set package 'simple_ur10e_description' build argument 'cmake_clean_first' from command line to 'False'
[0.376s] Level 5:colcon.colcon_core.verb:set package 'simple_ur10e_description' build argument 'cmake_force_configure' from command line to 'False'
[0.376s] Level 5:colcon.colcon_core.verb:set package 'simple_ur10e_description' build argument 'ament_cmake_args' from command line to 'None'
[0.376s] Level 5:colcon.colcon_core.verb:set package 'simple_ur10e_description' build argument 'catkin_cmake_args' from command line to 'None'
[0.376s] Level 5:colcon.colcon_core.verb:set package 'simple_ur10e_description' build argument 'catkin_skip_building_tests' from command line to 'False'
[0.376s] DEBUG:colcon.colcon_core.verb:Building package 'simple_ur10e_description' with the following arguments: {'ament_cmake_args': None, 'build_base': '/home/alberto/Documents/kia_gd_ws/build/simple_ur10e_description', 'catkin_cmake_args': None, 'catkin_skip_building_tests': False, 'cmake_args': None, 'cmake_clean_cache': False, 'cmake_clean_first': False, 'cmake_force_configure': False, 'cmake_target': None, 'cmake_target_skip_unavailable': False, 'install_base': '/home/alberto/Documents/kia_gd_ws/install/simple_ur10e_description', 'merge_install': False, 'path': '/home/alberto/Documents/kia_gd_ws/src/ur_ros_rtde/simple_ur10e_description', 'symlink_install': False, 'test_result_base': None}
[0.377s] Level 5:colcon.colcon_core.verb:set package 'ur_ros_rtde_msgs' build argument 'cmake_args' from command line to 'None'
[0.377s] Level 5:colcon.colcon_core.verb:set package 'ur_ros_rtde_msgs' build argument 'cmake_target' from command line to 'None'
[0.377s] Level 5:colcon.colcon_core.verb:set package 'ur_ros_rtde_msgs' build argument 'cmake_target_skip_unavailable' from command line to 'False'
[0.377s] Level 5:colcon.colcon_core.verb:set package 'ur_ros_rtde_msgs' build argument 'cmake_clean_cache' from command line to 'False'
[0.377s] Level 5:colcon.colcon_core.verb:set package 'ur_ros_rtde_msgs' build argument 'cmake_clean_first' from command line to 'False'
[0.377s] Level 5:colcon.colcon_core.verb:set package 'ur_ros_rtde_msgs' build argument 'cmake_force_configure' from command line to 'False'
[0.377s] Level 5:colcon.colcon_core.verb:set package 'ur_ros_rtde_msgs' build argument 'ament_cmake_args' from command line to 'None'
[0.377s] Level 5:colcon.colcon_core.verb:set package 'ur_ros_rtde_msgs' build argument 'catkin_cmake_args' from command line to 'None'
[0.377s] Level 5:colcon.colcon_core.verb:set package 'ur_ros_rtde_msgs' build argument 'catkin_skip_building_tests' from command line to 'False'
[0.377s] DEBUG:colcon.colcon_core.verb:Building package 'ur_ros_rtde_msgs' with the following arguments: {'ament_cmake_args': None, 'build_base': '/home/alberto/Documents/kia_gd_ws/build/ur_ros_rtde_msgs', 'catkin_cmake_args': None, 'catkin_skip_building_tests': False, 'cmake_args': None, 'cmake_clean_cache': False, 'cmake_clean_first': False, 'cmake_force_configure': False, 'cmake_target': None, 'cmake_target_skip_unavailable': False, 'install_base': '/home/alberto/Documents/kia_gd_ws/install/ur_ros_rtde_msgs', 'merge_install': False, 'path': '/home/alberto/Documents/kia_gd_ws/src/ur_ros_rtde/ur_ros_rtde_msgs', 'symlink_install': False, 'test_result_base': None}
[0.378s] Level 5:colcon.colcon_core.verb:set package 'ur_ros_rtde_simple_clients' build argument 'cmake_args' from command line to 'None'
[0.378s] Level 5:colcon.colcon_core.verb:set package 'ur_ros_rtde_simple_clients' build argument 'cmake_target' from command line to 'None'
[0.378s] Level 5:colcon.colcon_core.verb:set package 'ur_ros_rtde_simple_clients' build argument 'cmake_target_skip_unavailable' from command line to 'False'
[0.378s] Level 5:colcon.colcon_core.verb:set package 'ur_ros_rtde_simple_clients' build argument 'cmake_clean_cache' from command line to 'False'
[0.378s] Level 5:colcon.colcon_core.verb:set package 'ur_ros_rtde_simple_clients' build argument 'cmake_clean_first' from command line to 'False'
[0.378s] Level 5:colcon.colcon_core.verb:set package 'ur_ros_rtde_simple_clients' build argument 'cmake_force_configure' from command line to 'False'
[0.378s] Level 5:colcon.colcon_core.verb:set package 'ur_ros_rtde_simple_clients' build argument 'ament_cmake_args' from command line to 'None'
[0.378s] Level 5:colcon.colcon_core.verb:set package 'ur_ros_rtde_simple_clients' build argument 'catkin_cmake_args' from command line to 'None'
[0.378s] Level 5:colcon.colcon_core.verb:set package 'ur_ros_rtde_simple_clients' build argument 'catkin_skip_building_tests' from command line to 'False'
[0.378s] DEBUG:colcon.colcon_core.verb:Building package 'ur_ros_rtde_simple_clients' with the following arguments: {'ament_cmake_args': None, 'build_base': '/home/alberto/Documents/kia_gd_ws/build/ur_ros_rtde_simple_clients', 'catkin_cmake_args': None, 'catkin_skip_building_tests': False, 'cmake_args': None, 'cmake_clean_cache': False, 'cmake_clean_first': False, 'cmake_force_configure': False, 'cmake_target': None, 'cmake_target_skip_unavailable': False, 'install_base': '/home/alberto/Documents/kia_gd_ws/install/ur_ros_rtde_simple_clients', 'merge_install': False, 'path': '/home/alberto/Documents/kia_gd_ws/src/ur_ros_rtde/ur_ros_rtde_simple_clients', 'symlink_install': False, 'test_result_base': None}
[0.378s] Level 5:colcon.colcon_core.verb:set package 'simple_ur10e_moveit_config' build argument 'cmake_args' from command line to 'None'
[0.378s] Level 5:colcon.colcon_core.verb:set package 'simple_ur10e_moveit_config' build argument 'cmake_target' from command line to 'None'
[0.379s] Level 5:colcon.colcon_core.verb:set package 'simple_ur10e_moveit_config' build argument 'cmake_target_skip_unavailable' from command line to 'False'
[0.379s] Level 5:colcon.colcon_core.verb:set package 'simple_ur10e_moveit_config' build argument 'cmake_clean_cache' from command line to 'False'
[0.379s] Level 5:colcon.colcon_core.verb:set package 'simple_ur10e_moveit_config' build argument 'cmake_clean_first' from command line to 'False'
[0.379s] Level 5:colcon.colcon_core.verb:set package 'simple_ur10e_moveit_config' build argument 'cmake_force_configure' from command line to 'False'
[0.379s] Level 5:colcon.colcon_core.verb:set package 'simple_ur10e_moveit_config' build argument 'ament_cmake_args' from command line to 'None'
[0.379s] Level 5:colcon.colcon_core.verb:set package 'simple_ur10e_moveit_config' build argument 'catkin_cmake_args' from command line to 'None'
[0.379s] Level 5:colcon.colcon_core.verb:set package 'simple_ur10e_moveit_config' build argument 'catkin_skip_building_tests' from command line to 'False'
[0.379s] DEBUG:colcon.colcon_core.verb:Building package 'simple_ur10e_moveit_config' with the following arguments: {'ament_cmake_args': None, 'build_base': '/home/alberto/Documents/kia_gd_ws/build/simple_ur10e_moveit_config', 'catkin_cmake_args': None, 'catkin_skip_building_tests': False, 'cmake_args': None, 'cmake_clean_cache': False, 'cmake_clean_first': False, 'cmake_force_configure': False, 'cmake_target': None, 'cmake_target_skip_unavailable': False, 'install_base': '/home/alberto/Documents/kia_gd_ws/install/simple_ur10e_moveit_config', 'merge_install': False, 'path': '/home/alberto/Documents/kia_gd_ws/src/ur_ros_rtde/simple_ur10e_moveit_config', 'symlink_install': False, 'test_result_base': None}
[0.379s] Level 5:colcon.colcon_core.verb:set package 'ur_ros_rtde' build argument 'cmake_args' from command line to 'None'
[0.379s] Level 5:colcon.colcon_core.verb:set package 'ur_ros_rtde' build argument 'cmake_target' from command line to 'None'
[0.379s] Level 5:colcon.colcon_core.verb:set package 'ur_ros_rtde' build argument 'cmake_target_skip_unavailable' from command line to 'False'
[0.379s] Level 5:colcon.colcon_core.verb:set package 'ur_ros_rtde' build argument 'cmake_clean_cache' from command line to 'False'
[0.379s] Level 5:colcon.colcon_core.verb:set package 'ur_ros_rtde' build argument 'cmake_clean_first' from command line to 'False'
[0.379s] Level 5:colcon.colcon_core.verb:set package 'ur_ros_rtde' build argument 'cmake_force_configure' from command line to 'False'
[0.380s] Level 5:colcon.colcon_core.verb:set package 'ur_ros_rtde' build argument 'ament_cmake_args' from command line to 'None'
[0.380s] Level 5:colcon.colcon_core.verb:set package 'ur_ros_rtde' build argument 'catkin_cmake_args' from command line to 'None'
[0.380s] Level 5:colcon.colcon_core.verb:set package 'ur_ros_rtde' build argument 'catkin_skip_building_tests' from command line to 'False'
[0.380s] DEBUG:colcon.colcon_core.verb:Building package 'ur_ros_rtde' with the following arguments: {'ament_cmake_args': None, 'build_base': '/home/alberto/Documents/kia_gd_ws/build/ur_ros_rtde', 'catkin_cmake_args': None, 'catkin_skip_building_tests': False, 'cmake_args': None, 'cmake_clean_cache': False, 'cmake_clean_first': False, 'cmake_force_configure': False, 'cmake_target': None, 'cmake_target_skip_unavailable': False, 'install_base': '/home/alberto/Documents/kia_gd_ws/install/ur_ros_rtde', 'merge_install': False, 'path': '/home/alberto/Documents/kia_gd_ws/src/ur_ros_rtde/ur_ros_rtde', 'symlink_install': False, 'test_result_base': None}
[0.380s] Level 5:colcon.colcon_core.verb:set package 'ur_ros_rtde_gripper_commands' build argument 'cmake_args' from command line to 'None'
[0.380s] Level 5:colcon.colcon_core.verb:set package 'ur_ros_rtde_gripper_commands' build argument 'cmake_target' from command line to 'None'
[0.380s] Level 5:colcon.colcon_core.verb:set package 'ur_ros_rtde_gripper_commands' build argument 'cmake_target_skip_unavailable' from command line to 'False'
[0.380s] Level 5:colcon.colcon_core.verb:set package 'ur_ros_rtde_gripper_commands' build argument 'cmake_clean_cache' from command line to 'False'
[0.380s] Level 5:colcon.colcon_core.verb:set package 'ur_ros_rtde_gripper_commands' build argument 'cmake_clean_first' from command line to 'False'
[0.380s] Level 5:colcon.colcon_core.verb:set package 'ur_ros_rtde_gripper_commands' build argument 'cmake_force_configure' from command line to 'False'
[0.380s] Level 5:colcon.colcon_core.verb:set package 'ur_ros_rtde_gripper_commands' build argument 'ament_cmake_args' from command line to 'None'
[0.380s] Level 5:colcon.colcon_core.verb:set package 'ur_ros_rtde_gripper_commands' build argument 'catkin_cmake_args' from command line to 'None'
[0.380s] Level 5:colcon.colcon_core.verb:set package 'ur_ros_rtde_gripper_commands' build argument 'catkin_skip_building_tests' from command line to 'False'
[0.381s] DEBUG:colcon.colcon_core.verb:Building package 'ur_ros_rtde_gripper_commands' with the following arguments: {'ament_cmake_args': None, 'build_base': '/home/alberto/Documents/kia_gd_ws/build/ur_ros_rtde_gripper_commands', 'catkin_cmake_args': None, 'catkin_skip_building_tests': False, 'cmake_args': None, 'cmake_clean_cache': False, 'cmake_clean_first': False, 'cmake_force_configure': False, 'cmake_target': None, 'cmake_target_skip_unavailable': False, 'install_base': '/home/alberto/Documents/kia_gd_ws/install/ur_ros_rtde_gripper_commands', 'merge_install': False, 'path': '/home/alberto/Documents/kia_gd_ws/src/ur_ros_rtde/ur_ros_rtde_gripper_commands', 'symlink_install': False, 'test_result_base': None}
[0.381s] Level 5:colcon.colcon_core.verb:set package 'ur_ros_rtde_tutorials' build argument 'cmake_args' from command line to 'None'
[0.381s] Level 5:colcon.colcon_core.verb:set package 'ur_ros_rtde_tutorials' build argument 'cmake_target' from command line to 'None'
[0.381s] Level 5:colcon.colcon_core.verb:set package 'ur_ros_rtde_tutorials' build argument 'cmake_target_skip_unavailable' from command line to 'False'
[0.381s] Level 5:colcon.colcon_core.verb:set package 'ur_ros_rtde_tutorials' build argument 'cmake_clean_cache' from command line to 'False'
[0.381s] Level 5:colcon.colcon_core.verb:set package 'ur_ros_rtde_tutorials' build argument 'cmake_clean_first' from command line to 'False'
[0.381s] Level 5:colcon.colcon_core.verb:set package 'ur_ros_rtde_tutorials' build argument 'cmake_force_configure' from command line to 'False'
[0.381s] Level 5:colcon.colcon_core.verb:set package 'ur_ros_rtde_tutorials' build argument 'ament_cmake_args' from command line to 'None'
[0.381s] Level 5:colcon.colcon_core.verb:set package 'ur_ros_rtde_tutorials' build argument 'catkin_cmake_args' from command line to 'None'
[0.381s] Level 5:colcon.colcon_core.verb:set package 'ur_ros_rtde_tutorials' build argument 'catkin_skip_building_tests' from command line to 'False'
[0.381s] DEBUG:colcon.colcon_core.verb:Building package 'ur_ros_rtde_tutorials' with the following arguments: {'ament_cmake_args': None, 'build_base': '/home/alberto/Documents/kia_gd_ws/build/ur_ros_rtde_tutorials', 'catkin_cmake_args': None, 'catkin_skip_building_tests': False, 'cmake_args': None, 'cmake_clean_cache': False, 'cmake_clean_first': False, 'cmake_force_configure': False, 'cmake_target': None, 'cmake_target_skip_unavailable': False, 'install_base': '/home/alberto/Documents/kia_gd_ws/install/ur_ros_rtde_tutorials', 'merge_install': False, 'path': '/home/alberto/Documents/kia_gd_ws/src/ur_ros_rtde/ur_ros_rtde_tutorials', 'symlink_install': False, 'test_result_base': None}
[0.382s] INFO:colcon.colcon_core.executor:Executing jobs using 'parallel' executor
[0.383s] DEBUG:colcon.colcon_parallel_executor.executor.parallel:run_until_complete
[0.383s] INFO:colcon.colcon_ros.task.ament_cmake.build:Building ROS package in '/home/alberto/Documents/kia_gd_ws/src/ur_ros_rtde/ur_ros_rtde_msgs' with build type 'ament_cmake'
[0.383s] INFO:colcon.colcon_cmake.task.cmake.build:Building CMake package in '/home/alberto/Documents/kia_gd_ws/src/ur_ros_rtde/ur_ros_rtde_msgs'
[0.387s] INFO:colcon.colcon_core.plugin_system:Skipping extension 'colcon_core.shell.bat': Not used on non-Windows systems
[0.387s] INFO:colcon.colcon_core.shell:Skip shell extension 'powershell' for command environment: Not usable outside of PowerShell
[0.387s] DEBUG:colcon.colcon_core.shell:Skip shell extension 'dsv' for command environment
[0.395s] INFO:colcon.colcon_ros.task.ament_cmake.build:Building ROS package in '/home/alberto/Documents/kia_gd_ws/src/ur_ros_rtde/ur_ros_rtde_simple_clients' with build type 'ament_cmake'
[0.395s] INFO:colcon.colcon_cmake.task.cmake.build:Building CMake package in '/home/alberto/Documents/kia_gd_ws/src/ur_ros_rtde/ur_ros_rtde_simple_clients'
[0.395s] INFO:colcon.colcon_core.shell:Skip shell extension 'powershell' for command environment: Not usable outside of PowerShell
[0.395s] DEBUG:colcon.colcon_core.shell:Skip shell extension 'dsv' for command environment
[0.406s] INFO:colcon.colcon_ros.task.ament_cmake.build:Building ROS package in '/home/alberto/Documents/kia_gd_ws/src/ur_ros_rtde/simple_ur10e_description' with build type 'ament_cmake'
[0.406s] INFO:colcon.colcon_cmake.task.cmake.build:Building CMake package in '/home/alberto/Documents/kia_gd_ws/src/ur_ros_rtde/simple_ur10e_description'
[0.407s] INFO:colcon.colcon_core.shell:Skip shell extension 'powershell' for command environment: Not usable outside of PowerShell
[0.407s] DEBUG:colcon.colcon_core.shell:Skip shell extension 'dsv' for command environment
[0.417s] INFO:colcon.colcon_ros.task.ament_cmake.build:Building ROS package in '/home/alberto/Documents/kia_gd_ws/src/kia_gd' with build type 'ament_cmake'
[0.417s] INFO:colcon.colcon_cmake.task.cmake.build:Building CMake package in '/home/alberto/Documents/kia_gd_ws/src/kia_gd'
[0.417s] INFO:colcon.colcon_core.shell:Skip shell extension 'powershell' for command environment: Not usable outside of PowerShell
[0.417s] DEBUG:colcon.colcon_core.shell:Skip shell extension 'dsv' for command environment
[0.429s] INFO:colcon.colcon_ros.task.ament_python.build:Building ROS package in '/home/alberto/Documents/kia_gd_ws/src/ROS-TCP-Endpoint' with build type 'ament_python'
[0.430s] Level 1:colcon.colcon_core.shell:create_environment_hook('ros_tcp_endpoint', 'ament_prefix_path')
[0.430s] INFO:colcon.colcon_core.shell:Creating environment hook '/home/alberto/Documents/kia_gd_ws/install/ros_tcp_endpoint/share/ros_tcp_endpoint/hook/ament_prefix_path.ps1'
[0.432s] INFO:colcon.colcon_core.shell:Creating environment descriptor '/home/alberto/Documents/kia_gd_ws/install/ros_tcp_endpoint/share/ros_tcp_endpoint/hook/ament_prefix_path.dsv'
[0.432s] INFO:colcon.colcon_core.shell:Creating environment hook '/home/alberto/Documents/kia_gd_ws/install/ros_tcp_endpoint/share/ros_tcp_endpoint/hook/ament_prefix_path.sh'
[0.434s] INFO:colcon.colcon_core.shell:Skip shell extension 'powershell' for command environment: Not usable outside of PowerShell
[0.434s] DEBUG:colcon.colcon_core.shell:Skip shell extension 'dsv' for command environment
[0.454s] DEBUG:colcon.colcon_core.event_handler.log_command:Invoking command in '/home/alberto/Documents/kia_gd_ws/build/ur_ros_rtde_msgs': CMAKE_PREFIX_PATH=/home/alberto/Documents/kia_gd_ws/install/ur_ros_rtde_tutorials:/home/alberto/Documents/kia_gd_ws/install/ur_ros_rtde:/home/alberto/Documents/kia_gd_ws/install/ur_ros_rtde_simple_clients:/home/alberto/Documents/kia_gd_ws/install/ur_ros_rtde_gripper_commands:/home/alberto/Documents/kia_gd_ws/install/ur_ros_rtde_msgs:/home/alberto/Documents/kia_gd_ws/install/ur:/home/alberto/Documents/kia_gd_ws/install/ur_calibration:/home/alberto/Documents/kia_gd_ws/install/ur_robot_driver:/home/alberto/Documents/kia_gd_ws/install/ur_moveit_config:/home/alberto/Documents/kia_gd_ws/install/ur_bringup:/home/alberto/Documents/kia_gd_ws/install/ur_controllers:/home/alberto/Documents/kia_gd_ws/install/ur_dashboard_msgs:/home/alberto/Documents/kia_gd_ws/install/simple_ur10e_moveit_config:/home/alberto/Documents/kia_gd_ws/install/simple_ur10e_description:/home/alberto/Documents/kia_gd_ws/install/kia_gd:/home/alberto/Documents/sub_alberto/install/uuv_visualization:/home/alberto/Documents/sub_alberto/install/uuv_vision:/home/alberto/Documents/sub_alberto/install/uuv_navigation:/home/alberto/Documents/sub_alberto/install/uuv_mission:/home/alberto/Documents/sub_alberto/install/uuv_master:/home/alberto/Documents/sub_alberto/install/uuv_control:/home/alberto/install/vectornav:/home/alberto/install/vectornav_msgs:/home/alberto/install/uuv_teleop:/home/alberto/install/uuv_description:/home/alberto/install/sub:/home/alberto/install/pid:/home/alberto/Documents/kia_gd_ws/install/ros_tcp_endpoint:/home/alberto/ros2_ws/install/docker_test:/opt/ros/humble:/home/alberto/install/catkin:/home/alberto/ros2_ws/install/sub:/home/alberto/ros2_ws/install/pid:/home/alberto/ros2_ws/install/catkin:/home/alberto/uuv/install/uuv /usr/bin/cmake --build /home/alberto/Documents/kia_gd_ws/build/ur_ros_rtde_msgs -- -j8 -l8
[0.461s] DEBUG:colcon.colcon_core.event_handler.log_command:Invoking command in '/home/alberto/Documents/kia_gd_ws/build/ur_ros_rtde_simple_clients': CMAKE_PREFIX_PATH=/home/alberto/Documents/kia_gd_ws/install/ur_ros_rtde_tutorials:/home/alberto/Documents/kia_gd_ws/install/ur_ros_rtde:/home/alberto/Documents/kia_gd_ws/install/ur_ros_rtde_simple_clients:/home/alberto/Documents/kia_gd_ws/install/ur_ros_rtde_gripper_commands:/home/alberto/Documents/kia_gd_ws/install/ur_ros_rtde_msgs:/home/alberto/Documents/kia_gd_ws/install/ur:/home/alberto/Documents/kia_gd_ws/install/ur_calibration:/home/alberto/Documents/kia_gd_ws/install/ur_robot_driver:/home/alberto/Documents/kia_gd_ws/install/ur_moveit_config:/home/alberto/Documents/kia_gd_ws/install/ur_bringup:/home/alberto/Documents/kia_gd_ws/install/ur_controllers:/home/alberto/Documents/kia_gd_ws/install/ur_dashboard_msgs:/home/alberto/Documents/kia_gd_ws/install/simple_ur10e_moveit_config:/home/alberto/Documents/kia_gd_ws/install/simple_ur10e_description:/home/alberto/Documents/kia_gd_ws/install/kia_gd:/home/alberto/Documents/sub_alberto/install/uuv_visualization:/home/alberto/Documents/sub_alberto/install/uuv_vision:/home/alberto/Documents/sub_alberto/install/uuv_navigation:/home/alberto/Documents/sub_alberto/install/uuv_mission:/home/alberto/Documents/sub_alberto/install/uuv_master:/home/alberto/Documents/sub_alberto/install/uuv_control:/home/alberto/install/vectornav:/home/alberto/install/vectornav_msgs:/home/alberto/install/uuv_teleop:/home/alberto/install/uuv_description:/home/alberto/install/sub:/home/alberto/install/pid:/home/alberto/Documents/kia_gd_ws/install/ros_tcp_endpoint:/home/alberto/ros2_ws/install/docker_test:/opt/ros/humble:/home/alberto/install/catkin:/home/alberto/ros2_ws/install/sub:/home/alberto/ros2_ws/install/pid:/home/alberto/ros2_ws/install/catkin:/home/alberto/uuv/install/uuv /usr/bin/cmake --build /home/alberto/Documents/kia_gd_ws/build/ur_ros_rtde_simple_clients -- -j8 -l8
[0.466s] DEBUG:colcon.colcon_core.event_handler.log_command:Invoking command in '/home/alberto/Documents/kia_gd_ws/build/simple_ur10e_description': CMAKE_PREFIX_PATH=/home/alberto/Documents/kia_gd_ws/install/ur_ros_rtde_tutorials:/home/alberto/Documents/kia_gd_ws/install/ur_ros_rtde:/home/alberto/Documents/kia_gd_ws/install/ur_ros_rtde_simple_clients:/home/alberto/Documents/kia_gd_ws/install/ur_ros_rtde_gripper_commands:/home/alberto/Documents/kia_gd_ws/install/ur_ros_rtde_msgs:/home/alberto/Documents/kia_gd_ws/install/ur:/home/alberto/Documents/kia_gd_ws/install/ur_calibration:/home/alberto/Documents/kia_gd_ws/install/ur_robot_driver:/home/alberto/Documents/kia_gd_ws/install/ur_moveit_config:/home/alberto/Documents/kia_gd_ws/install/ur_bringup:/home/alberto/Documents/kia_gd_ws/install/ur_controllers:/home/alberto/Documents/kia_gd_ws/install/ur_dashboard_msgs:/home/alberto/Documents/kia_gd_ws/install/simple_ur10e_moveit_config:/home/alberto/Documents/kia_gd_ws/install/simple_ur10e_description:/home/alberto/Documents/kia_gd_ws/install/kia_gd:/home/alberto/Documents/sub_alberto/install/uuv_visualization:/home/alberto/Documents/sub_alberto/install/uuv_vision:/home/alberto/Documents/sub_alberto/install/uuv_navigation:/home/alberto/Documents/sub_alberto/install/uuv_mission:/home/alberto/Documents/sub_alberto/install/uuv_master:/home/alberto/Documents/sub_alberto/install/uuv_control:/home/alberto/install/vectornav:/home/alberto/install/vectornav_msgs:/home/alberto/install/uuv_teleop:/home/alberto/install/uuv_description:/home/alberto/install/sub:/home/alberto/install/pid:/home/alberto/Documents/kia_gd_ws/install/ros_tcp_endpoint:/home/alberto/ros2_ws/install/docker_test:/opt/ros/humble:/home/alberto/install/catkin:/home/alberto/ros2_ws/install/sub:/home/alberto/ros2_ws/install/pid:/home/alberto/ros2_ws/install/catkin:/home/alberto/uuv/install/uuv /usr/bin/cmake --build /home/alberto/Documents/kia_gd_ws/build/simple_ur10e_description -- -j8 -l8
[0.470s] DEBUG:colcon.colcon_core.event_handler.log_command:Invoking command in '/home/alberto/Documents/kia_gd_ws/build/kia_gd': CMAKE_PREFIX_PATH=/home/alberto/Documents/kia_gd_ws/install/ur_ros_rtde_tutorials:/home/alberto/Documents/kia_gd_ws/install/ur_ros_rtde:/home/alberto/Documents/kia_gd_ws/install/ur_ros_rtde_simple_clients:/home/alberto/Documents/kia_gd_ws/install/ur_ros_rtde_gripper_commands:/home/alberto/Documents/kia_gd_ws/install/ur_ros_rtde_msgs:/home/alberto/Documents/kia_gd_ws/install/ur:/home/alberto/Documents/kia_gd_ws/install/ur_calibration:/home/alberto/Documents/kia_gd_ws/install/ur_robot_driver:/home/alberto/Documents/kia_gd_ws/install/ur_moveit_config:/home/alberto/Documents/kia_gd_ws/install/ur_bringup:/home/alberto/Documents/kia_gd_ws/install/ur_controllers:/home/alberto/Documents/kia_gd_ws/install/ur_dashboard_msgs:/home/alberto/Documents/kia_gd_ws/install/simple_ur10e_moveit_config:/home/alberto/Documents/kia_gd_ws/install/simple_ur10e_description:/home/alberto/Documents/kia_gd_ws/install/kia_gd:/home/alberto/Documents/sub_alberto/install/uuv_visualization:/home/alberto/Documents/sub_alberto/install/uuv_vision:/home/alberto/Documents/sub_alberto/install/uuv_navigation:/home/alberto/Documents/sub_alberto/install/uuv_mission:/home/alberto/Documents/sub_alberto/install/uuv_master:/home/alberto/Documents/sub_alberto/install/uuv_control:/home/alberto/install/vectornav:/home/alberto/install/vectornav_msgs:/home/alberto/install/uuv_teleop:/home/alberto/install/uuv_description:/home/alberto/install/sub:/home/alberto/install/pid:/home/alberto/Documents/kia_gd_ws/install/ros_tcp_endpoint:/home/alberto/ros2_ws/install/docker_test:/opt/ros/humble:/home/alberto/install/catkin:/home/alberto/ros2_ws/install/sub:/home/alberto/ros2_ws/install/pid:/home/alberto/ros2_ws/install/catkin:/home/alberto/uuv/install/uuv /usr/bin/cmake --build /home/alberto/Documents/kia_gd_ws/build/kia_gd -- -j8 -l8
[0.874s] INFO:colcon.colcon_core.task.python.build:Building Python package in '/home/alberto/Documents/kia_gd_ws/src/ROS-TCP-Endpoint'
[0.874s] INFO:colcon.colcon_core.shell:Skip shell extension 'powershell' for command environment: Not usable outside of PowerShell
[0.875s] DEBUG:colcon.colcon_core.shell:Skip shell extension 'dsv' for command environment
[0.885s] DEBUG:colcon.colcon_core.event_handler.log_command:Invoked command in '/home/alberto/Documents/kia_gd_ws/build/simple_ur10e_description' returned '0': CMAKE_PREFIX_PATH=/home/alberto/Documents/kia_gd_ws/install/ur_ros_rtde_tutorials:/home/alberto/Documents/kia_gd_ws/install/ur_ros_rtde:/home/alberto/Documents/kia_gd_ws/install/ur_ros_rtde_simple_clients:/home/alberto/Documents/kia_gd_ws/install/ur_ros_rtde_gripper_commands:/home/alberto/Documents/kia_gd_ws/install/ur_ros_rtde_msgs:/home/alberto/Documents/kia_gd_ws/install/ur:/home/alberto/Documents/kia_gd_ws/install/ur_calibration:/home/alberto/Documents/kia_gd_ws/install/ur_robot_driver:/home/alberto/Documents/kia_gd_ws/install/ur_moveit_config:/home/alberto/Documents/kia_gd_ws/install/ur_bringup:/home/alberto/Documents/kia_gd_ws/install/ur_controllers:/home/alberto/Documents/kia_gd_ws/install/ur_dashboard_msgs:/home/alberto/Documents/kia_gd_ws/install/simple_ur10e_moveit_config:/home/alberto/Documents/kia_gd_ws/install/simple_ur10e_description:/home/alberto/Documents/kia_gd_ws/install/kia_gd:/home/alberto/Documents/sub_alberto/install/uuv_visualization:/home/alberto/Documents/sub_alberto/install/uuv_vision:/home/alberto/Documents/sub_alberto/install/uuv_navigation:/home/alberto/Documents/sub_alberto/install/uuv_mission:/home/alberto/Documents/sub_alberto/install/uuv_master:/home/alberto/Documents/sub_alberto/install/uuv_control:/home/alberto/install/vectornav:/home/alberto/install/vectornav_msgs:/home/alberto/install/uuv_teleop:/home/alberto/install/uuv_description:/home/alberto/install/sub:/home/alberto/install/pid:/home/alberto/Documents/kia_gd_ws/install/ros_tcp_endpoint:/home/alberto/ros2_ws/install/docker_test:/opt/ros/humble:/home/alberto/install/catkin:/home/alberto/ros2_ws/install/sub:/home/alberto/ros2_ws/install/pid:/home/alberto/ros2_ws/install/catkin:/home/alberto/uuv/install/uuv /usr/bin/cmake --build /home/alberto/Documents/kia_gd_ws/build/simple_ur10e_description -- -j8 -l8
[0.899s] DEBUG:colcon.colcon_core.event_handler.log_command:Invoking command in '/home/alberto/Documents/kia_gd_ws/build/simple_ur10e_description': CMAKE_PREFIX_PATH=/home/alberto/Documents/kia_gd_ws/install/ur_ros_rtde_tutorials:/home/alberto/Documents/kia_gd_ws/install/ur_ros_rtde:/home/alberto/Documents/kia_gd_ws/install/ur_ros_rtde_simple_clients:/home/alberto/Documents/kia_gd_ws/install/ur_ros_rtde_gripper_commands:/home/alberto/Documents/kia_gd_ws/install/ur_ros_rtde_msgs:/home/alberto/Documents/kia_gd_ws/install/ur:/home/alberto/Documents/kia_gd_ws/install/ur_calibration:/home/alberto/Documents/kia_gd_ws/install/ur_robot_driver:/home/alberto/Documents/kia_gd_ws/install/ur_moveit_config:/home/alberto/Documents/kia_gd_ws/install/ur_bringup:/home/alberto/Documents/kia_gd_ws/install/ur_controllers:/home/alberto/Documents/kia_gd_ws/install/ur_dashboard_msgs:/home/alberto/Documents/kia_gd_ws/install/simple_ur10e_moveit_config:/home/alberto/Documents/kia_gd_ws/install/simple_ur10e_description:/home/alberto/Documents/kia_gd_ws/install/kia_gd:/home/alberto/Documents/sub_alberto/install/uuv_visualization:/home/alberto/Documents/sub_alberto/install/uuv_vision:/home/alberto/Documents/sub_alberto/install/uuv_navigation:/home/alberto/Documents/sub_alberto/install/uuv_mission:/home/alberto/Documents/sub_alberto/install/uuv_master:/home/alberto/Documents/sub_alberto/install/uuv_control:/home/alberto/install/vectornav:/home/alberto/install/vectornav_msgs:/home/alberto/install/uuv_teleop:/home/alberto/install/uuv_description:/home/alberto/install/sub:/home/alberto/install/pid:/home/alberto/Documents/kia_gd_ws/install/ros_tcp_endpoint:/home/alberto/ros2_ws/install/docker_test:/opt/ros/humble:/home/alberto/install/catkin:/home/alberto/ros2_ws/install/sub:/home/alberto/ros2_ws/install/pid:/home/alberto/ros2_ws/install/catkin:/home/alberto/uuv/install/uuv /usr/bin/cmake --install /home/alberto/Documents/kia_gd_ws/build/simple_ur10e_description
[0.901s] DEBUG:colcon.colcon_core.event_handler.log_command:Invoked command in '/home/alberto/Documents/kia_gd_ws/build/kia_gd' returned '0': CMAKE_PREFIX_PATH=/home/alberto/Documents/kia_gd_ws/install/ur_ros_rtde_tutorials:/home/alberto/Documents/kia_gd_ws/install/ur_ros_rtde:/home/alberto/Documents/kia_gd_ws/install/ur_ros_rtde_simple_clients:/home/alberto/Documents/kia_gd_ws/install/ur_ros_rtde_gripper_commands:/home/alberto/Documents/kia_gd_ws/install/ur_ros_rtde_msgs:/home/alberto/Documents/kia_gd_ws/install/ur:/home/alberto/Documents/kia_gd_ws/install/ur_calibration:/home/alberto/Documents/kia_gd_ws/install/ur_robot_driver:/home/alberto/Documents/kia_gd_ws/install/ur_moveit_config:/home/alberto/Documents/kia_gd_ws/install/ur_bringup:/home/alberto/Documents/kia_gd_ws/install/ur_controllers:/home/alberto/Documents/kia_gd_ws/install/ur_dashboard_msgs:/home/alberto/Documents/kia_gd_ws/install/simple_ur10e_moveit_config:/home/alberto/Documents/kia_gd_ws/install/simple_ur10e_description:/home/alberto/Documents/kia_gd_ws/install/kia_gd:/home/alberto/Documents/sub_alberto/install/uuv_visualization:/home/alberto/Documents/sub_alberto/install/uuv_vision:/home/alberto/Documents/sub_alberto/install/uuv_navigation:/home/alberto/Documents/sub_alberto/install/uuv_mission:/home/alberto/Documents/sub_alberto/install/uuv_master:/home/alberto/Documents/sub_alberto/install/uuv_control:/home/alberto/install/vectornav:/home/alberto/install/vectornav_msgs:/home/alberto/install/uuv_teleop:/home/alberto/install/uuv_description:/home/alberto/install/sub:/home/alberto/install/pid:/home/alberto/Documents/kia_gd_ws/install/ros_tcp_endpoint:/home/alberto/ros2_ws/install/docker_test:/opt/ros/humble:/home/alberto/install/catkin:/home/alberto/ros2_ws/install/sub:/home/alberto/ros2_ws/install/pid:/home/alberto/ros2_ws/install/catkin:/home/alberto/uuv/install/uuv /usr/bin/cmake --build /home/alberto/Documents/kia_gd_ws/build/kia_gd -- -j8 -l8
[0.904s] DEBUG:colcon.colcon_core.event_handler.log_command:Invoking command in '/home/alberto/Documents/kia_gd_ws/build/kia_gd': CMAKE_PREFIX_PATH=/home/alberto/Documents/kia_gd_ws/install/ur_ros_rtde_tutorials:/home/alberto/Documents/kia_gd_ws/install/ur_ros_rtde:/home/alberto/Documents/kia_gd_ws/install/ur_ros_rtde_simple_clients:/home/alberto/Documents/kia_gd_ws/install/ur_ros_rtde_gripper_commands:/home/alberto/Documents/kia_gd_ws/install/ur_ros_rtde_msgs:/home/alberto/Documents/kia_gd_ws/install/ur:/home/alberto/Documents/kia_gd_ws/install/ur_calibration:/home/alberto/Documents/kia_gd_ws/install/ur_robot_driver:/home/alberto/Documents/kia_gd_ws/install/ur_moveit_config:/home/alberto/Documents/kia_gd_ws/install/ur_bringup:/home/alberto/Documents/kia_gd_ws/install/ur_controllers:/home/alberto/Documents/kia_gd_ws/install/ur_dashboard_msgs:/home/alberto/Documents/kia_gd_ws/install/simple_ur10e_moveit_config:/home/alberto/Documents/kia_gd_ws/install/simple_ur10e_description:/home/alberto/Documents/kia_gd_ws/install/kia_gd:/home/alberto/Documents/sub_alberto/install/uuv_visualization:/home/alberto/Documents/sub_alberto/install/uuv_vision:/home/alberto/Documents/sub_alberto/install/uuv_navigation:/home/alberto/Documents/sub_alberto/install/uuv_mission:/home/alberto/Documents/sub_alberto/install/uuv_master:/home/alberto/Documents/sub_alberto/install/uuv_control:/home/alberto/install/vectornav:/home/alberto/install/vectornav_msgs:/home/alberto/install/uuv_teleop:/home/alberto/install/uuv_description:/home/alberto/install/sub:/home/alberto/install/pid:/home/alberto/Documents/kia_gd_ws/install/ros_tcp_endpoint:/home/alberto/ros2_ws/install/docker_test:/opt/ros/humble:/home/alberto/install/catkin:/home/alberto/ros2_ws/install/sub:/home/alberto/ros2_ws/install/pid:/home/alberto/ros2_ws/install/catkin:/home/alberto/uuv/install/uuv /usr/bin/cmake --install /home/alberto/Documents/kia_gd_ws/build/kia_gd
[0.910s] DEBUG:colcon.colcon_core.event_handler.log_command:Invoked command in '/home/alberto/Documents/kia_gd_ws/build/ur_ros_rtde_simple_clients' returned '0': CMAKE_PREFIX_PATH=/home/alberto/Documents/kia_gd_ws/install/ur_ros_rtde_tutorials:/home/alberto/Documents/kia_gd_ws/install/ur_ros_rtde:/home/alberto/Documents/kia_gd_ws/install/ur_ros_rtde_simple_clients:/home/alberto/Documents/kia_gd_ws/install/ur_ros_rtde_gripper_commands:/home/alberto/Documents/kia_gd_ws/install/ur_ros_rtde_msgs:/home/alberto/Documents/kia_gd_ws/install/ur:/home/alberto/Documents/kia_gd_ws/install/ur_calibration:/home/alberto/Documents/kia_gd_ws/install/ur_robot_driver:/home/alberto/Documents/kia_gd_ws/install/ur_moveit_config:/home/alberto/Documents/kia_gd_ws/install/ur_bringup:/home/alberto/Documents/kia_gd_ws/install/ur_controllers:/home/alberto/Documents/kia_gd_ws/install/ur_dashboard_msgs:/home/alberto/Documents/kia_gd_ws/install/simple_ur10e_moveit_config:/home/alberto/Documents/kia_gd_ws/install/simple_ur10e_description:/home/alberto/Documents/kia_gd_ws/install/kia_gd:/home/alberto/Documents/sub_alberto/install/uuv_visualization:/home/alberto/Documents/sub_alberto/install/uuv_vision:/home/alberto/Documents/sub_alberto/install/uuv_navigation:/home/alberto/Documents/sub_alberto/install/uuv_mission:/home/alberto/Documents/sub_alberto/install/uuv_master:/home/alberto/Documents/sub_alberto/install/uuv_control:/home/alberto/install/vectornav:/home/alberto/install/vectornav_msgs:/home/alberto/install/uuv_teleop:/home/alberto/install/uuv_description:/home/alberto/install/sub:/home/alberto/install/pid:/home/alberto/Documents/kia_gd_ws/install/ros_tcp_endpoint:/home/alberto/ros2_ws/install/docker_test:/opt/ros/humble:/home/alberto/install/catkin:/home/alberto/ros2_ws/install/sub:/home/alberto/ros2_ws/install/pid:/home/alberto/ros2_ws/install/catkin:/home/alberto/uuv/install/uuv /usr/bin/cmake --build /home/alberto/Documents/kia_gd_ws/build/ur_ros_rtde_simple_clients -- -j8 -l8
[0.911s] DEBUG:colcon.colcon_core.event_handler.log_command:Invoking command in '/home/alberto/Documents/kia_gd_ws/build/ur_ros_rtde_simple_clients': CMAKE_PREFIX_PATH=/home/alberto/Documents/kia_gd_ws/install/ur_ros_rtde_tutorials:/home/alberto/Documents/kia_gd_ws/install/ur_ros_rtde:/home/alberto/Documents/kia_gd_ws/install/ur_ros_rtde_simple_clients:/home/alberto/Documents/kia_gd_ws/install/ur_ros_rtde_gripper_commands:/home/alberto/Documents/kia_gd_ws/install/ur_ros_rtde_msgs:/home/alberto/Documents/kia_gd_ws/install/ur:/home/alberto/Documents/kia_gd_ws/install/ur_calibration:/home/alberto/Documents/kia_gd_ws/install/ur_robot_driver:/home/alberto/Documents/kia_gd_ws/install/ur_moveit_config:/home/alberto/Documents/kia_gd_ws/install/ur_bringup:/home/alberto/Documents/kia_gd_ws/install/ur_controllers:/home/alberto/Documents/kia_gd_ws/install/ur_dashboard_msgs:/home/alberto/Documents/kia_gd_ws/install/simple_ur10e_moveit_config:/home/alberto/Documents/kia_gd_ws/install/simple_ur10e_description:/home/alberto/Documents/kia_gd_ws/install/kia_gd:/home/alberto/Documents/sub_alberto/install/uuv_visualization:/home/alberto/Documents/sub_alberto/install/uuv_vision:/home/alberto/Documents/sub_alberto/install/uuv_navigation:/home/alberto/Documents/sub_alberto/install/uuv_mission:/home/alberto/Documents/sub_alberto/install/uuv_master:/home/alberto/Documents/sub_alberto/install/uuv_control:/home/alberto/install/vectornav:/home/alberto/install/vectornav_msgs:/home/alberto/install/uuv_teleop:/home/alberto/install/uuv_description:/home/alberto/install/sub:/home/alberto/install/pid:/home/alberto/Documents/kia_gd_ws/install/ros_tcp_endpoint:/home/alberto/ros2_ws/install/docker_test:/opt/ros/humble:/home/alberto/install/catkin:/home/alberto/ros2_ws/install/sub:/home/alberto/ros2_ws/install/pid:/home/alberto/ros2_ws/install/catkin:/home/alberto/uuv/install/uuv /usr/bin/cmake --install /home/alberto/Documents/kia_gd_ws/build/ur_ros_rtde_simple_clients
[0.929s] Level 1:colcon.colcon_core.environment:create_environment_scripts_only(simple_ur10e_description)
[0.933s] DEBUG:colcon.colcon_core.event_handler.log_command:Invoked command in '/home/alberto/Documents/kia_gd_ws/build/simple_ur10e_description' returned '0': CMAKE_PREFIX_PATH=/home/alberto/Documents/kia_gd_ws/install/ur_ros_rtde_tutorials:/home/alberto/Documents/kia_gd_ws/install/ur_ros_rtde:/home/alberto/Documents/kia_gd_ws/install/ur_ros_rtde_simple_clients:/home/alberto/Documents/kia_gd_ws/install/ur_ros_rtde_gripper_commands:/home/alberto/Documents/kia_gd_ws/install/ur_ros_rtde_msgs:/home/alberto/Documents/kia_gd_ws/install/ur:/home/alberto/Documents/kia_gd_ws/install/ur_calibration:/home/alberto/Documents/kia_gd_ws/install/ur_robot_driver:/home/alberto/Documents/kia_gd_ws/install/ur_moveit_config:/home/alberto/Documents/kia_gd_ws/install/ur_bringup:/home/alberto/Documents/kia_gd_ws/install/ur_controllers:/home/alberto/Documents/kia_gd_ws/install/ur_dashboard_msgs:/home/alberto/Documents/kia_gd_ws/install/simple_ur10e_moveit_config:/home/alberto/Documents/kia_gd_ws/install/simple_ur10e_description:/home/alberto/Documents/kia_gd_ws/install/kia_gd:/home/alberto/Documents/sub_alberto/install/uuv_visualization:/home/alberto/Documents/sub_alberto/install/uuv_vision:/home/alberto/Documents/sub_alberto/install/uuv_navigation:/home/alberto/Documents/sub_alberto/install/uuv_mission:/home/alberto/Documents/sub_alberto/install/uuv_master:/home/alberto/Documents/sub_alberto/install/uuv_control:/home/alberto/install/vectornav:/home/alberto/install/vectornav_msgs:/home/alberto/install/uuv_teleop:/home/alberto/install/uuv_description:/home/alberto/install/sub:/home/alberto/install/pid:/home/alberto/Documents/kia_gd_ws/install/ros_tcp_endpoint:/home/alberto/ros2_ws/install/docker_test:/opt/ros/humble:/home/alberto/install/catkin:/home/alberto/ros2_ws/install/sub:/home/alberto/ros2_ws/install/pid:/home/alberto/ros2_ws/install/catkin:/home/alberto/uuv/install/uuv /usr/bin/cmake --install /home/alberto/Documents/kia_gd_ws/build/simple_ur10e_description
[0.941s] Level 1:colcon.colcon_core.environment:checking '/home/alberto/Documents/kia_gd_ws/install/simple_ur10e_description' for CMake module files
[0.945s] Level 1:colcon.colcon_core.environment:checking '/home/alberto/Documents/kia_gd_ws/install/simple_ur10e_description' for CMake config files
[0.946s] Level 1:colcon.colcon_core.shell:create_environment_hook('simple_ur10e_description', 'cmake_prefix_path')
[0.948s] INFO:colcon.colcon_core.shell:Creating environment hook '/home/alberto/Documents/kia_gd_ws/install/simple_ur10e_description/share/simple_ur10e_description/hook/cmake_prefix_path.ps1'
[0.949s] INFO:colcon.colcon_core.shell:Creating environment descriptor '/home/alberto/Documents/kia_gd_ws/install/simple_ur10e_description/share/simple_ur10e_description/hook/cmake_prefix_path.dsv'
[0.950s] INFO:colcon.colcon_core.shell:Creating environment hook '/home/alberto/Documents/kia_gd_ws/install/simple_ur10e_description/share/simple_ur10e_description/hook/cmake_prefix_path.sh'
[0.958s] Level 1:colcon.colcon_core.environment:checking '/home/alberto/Documents/kia_gd_ws/install/simple_ur10e_description/bin'
[0.959s] Level 1:colcon.colcon_core.environment:checking '/home/alberto/Documents/kia_gd_ws/install/simple_ur10e_description/lib/pkgconfig/simple_ur10e_description.pc'
[0.959s] Level 1:colcon.colcon_core.environment:checking '/home/alberto/Documents/kia_gd_ws/install/simple_ur10e_description/lib/python3.10/site-packages'
[0.960s] Level 1:colcon.colcon_core.environment:checking '/home/alberto/Documents/kia_gd_ws/install/simple_ur10e_description/bin'
[0.961s] INFO:colcon.colcon_core.shell:Creating package script '/home/alberto/Documents/kia_gd_ws/install/simple_ur10e_description/share/simple_ur10e_description/package.ps1'
[0.966s] INFO:colcon.colcon_core.shell:Creating package descriptor '/home/alberto/Documents/kia_gd_ws/install/simple_ur10e_description/share/simple_ur10e_description/package.dsv'
[0.967s] INFO:colcon.colcon_core.shell:Creating package script '/home/alberto/Documents/kia_gd_ws/install/simple_ur10e_description/share/simple_ur10e_description/package.sh'
[0.969s] INFO:colcon.colcon_core.shell:Creating package script '/home/alberto/Documents/kia_gd_ws/install/simple_ur10e_description/share/simple_ur10e_description/package.bash'
[0.971s] INFO:colcon.colcon_core.shell:Creating package script '/home/alberto/Documents/kia_gd_ws/install/simple_ur10e_description/share/simple_ur10e_description/package.zsh'
[0.974s] Level 1:colcon.colcon_core.environment:create_file_with_runtime_dependencies(/home/alberto/Documents/kia_gd_ws/install/simple_ur10e_description/share/colcon-core/packages/simple_ur10e_description)
[0.975s] Level 1:colcon.colcon_core.environment:create_environment_scripts_only(simple_ur10e_description)
[0.976s] Level 1:colcon.colcon_core.environment:checking '/home/alberto/Documents/kia_gd_ws/install/simple_ur10e_description' for CMake module files
[0.977s] Level 1:colcon.colcon_core.environment:checking '/home/alberto/Documents/kia_gd_ws/install/simple_ur10e_description' for CMake config files
[0.977s] Level 1:colcon.colcon_core.shell:create_environment_hook('simple_ur10e_description', 'cmake_prefix_path')
[0.978s] INFO:colcon.colcon_core.shell:Creating environment hook '/home/alberto/Documents/kia_gd_ws/install/simple_ur10e_description/share/simple_ur10e_description/hook/cmake_prefix_path.ps1'
[0.978s] INFO:colcon.colcon_core.shell:Creating environment descriptor '/home/alberto/Documents/kia_gd_ws/install/simple_ur10e_description/share/simple_ur10e_description/hook/cmake_prefix_path.dsv'
[0.979s] INFO:colcon.colcon_core.shell:Creating environment hook '/home/alberto/Documents/kia_gd_ws/install/simple_ur10e_description/share/simple_ur10e_description/hook/cmake_prefix_path.sh'
[0.980s] Level 1:colcon.colcon_core.environment:checking '/home/alberto/Documents/kia_gd_ws/install/simple_ur10e_description/bin'
[0.980s] Level 1:colcon.colcon_core.environment:checking '/home/alberto/Documents/kia_gd_ws/install/simple_ur10e_description/lib/pkgconfig/simple_ur10e_description.pc'
[0.980s] Level 1:colcon.colcon_core.environment:checking '/home/alberto/Documents/kia_gd_ws/install/simple_ur10e_description/lib/python3.10/site-packages'
[0.981s] Level 1:colcon.colcon_core.environment:checking '/home/alberto/Documents/kia_gd_ws/install/simple_ur10e_description/bin'
[0.982s] INFO:colcon.colcon_core.shell:Creating package script '/home/alberto/Documents/kia_gd_ws/install/simple_ur10e_description/share/simple_ur10e_description/package.ps1'
[0.983s] INFO:colcon.colcon_core.shell:Creating package descriptor '/home/alberto/Documents/kia_gd_ws/install/simple_ur10e_description/share/simple_ur10e_description/package.dsv'
[0.984s] INFO:colcon.colcon_core.shell:Creating package script '/home/alberto/Documents/kia_gd_ws/install/simple_ur10e_description/share/simple_ur10e_description/package.sh'
[0.984s] INFO:colcon.colcon_core.shell:Creating package script '/home/alberto/Documents/kia_gd_ws/install/simple_ur10e_description/share/simple_ur10e_description/package.bash'
[0.985s] INFO:colcon.colcon_core.shell:Creating package script '/home/alberto/Documents/kia_gd_ws/install/simple_ur10e_description/share/simple_ur10e_description/package.zsh'
[0.986s] Level 1:colcon.colcon_core.environment:create_file_with_runtime_dependencies(/home/alberto/Documents/kia_gd_ws/install/simple_ur10e_description/share/colcon-core/packages/simple_ur10e_description)
[0.987s] INFO:colcon.colcon_ros.task.ament_cmake.build:Building ROS package in '/home/alberto/Documents/kia_gd_ws/src/ur_ros_rtde/simple_ur10e_moveit_config' with build type 'ament_cmake'
[0.987s] INFO:colcon.colcon_cmake.task.cmake.build:Building CMake package in '/home/alberto/Documents/kia_gd_ws/src/ur_ros_rtde/simple_ur10e_moveit_config'
[0.987s] INFO:colcon.colcon_core.shell:Skip shell extension 'powershell' for command environment: Not usable outside of PowerShell
[0.987s] DEBUG:colcon.colcon_core.shell:Skip shell extension 'dsv' for command environment
[1.006s] Level 1:colcon.colcon_core.environment:create_environment_scripts_only(ur_ros_rtde_simple_clients)
[1.007s] Level 1:colcon.colcon_core.environment:checking '/home/alberto/Documents/kia_gd_ws/install/ur_ros_rtde_simple_clients' for CMake module files
[1.009s] Level 1:colcon.colcon_core.environment:checking '/home/alberto/Documents/kia_gd_ws/install/ur_ros_rtde_simple_clients' for CMake config files
[1.009s] Level 1:colcon.colcon_core.shell:create_environment_hook('ur_ros_rtde_simple_clients', 'cmake_prefix_path')
[1.010s] INFO:colcon.colcon_core.shell:Creating environment hook '/home/alberto/Documents/kia_gd_ws/install/ur_ros_rtde_simple_clients/share/ur_ros_rtde_simple_clients/hook/cmake_prefix_path.ps1'
[1.011s] INFO:colcon.colcon_core.shell:Creating environment descriptor '/home/alberto/Documents/kia_gd_ws/install/ur_ros_rtde_simple_clients/share/ur_ros_rtde_simple_clients/hook/cmake_prefix_path.dsv'
[1.012s] DEBUG:colcon.colcon_core.event_handler.log_command:Invoked command in '/home/alberto/Documents/kia_gd_ws/build/ur_ros_rtde_simple_clients' returned '0': CMAKE_PREFIX_PATH=/home/alberto/Documents/kia_gd_ws/install/ur_ros_rtde_tutorials:/home/alberto/Documents/kia_gd_ws/install/ur_ros_rtde:/home/alberto/Documents/kia_gd_ws/install/ur_ros_rtde_simple_clients:/home/alberto/Documents/kia_gd_ws/install/ur_ros_rtde_gripper_commands:/home/alberto/Documents/kia_gd_ws/install/ur_ros_rtde_msgs:/home/alberto/Documents/kia_gd_ws/install/ur:/home/alberto/Documents/kia_gd_ws/install/ur_calibration:/home/alberto/Documents/kia_gd_ws/install/ur_robot_driver:/home/alberto/Documents/kia_gd_ws/install/ur_moveit_config:/home/alberto/Documents/kia_gd_ws/install/ur_bringup:/home/alberto/Documents/kia_gd_ws/install/ur_controllers:/home/alberto/Documents/kia_gd_ws/install/ur_dashboard_msgs:/home/alberto/Documents/kia_gd_ws/install/simple_ur10e_moveit_config:/home/alberto/Documents/kia_gd_ws/install/simple_ur10e_description:/home/alberto/Documents/kia_gd_ws/install/kia_gd:/home/alberto/Documents/sub_alberto/install/uuv_visualization:/home/alberto/Documents/sub_alberto/install/uuv_vision:/home/alberto/Documents/sub_alberto/install/uuv_navigation:/home/alberto/Documents/sub_alberto/install/uuv_mission:/home/alberto/Documents/sub_alberto/install/uuv_master:/home/alberto/Documents/sub_alberto/install/uuv_control:/home/alberto/install/vectornav:/home/alberto/install/vectornav_msgs:/home/alberto/install/uuv_teleop:/home/alberto/install/uuv_description:/home/alberto/install/sub:/home/alberto/install/pid:/home/alberto/Documents/kia_gd_ws/install/ros_tcp_endpoint:/home/alberto/ros2_ws/install/docker_test:/opt/ros/humble:/home/alberto/install/catkin:/home/alberto/ros2_ws/install/sub:/home/alberto/ros2_ws/install/pid:/home/alberto/ros2_ws/install/catkin:/home/alberto/uuv/install/uuv /usr/bin/cmake --install /home/alberto/Documents/kia_gd_ws/build/ur_ros_rtde_simple_clients
[1.012s] INFO:colcon.colcon_core.shell:Creating environment hook '/home/alberto/Documents/kia_gd_ws/install/ur_ros_rtde_simple_clients/share/ur_ros_rtde_simple_clients/hook/cmake_prefix_path.sh'
[1.014s] Level 1:colcon.colcon_core.environment:checking '/home/alberto/Documents/kia_gd_ws/install/ur_ros_rtde_simple_clients/bin'
[1.014s] Level 1:colcon.colcon_core.environment:checking '/home/alberto/Documents/kia_gd_ws/install/ur_ros_rtde_simple_clients/lib/pkgconfig/ur_ros_rtde_simple_clients.pc'
[1.014s] Level 1:colcon.colcon_core.environment:checking '/home/alberto/Documents/kia_gd_ws/install/ur_ros_rtde_simple_clients/lib/python3.10/site-packages'
[1.015s] Level 1:colcon.colcon_core.environment:checking '/home/alberto/Documents/kia_gd_ws/install/ur_ros_rtde_simple_clients/bin'
[1.015s] INFO:colcon.colcon_core.shell:Creating package script '/home/alberto/Documents/kia_gd_ws/install/ur_ros_rtde_simple_clients/share/ur_ros_rtde_simple_clients/package.ps1'
[1.017s] INFO:colcon.colcon_core.shell:Creating package descriptor '/home/alberto/Documents/kia_gd_ws/install/ur_ros_rtde_simple_clients/share/ur_ros_rtde_simple_clients/package.dsv'
[1.017s] INFO:colcon.colcon_core.shell:Creating package script '/home/alberto/Documents/kia_gd_ws/install/ur_ros_rtde_simple_clients/share/ur_ros_rtde_simple_clients/package.sh'
[1.018s] INFO:colcon.colcon_core.shell:Creating package script '/home/alberto/Documents/kia_gd_ws/install/ur_ros_rtde_simple_clients/share/ur_ros_rtde_simple_clients/package.bash'
[1.019s] INFO:colcon.colcon_core.shell:Creating package script '/home/alberto/Documents/kia_gd_ws/install/ur_ros_rtde_simple_clients/share/ur_ros_rtde_simple_clients/package.zsh'
[1.019s] Level 1:colcon.colcon_core.environment:create_file_with_runtime_dependencies(/home/alberto/Documents/kia_gd_ws/install/ur_ros_rtde_simple_clients/share/colcon-core/packages/ur_ros_rtde_simple_clients)
[1.020s] Level 1:colcon.colcon_core.environment:create_environment_scripts_only(ur_ros_rtde_simple_clients)
[1.021s] Level 1:colcon.colcon_core.environment:checking '/home/alberto/Documents/kia_gd_ws/install/ur_ros_rtde_simple_clients' for CMake module files
[1.021s] Level 1:colcon.colcon_core.environment:checking '/home/alberto/Documents/kia_gd_ws/install/ur_ros_rtde_simple_clients' for CMake config files
[1.021s] Level 1:colcon.colcon_core.shell:create_environment_hook('ur_ros_rtde_simple_clients', 'cmake_prefix_path')
[1.022s] INFO:colcon.colcon_core.shell:Creating environment hook '/home/alberto/Documents/kia_gd_ws/install/ur_ros_rtde_simple_clients/share/ur_ros_rtde_simple_clients/hook/cmake_prefix_path.ps1'
[1.022s] INFO:colcon.colcon_core.shell:Creating environment descriptor '/home/alberto/Documents/kia_gd_ws/install/ur_ros_rtde_simple_clients/share/ur_ros_rtde_simple_clients/hook/cmake_prefix_path.dsv'
[1.023s] INFO:colcon.colcon_core.shell:Creating environment hook '/home/alberto/Documents/kia_gd_ws/install/ur_ros_rtde_simple_clients/share/ur_ros_rtde_simple_clients/hook/cmake_prefix_path.sh'
[1.023s] Level 1:colcon.colcon_core.environment:checking '/home/alberto/Documents/kia_gd_ws/install/ur_ros_rtde_simple_clients/bin'
[1.023s] Level 1:colcon.colcon_core.environment:checking '/home/alberto/Documents/kia_gd_ws/install/ur_ros_rtde_simple_clients/lib/pkgconfig/ur_ros_rtde_simple_clients.pc'
[1.024s] Level 1:colcon.colcon_core.environment:checking '/home/alberto/Documents/kia_gd_ws/install/ur_ros_rtde_simple_clients/lib/python3.10/site-packages'
[1.024s] Level 1:colcon.colcon_core.environment:checking '/home/alberto/Documents/kia_gd_ws/install/ur_ros_rtde_simple_clients/bin'
[1.025s] INFO:colcon.colcon_core.shell:Creating package script '/home/alberto/Documents/kia_gd_ws/install/ur_ros_rtde_simple_clients/share/ur_ros_rtde_simple_clients/package.ps1'
[1.025s] INFO:colcon.colcon_core.shell:Creating package descriptor '/home/alberto/Documents/kia_gd_ws/install/ur_ros_rtde_simple_clients/share/ur_ros_rtde_simple_clients/package.dsv'
[1.026s] INFO:colcon.colcon_core.shell:Creating package script '/home/alberto/Documents/kia_gd_ws/install/ur_ros_rtde_simple_clients/share/ur_ros_rtde_simple_clients/package.sh'
[1.026s] INFO:colcon.colcon_core.shell:Creating package script '/home/alberto/Documents/kia_gd_ws/install/ur_ros_rtde_simple_clients/share/ur_ros_rtde_simple_clients/package.bash'
[1.027s] INFO:colcon.colcon_core.shell:Creating package script '/home/alberto/Documents/kia_gd_ws/install/ur_ros_rtde_simple_clients/share/ur_ros_rtde_simple_clients/package.zsh'
[1.028s] Level 1:colcon.colcon_core.environment:create_file_with_runtime_dependencies(/home/alberto/Documents/kia_gd_ws/install/ur_ros_rtde_simple_clients/share/colcon-core/packages/ur_ros_rtde_simple_clients)
[1.029s] Level 1:colcon.colcon_core.environment:create_environment_scripts_only(kia_gd)
[1.029s] Level 1:colcon.colcon_core.environment:checking '/home/alberto/Documents/kia_gd_ws/install/kia_gd' for CMake module files
[1.031s] DEBUG:colcon.colcon_core.event_handler.log_command:Invoked command in '/home/alberto/Documents/kia_gd_ws/build/kia_gd' returned '0': CMAKE_PREFIX_PATH=/home/alberto/Documents/kia_gd_ws/install/ur_ros_rtde_tutorials:/home/alberto/Documents/kia_gd_ws/install/ur_ros_rtde:/home/alberto/Documents/kia_gd_ws/install/ur_ros_rtde_simple_clients:/home/alberto/Documents/kia_gd_ws/install/ur_ros_rtde_gripper_commands:/home/alberto/Documents/kia_gd_ws/install/ur_ros_rtde_msgs:/home/alberto/Documents/kia_gd_ws/install/ur:/home/alberto/Documents/kia_gd_ws/install/ur_calibration:/home/alberto/Documents/kia_gd_ws/install/ur_robot_driver:/home/alberto/Documents/kia_gd_ws/install/ur_moveit_config:/home/alberto/Documents/kia_gd_ws/install/ur_bringup:/home/alberto/Documents/kia_gd_ws/install/ur_controllers:/home/alberto/Documents/kia_gd_ws/install/ur_dashboard_msgs:/home/alberto/Documents/kia_gd_ws/install/simple_ur10e_moveit_config:/home/alberto/Documents/kia_gd_ws/install/simple_ur10e_description:/home/alberto/Documents/kia_gd_ws/install/kia_gd:/home/alberto/Documents/sub_alberto/install/uuv_visualization:/home/alberto/Documents/sub_alberto/install/uuv_vision:/home/alberto/Documents/sub_alberto/install/uuv_navigation:/home/alberto/Documents/sub_alberto/install/uuv_mission:/home/alberto/Documents/sub_alberto/install/uuv_master:/home/alberto/Documents/sub_alberto/install/uuv_control:/home/alberto/install/vectornav:/home/alberto/install/vectornav_msgs:/home/alberto/install/uuv_teleop:/home/alberto/install/uuv_description:/home/alberto/install/sub:/home/alberto/install/pid:/home/alberto/Documents/kia_gd_ws/install/ros_tcp_endpoint:/home/alberto/ros2_ws/install/docker_test:/opt/ros/humble:/home/alberto/install/catkin:/home/alberto/ros2_ws/install/sub:/home/alberto/ros2_ws/install/pid:/home/alberto/ros2_ws/install/catkin:/home/alberto/uuv/install/uuv /usr/bin/cmake --install /home/alberto/Documents/kia_gd_ws/build/kia_gd
[1.032s] Level 1:colcon.colcon_core.environment:checking '/home/alberto/Documents/kia_gd_ws/install/kia_gd' for CMake config files
[1.035s] Level 1:colcon.colcon_core.shell:create_environment_hook('kia_gd', 'cmake_prefix_path')
[1.036s] INFO:colcon.colcon_core.shell:Creating environment hook '/home/alberto/Documents/kia_gd_ws/install/kia_gd/share/kia_gd/hook/cmake_prefix_path.ps1'
[1.037s] INFO:colcon.colcon_core.shell:Creating environment descriptor '/home/alberto/Documents/kia_gd_ws/install/kia_gd/share/kia_gd/hook/cmake_prefix_path.dsv'
[1.038s] INFO:colcon.colcon_core.shell:Creating environment hook '/home/alberto/Documents/kia_gd_ws/install/kia_gd/share/kia_gd/hook/cmake_prefix_path.sh'
[1.039s] Level 1:colcon.colcon_core.environment:checking '/home/alberto/Documents/kia_gd_ws/install/kia_gd/lib'
[1.039s] Level 1:colcon.colcon_core.environment:checking '/home/alberto/Documents/kia_gd_ws/install/kia_gd/bin'
[1.040s] Level 1:colcon.colcon_core.environment:checking '/home/alberto/Documents/kia_gd_ws/install/kia_gd/lib/pkgconfig/kia_gd.pc'
[1.040s] Level 1:colcon.colcon_core.environment:checking '/home/alberto/Documents/kia_gd_ws/install/kia_gd/lib/python3.10/site-packages'
[1.041s] Level 1:colcon.colcon_core.environment:checking '/home/alberto/Documents/kia_gd_ws/install/kia_gd/bin'
[1.041s] INFO:colcon.colcon_core.shell:Creating package script '/home/alberto/Documents/kia_gd_ws/install/kia_gd/share/kia_gd/package.ps1'
[1.042s] INFO:colcon.colcon_core.shell:Creating package descriptor '/home/alberto/Documents/kia_gd_ws/install/kia_gd/share/kia_gd/package.dsv'
[1.043s] INFO:colcon.colcon_core.shell:Creating package script '/home/alberto/Documents/kia_gd_ws/install/kia_gd/share/kia_gd/package.sh'
[1.043s] INFO:colcon.colcon_core.shell:Creating package script '/home/alberto/Documents/kia_gd_ws/install/kia_gd/share/kia_gd/package.bash'
[1.044s] INFO:colcon.colcon_core.shell:Creating package script '/home/alberto/Documents/kia_gd_ws/install/kia_gd/share/kia_gd/package.zsh'
[1.044s] Level 1:colcon.colcon_core.environment:create_file_with_runtime_dependencies(/home/alberto/Documents/kia_gd_ws/install/kia_gd/share/colcon-core/packages/kia_gd)
[1.045s] Level 1:colcon.colcon_core.environment:create_environment_scripts_only(kia_gd)
[1.046s] Level 1:colcon.colcon_core.environment:checking '/home/alberto/Documents/kia_gd_ws/install/kia_gd' for CMake module files
[1.047s] Level 1:colcon.colcon_core.environment:checking '/home/alberto/Documents/kia_gd_ws/install/kia_gd' for CMake config files
[1.049s] Level 1:colcon.colcon_core.shell:create_environment_hook('kia_gd', 'cmake_prefix_path')
[1.049s] INFO:colcon.colcon_core.shell:Creating environment hook '/home/alberto/Documents/kia_gd_ws/install/kia_gd/share/kia_gd/hook/cmake_prefix_path.ps1'
[1.050s] INFO:colcon.colcon_core.shell:Creating environment descriptor '/home/alberto/Documents/kia_gd_ws/install/kia_gd/share/kia_gd/hook/cmake_prefix_path.dsv'
[1.051s] INFO:colcon.colcon_core.shell:Creating environment hook '/home/alberto/Documents/kia_gd_ws/install/kia_gd/share/kia_gd/hook/cmake_prefix_path.sh'
[1.051s] Level 1:colcon.colcon_core.environment:checking '/home/alberto/Documents/kia_gd_ws/install/kia_gd/lib'
[1.052s] Level 1:colcon.colcon_core.environment:checking '/home/alberto/Documents/kia_gd_ws/install/kia_gd/bin'
[1.052s] Level 1:colcon.colcon_core.environment:checking '/home/alberto/Documents/kia_gd_ws/install/kia_gd/lib/pkgconfig/kia_gd.pc'
[1.052s] Level 1:colcon.colcon_core.environment:checking '/home/alberto/Documents/kia_gd_ws/install/kia_gd/lib/python3.10/site-packages'
[1.053s] Level 1:colcon.colcon_core.environment:checking '/home/alberto/Documents/kia_gd_ws/install/kia_gd/bin'
[1.053s] INFO:colcon.colcon_core.shell:Creating package script '/home/alberto/Documents/kia_gd_ws/install/kia_gd/share/kia_gd/package.ps1'
[1.054s] INFO:colcon.colcon_core.shell:Creating package descriptor '/home/alberto/Documents/kia_gd_ws/install/kia_gd/share/kia_gd/package.dsv'
[1.055s] INFO:colcon.colcon_core.shell:Creating package script '/home/alberto/Documents/kia_gd_ws/install/kia_gd/share/kia_gd/package.sh'
[1.056s] INFO:colcon.colcon_core.shell:Creating package script '/home/alberto/Documents/kia_gd_ws/install/kia_gd/share/kia_gd/package.bash'
[1.057s] INFO:colcon.colcon_core.shell:Creating package script '/home/alberto/Documents/kia_gd_ws/install/kia_gd/share/kia_gd/package.zsh'
[1.058s] Level 1:colcon.colcon_core.environment:create_file_with_runtime_dependencies(/home/alberto/Documents/kia_gd_ws/install/kia_gd/share/colcon-core/packages/kia_gd)
[1.066s] DEBUG:colcon.colcon_core.event_handler.log_command:Invoking command in '/home/alberto/Documents/kia_gd_ws/build/simple_ur10e_moveit_config': CMAKE_PREFIX_PATH=/home/alberto/Documents/kia_gd_ws/install/simple_ur10e_description:/home/alberto/Documents/kia_gd_ws/install/ur_ros_rtde_tutorials:/home/alberto/Documents/kia_gd_ws/install/ur_ros_rtde:/home/alberto/Documents/kia_gd_ws/install/ur_ros_rtde_simple_clients:/home/alberto/Documents/kia_gd_ws/install/ur_ros_rtde_gripper_commands:/home/alberto/Documents/kia_gd_ws/install/ur_ros_rtde_msgs:/home/alberto/Documents/kia_gd_ws/install/ur:/home/alberto/Documents/kia_gd_ws/install/ur_calibration:/home/alberto/Documents/kia_gd_ws/install/ur_robot_driver:/home/alberto/Documents/kia_gd_ws/install/ur_moveit_config:/home/alberto/Documents/kia_gd_ws/install/ur_bringup:/home/alberto/Documents/kia_gd_ws/install/ur_controllers:/home/alberto/Documents/kia_gd_ws/install/ur_dashboard_msgs:/home/alberto/Documents/kia_gd_ws/install/simple_ur10e_moveit_config:/home/alberto/Documents/kia_gd_ws/install/kia_gd:/home/alberto/Documents/sub_alberto/install/uuv_visualization:/home/alberto/Documents/sub_alberto/install/uuv_vision:/home/alberto/Documents/sub_alberto/install/uuv_navigation:/home/alberto/Documents/sub_alberto/install/uuv_mission:/home/alberto/Documents/sub_alberto/install/uuv_master:/home/alberto/Documents/sub_alberto/install/uuv_control:/home/alberto/install/vectornav:/home/alberto/install/vectornav_msgs:/home/alberto/install/uuv_teleop:/home/alberto/install/uuv_description:/home/alberto/install/sub:/home/alberto/install/pid:/home/alberto/Documents/kia_gd_ws/install/ros_tcp_endpoint:/home/alberto/ros2_ws/install/docker_test:/opt/ros/humble:/home/alberto/install/catkin:/home/alberto/ros2_ws/install/sub:/home/alberto/ros2_ws/install/pid:/home/alberto/ros2_ws/install/catkin:/home/alberto/uuv/install/uuv /usr/bin/cmake --build /home/alberto/Documents/kia_gd_ws/build/simple_ur10e_moveit_config -- -j8 -l8
[1.136s] DEBUG:colcon.colcon_core.event_handler.log_command:Invoked command in '/home/alberto/Documents/kia_gd_ws/build/simple_ur10e_moveit_config' returned '0': CMAKE_PREFIX_PATH=/home/alberto/Documents/kia_gd_ws/install/simple_ur10e_description:/home/alberto/Documents/kia_gd_ws/install/ur_ros_rtde_tutorials:/home/alberto/Documents/kia_gd_ws/install/ur_ros_rtde:/home/alberto/Documents/kia_gd_ws/install/ur_ros_rtde_simple_clients:/home/alberto/Documents/kia_gd_ws/install/ur_ros_rtde_gripper_commands:/home/alberto/Documents/kia_gd_ws/install/ur_ros_rtde_msgs:/home/alberto/Documents/kia_gd_ws/install/ur:/home/alberto/Documents/kia_gd_ws/install/ur_calibration:/home/alberto/Documents/kia_gd_ws/install/ur_robot_driver:/home/alberto/Documents/kia_gd_ws/install/ur_moveit_config:/home/alberto/Documents/kia_gd_ws/install/ur_bringup:/home/alberto/Documents/kia_gd_ws/install/ur_controllers:/home/alberto/Documents/kia_gd_ws/install/ur_dashboard_msgs:/home/alberto/Documents/kia_gd_ws/install/simple_ur10e_moveit_config:/home/alberto/Documents/kia_gd_ws/install/kia_gd:/home/alberto/Documents/sub_alberto/install/uuv_visualization:/home/alberto/Documents/sub_alberto/install/uuv_vision:/home/alberto/Documents/sub_alberto/install/uuv_navigation:/home/alberto/Documents/sub_alberto/install/uuv_mission:/home/alberto/Documents/sub_alberto/install/uuv_master:/home/alberto/Documents/sub_alberto/install/uuv_control:/home/alberto/install/vectornav:/home/alberto/install/vectornav_msgs:/home/alberto/install/uuv_teleop:/home/alberto/install/uuv_description:/home/alberto/install/sub:/home/alberto/install/pid:/home/alberto/Documents/kia_gd_ws/install/ros_tcp_endpoint:/home/alberto/ros2_ws/install/docker_test:/opt/ros/humble:/home/alberto/install/catkin:/home/alberto/ros2_ws/install/sub:/home/alberto/ros2_ws/install/pid:/home/alberto/ros2_ws/install/catkin:/home/alberto/uuv/install/uuv /usr/bin/cmake --build /home/alberto/Documents/kia_gd_ws/build/simple_ur10e_moveit_config -- -j8 -l8
[1.138s] DEBUG:colcon.colcon_core.event_handler.log_command:Invoking command in '/home/alberto/Documents/kia_gd_ws/build/simple_ur10e_moveit_config': CMAKE_PREFIX_PATH=/home/alberto/Documents/kia_gd_ws/install/simple_ur10e_description:/home/alberto/Documents/kia_gd_ws/install/ur_ros_rtde_tutorials:/home/alberto/Documents/kia_gd_ws/install/ur_ros_rtde:/home/alberto/Documents/kia_gd_ws/install/ur_ros_rtde_simple_clients:/home/alberto/Documents/kia_gd_ws/install/ur_ros_rtde_gripper_commands:/home/alberto/Documents/kia_gd_ws/install/ur_ros_rtde_msgs:/home/alberto/Documents/kia_gd_ws/install/ur:/home/alberto/Documents/kia_gd_ws/install/ur_calibration:/home/alberto/Documents/kia_gd_ws/install/ur_robot_driver:/home/alberto/Documents/kia_gd_ws/install/ur_moveit_config:/home/alberto/Documents/kia_gd_ws/install/ur_bringup:/home/alberto/Documents/kia_gd_ws/install/ur_controllers:/home/alberto/Documents/kia_gd_ws/install/ur_dashboard_msgs:/home/alberto/Documents/kia_gd_ws/install/simple_ur10e_moveit_config:/home/alberto/Documents/kia_gd_ws/install/kia_gd:/home/alberto/Documents/sub_alberto/install/uuv_visualization:/home/alberto/Documents/sub_alberto/install/uuv_vision:/home/alberto/Documents/sub_alberto/install/uuv_navigation:/home/alberto/Documents/sub_alberto/install/uuv_mission:/home/alberto/Documents/sub_alberto/install/uuv_master:/home/alberto/Documents/sub_alberto/install/uuv_control:/home/alberto/install/vectornav:/home/alberto/install/vectornav_msgs:/home/alberto/install/uuv_teleop:/home/alberto/install/uuv_description:/home/alberto/install/sub:/home/alberto/install/pid:/home/alberto/Documents/kia_gd_ws/install/ros_tcp_endpoint:/home/alberto/ros2_ws/install/docker_test:/opt/ros/humble:/home/alberto/install/catkin:/home/alberto/ros2_ws/install/sub:/home/alberto/ros2_ws/install/pid:/home/alberto/ros2_ws/install/catkin:/home/alberto/uuv/install/uuv /usr/bin/cmake --install /home/alberto/Documents/kia_gd_ws/build/simple_ur10e_moveit_config
[1.155s] Level 1:colcon.colcon_core.environment:create_environment_scripts_only(simple_ur10e_moveit_config)
[1.155s] Level 1:colcon.colcon_core.environment:checking '/home/alberto/Documents/kia_gd_ws/install/simple_ur10e_moveit_config' for CMake module files
[1.156s] DEBUG:colcon.colcon_core.event_handler.log_command:Invoked command in '/home/alberto/Documents/kia_gd_ws/build/simple_ur10e_moveit_config' returned '0': CMAKE_PREFIX_PATH=/home/alberto/Documents/kia_gd_ws/install/simple_ur10e_description:/home/alberto/Documents/kia_gd_ws/install/ur_ros_rtde_tutorials:/home/alberto/Documents/kia_gd_ws/install/ur_ros_rtde:/home/alberto/Documents/kia_gd_ws/install/ur_ros_rtde_simple_clients:/home/alberto/Documents/kia_gd_ws/install/ur_ros_rtde_gripper_commands:/home/alberto/Documents/kia_gd_ws/install/ur_ros_rtde_msgs:/home/alberto/Documents/kia_gd_ws/install/ur:/home/alberto/Documents/kia_gd_ws/install/ur_calibration:/home/alberto/Documents/kia_gd_ws/install/ur_robot_driver:/home/alberto/Documents/kia_gd_ws/install/ur_moveit_config:/home/alberto/Documents/kia_gd_ws/install/ur_bringup:/home/alberto/Documents/kia_gd_ws/install/ur_controllers:/home/alberto/Documents/kia_gd_ws/install/ur_dashboard_msgs:/home/alberto/Documents/kia_gd_ws/install/simple_ur10e_moveit_config:/home/alberto/Documents/kia_gd_ws/install/kia_gd:/home/alberto/Documents/sub_alberto/install/uuv_visualization:/home/alberto/Documents/sub_alberto/install/uuv_vision:/home/alberto/Documents/sub_alberto/install/uuv_navigation:/home/alberto/Documents/sub_alberto/install/uuv_mission:/home/alberto/Documents/sub_alberto/install/uuv_master:/home/alberto/Documents/sub_alberto/install/uuv_control:/home/alberto/install/vectornav:/home/alberto/install/vectornav_msgs:/home/alberto/install/uuv_teleop:/home/alberto/install/uuv_description:/home/alberto/install/sub:/home/alberto/install/pid:/home/alberto/Documents/kia_gd_ws/install/ros_tcp_endpoint:/home/alberto/ros2_ws/install/docker_test:/opt/ros/humble:/home/alberto/install/catkin:/home/alberto/ros2_ws/install/sub:/home/alberto/ros2_ws/install/pid:/home/alberto/ros2_ws/install/catkin:/home/alberto/uuv/install/uuv /usr/bin/cmake --install /home/alberto/Documents/kia_gd_ws/build/simple_ur10e_moveit_config
[1.157s] Level 1:colcon.colcon_core.environment:checking '/home/alberto/Documents/kia_gd_ws/install/simple_ur10e_moveit_config' for CMake config files
[1.157s] Level 1:colcon.colcon_core.shell:create_environment_hook('simple_ur10e_moveit_config', 'cmake_prefix_path')
[1.157s] INFO:colcon.colcon_core.shell:Creating environment hook '/home/alberto/Documents/kia_gd_ws/install/simple_ur10e_moveit_config/share/simple_ur10e_moveit_config/hook/cmake_prefix_path.ps1'
[1.158s] INFO:colcon.colcon_core.shell:Creating environment descriptor '/home/alberto/Documents/kia_gd_ws/install/simple_ur10e_moveit_config/share/simple_ur10e_moveit_config/hook/cmake_prefix_path.dsv'
[1.159s] INFO:colcon.colcon_core.shell:Creating environment hook '/home/alberto/Documents/kia_gd_ws/install/simple_ur10e_moveit_config/share/simple_ur10e_moveit_config/hook/cmake_prefix_path.sh'
[1.160s] Level 1:colcon.colcon_core.environment:checking '/home/alberto/Documents/kia_gd_ws/install/simple_ur10e_moveit_config/bin'
[1.160s] Level 1:colcon.colcon_core.environment:checking '/home/alberto/Documents/kia_gd_ws/install/simple_ur10e_moveit_config/lib/pkgconfig/simple_ur10e_moveit_config.pc'
[1.160s] Level 1:colcon.colcon_core.environment:checking '/home/alberto/Documents/kia_gd_ws/install/simple_ur10e_moveit_config/lib/python3.10/site-packages'
[1.161s] Level 1:colcon.colcon_core.environment:checking '/home/alberto/Documents/kia_gd_ws/install/simple_ur10e_moveit_config/bin'
[1.162s] INFO:colcon.colcon_core.shell:Creating package script '/home/alberto/Documents/kia_gd_ws/install/simple_ur10e_moveit_config/share/simple_ur10e_moveit_config/package.ps1'
[1.162s] INFO:colcon.colcon_core.shell:Creating package descriptor '/home/alberto/Documents/kia_gd_ws/install/simple_ur10e_moveit_config/share/simple_ur10e_moveit_config/package.dsv'
[1.163s] INFO:colcon.colcon_core.shell:Creating package script '/home/alberto/Documents/kia_gd_ws/install/simple_ur10e_moveit_config/share/simple_ur10e_moveit_config/package.sh'
[1.164s] INFO:colcon.colcon_core.shell:Creating package script '/home/alberto/Documents/kia_gd_ws/install/simple_ur10e_moveit_config/share/simple_ur10e_moveit_config/package.bash'
[1.164s] INFO:colcon.colcon_core.shell:Creating package script '/home/alberto/Documents/kia_gd_ws/install/simple_ur10e_moveit_config/share/simple_ur10e_moveit_config/package.zsh'
[1.165s] Level 1:colcon.colcon_core.environment:create_file_with_runtime_dependencies(/home/alberto/Documents/kia_gd_ws/install/simple_ur10e_moveit_config/share/colcon-core/packages/simple_ur10e_moveit_config)
[1.166s] Level 1:colcon.colcon_core.environment:create_environment_scripts_only(simple_ur10e_moveit_config)
[1.166s] Level 1:colcon.colcon_core.environment:checking '/home/alberto/Documents/kia_gd_ws/install/simple_ur10e_moveit_config' for CMake module files
[1.167s] Level 1:colcon.colcon_core.environment:checking '/home/alberto/Documents/kia_gd_ws/install/simple_ur10e_moveit_config' for CMake config files
[1.168s] Level 1:colcon.colcon_core.shell:create_environment_hook('simple_ur10e_moveit_config', 'cmake_prefix_path')
[1.168s] INFO:colcon.colcon_core.shell:Creating environment hook '/home/alberto/Documents/kia_gd_ws/install/simple_ur10e_moveit_config/share/simple_ur10e_moveit_config/hook/cmake_prefix_path.ps1'
[1.169s] INFO:colcon.colcon_core.shell:Creating environment descriptor '/home/alberto/Documents/kia_gd_ws/install/simple_ur10e_moveit_config/share/simple_ur10e_moveit_config/hook/cmake_prefix_path.dsv'
[1.169s] INFO:colcon.colcon_core.shell:Creating environment hook '/home/alberto/Documents/kia_gd_ws/install/simple_ur10e_moveit_config/share/simple_ur10e_moveit_config/hook/cmake_prefix_path.sh'
[1.170s] Level 1:colcon.colcon_core.environment:checking '/home/alberto/Documents/kia_gd_ws/install/simple_ur10e_moveit_config/bin'
[1.170s] Level 1:colcon.colcon_core.environment:checking '/home/alberto/Documents/kia_gd_ws/install/simple_ur10e_moveit_config/lib/pkgconfig/simple_ur10e_moveit_config.pc'
[1.171s] Level 1:colcon.colcon_core.environment:checking '/home/alberto/Documents/kia_gd_ws/install/simple_ur10e_moveit_config/lib/python3.10/site-packages'
[1.172s] Level 1:colcon.colcon_core.environment:checking '/home/alberto/Documents/kia_gd_ws/install/simple_ur10e_moveit_config/bin'
[1.172s] INFO:colcon.colcon_core.shell:Creating package script '/home/alberto/Documents/kia_gd_ws/install/simple_ur10e_moveit_config/share/simple_ur10e_moveit_config/package.ps1'
[1.173s] INFO:colcon.colcon_core.shell:Creating package descriptor '/home/alberto/Documents/kia_gd_ws/install/simple_ur10e_moveit_config/share/simple_ur10e_moveit_config/package.dsv'
[1.174s] INFO:colcon.colcon_core.shell:Creating package script '/home/alberto/Documents/kia_gd_ws/install/simple_ur10e_moveit_config/share/simple_ur10e_moveit_config/package.sh'
[1.175s] INFO:colcon.colcon_core.shell:Creating package script '/home/alberto/Documents/kia_gd_ws/install/simple_ur10e_moveit_config/share/simple_ur10e_moveit_config/package.bash'
[1.175s] INFO:colcon.colcon_core.shell:Creating package script '/home/alberto/Documents/kia_gd_ws/install/simple_ur10e_moveit_config/share/simple_ur10e_moveit_config/package.zsh'
[1.176s] Level 1:colcon.colcon_core.environment:create_file_with_runtime_dependencies(/home/alberto/Documents/kia_gd_ws/install/simple_ur10e_moveit_config/share/colcon-core/packages/simple_ur10e_moveit_config)
[1.708s] DEBUG:colcon.colcon_core.event_handler.log_command:Invoking command in '/home/alberto/Documents/kia_gd_ws/src/ROS-TCP-Endpoint': PYTHONPATH=/home/alberto/Documents/kia_gd_ws/build/ros_tcp_endpoint/prefix_override:/usr/lib/python3/dist-packages/colcon_core/task/python/colcon_distutils_commands:/home/alberto/Documents/kia_gd_ws/install/ros_tcp_endpoint/lib/python3.10/site-packages:${PYTHONPATH} /usr/bin/python3 -W ignore:setup.py install is deprecated -W ignore:easy_install command is deprecated setup.py egg_info --egg-base ../../build/ros_tcp_endpoint build --build-base /home/alberto/Documents/kia_gd_ws/build/ros_tcp_endpoint/build install --record /home/alberto/Documents/kia_gd_ws/build/ros_tcp_endpoint/install.log --install-scripts $base/lib/ros_tcp_endpoint --single-version-externally-managed install_data
[1.888s] DEBUG:colcon.colcon_core.event_handler.log_command:Invoked command in '/home/alberto/Documents/kia_gd_ws/build/ur_ros_rtde_msgs' returned '0': CMAKE_PREFIX_PATH=/home/alberto/Documents/kia_gd_ws/install/ur_ros_rtde_tutorials:/home/alberto/Documents/kia_gd_ws/install/ur_ros_rtde:/home/alberto/Documents/kia_gd_ws/install/ur_ros_rtde_simple_clients:/home/alberto/Documents/kia_gd_ws/install/ur_ros_rtde_gripper_commands:/home/alberto/Documents/kia_gd_ws/install/ur_ros_rtde_msgs:/home/alberto/Documents/kia_gd_ws/install/ur:/home/alberto/Documents/kia_gd_ws/install/ur_calibration:/home/alberto/Documents/kia_gd_ws/install/ur_robot_driver:/home/alberto/Documents/kia_gd_ws/install/ur_moveit_config:/home/alberto/Documents/kia_gd_ws/install/ur_bringup:/home/alberto/Documents/kia_gd_ws/install/ur_controllers:/home/alberto/Documents/kia_gd_ws/install/ur_dashboard_msgs:/home/alberto/Documents/kia_gd_ws/install/simple_ur10e_moveit_config:/home/alberto/Documents/kia_gd_ws/install/simple_ur10e_description:/home/alberto/Documents/kia_gd_ws/install/kia_gd:/home/alberto/Documents/sub_alberto/install/uuv_visualization:/home/alberto/Documents/sub_alberto/install/uuv_vision:/home/alberto/Documents/sub_alberto/install/uuv_navigation:/home/alberto/Documents/sub_alberto/install/uuv_mission:/home/alberto/Documents/sub_alberto/install/uuv_master:/home/alberto/Documents/sub_alberto/install/uuv_control:/home/alberto/install/vectornav:/home/alberto/install/vectornav_msgs:/home/alberto/install/uuv_teleop:/home/alberto/install/uuv_description:/home/alberto/install/sub:/home/alberto/install/pid:/home/alberto/Documents/kia_gd_ws/install/ros_tcp_endpoint:/home/alberto/ros2_ws/install/docker_test:/opt/ros/humble:/home/alberto/install/catkin:/home/alberto/ros2_ws/install/sub:/home/alberto/ros2_ws/install/pid:/home/alberto/ros2_ws/install/catkin:/home/alberto/uuv/install/uuv /usr/bin/cmake --build /home/alberto/Documents/kia_gd_ws/build/ur_ros_rtde_msgs -- -j8 -l8
[1.890s] DEBUG:colcon.colcon_core.event_handler.log_command:Invoking command in '/home/alberto/Documents/kia_gd_ws/build/ur_ros_rtde_msgs': CMAKE_PREFIX_PATH=/home/alberto/Documents/kia_gd_ws/install/ur_ros_rtde_tutorials:/home/alberto/Documents/kia_gd_ws/install/ur_ros_rtde:/home/alberto/Documents/kia_gd_ws/install/ur_ros_rtde_simple_clients:/home/alberto/Documents/kia_gd_ws/install/ur_ros_rtde_gripper_commands:/home/alberto/Documents/kia_gd_ws/install/ur_ros_rtde_msgs:/home/alberto/Documents/kia_gd_ws/install/ur:/home/alberto/Documents/kia_gd_ws/install/ur_calibration:/home/alberto/Documents/kia_gd_ws/install/ur_robot_driver:/home/alberto/Documents/kia_gd_ws/install/ur_moveit_config:/home/alberto/Documents/kia_gd_ws/install/ur_bringup:/home/alberto/Documents/kia_gd_ws/install/ur_controllers:/home/alberto/Documents/kia_gd_ws/install/ur_dashboard_msgs:/home/alberto/Documents/kia_gd_ws/install/simple_ur10e_moveit_config:/home/alberto/Documents/kia_gd_ws/install/simple_ur10e_description:/home/alberto/Documents/kia_gd_ws/install/kia_gd:/home/alberto/Documents/sub_alberto/install/uuv_visualization:/home/alberto/Documents/sub_alberto/install/uuv_vision:/home/alberto/Documents/sub_alberto/install/uuv_navigation:/home/alberto/Documents/sub_alberto/install/uuv_mission:/home/alberto/Documents/sub_alberto/install/uuv_master:/home/alberto/Documents/sub_alberto/install/uuv_control:/home/alberto/install/vectornav:/home/alberto/install/vectornav_msgs:/home/alberto/install/uuv_teleop:/home/alberto/install/uuv_description:/home/alberto/install/sub:/home/alberto/install/pid:/home/alberto/Documents/kia_gd_ws/install/ros_tcp_endpoint:/home/alberto/ros2_ws/install/docker_test:/opt/ros/humble:/home/alberto/install/catkin:/home/alberto/ros2_ws/install/sub:/home/alberto/ros2_ws/install/pid:/home/alberto/ros2_ws/install/catkin:/home/alberto/uuv/install/uuv /usr/bin/cmake --install /home/alberto/Documents/kia_gd_ws/build/ur_ros_rtde_msgs
[2.186s] Level 1:colcon.colcon_core.environment:create_environment_scripts_only(ur_ros_rtde_msgs)
[2.186s] Level 1:colcon.colcon_core.environment:checking '/home/alberto/Documents/kia_gd_ws/install/ur_ros_rtde_msgs' for CMake module files
[2.187s] DEBUG:colcon.colcon_core.event_handler.log_command:Invoked command in '/home/alberto/Documents/kia_gd_ws/build/ur_ros_rtde_msgs' returned '0': CMAKE_PREFIX_PATH=/home/alberto/Documents/kia_gd_ws/install/ur_ros_rtde_tutorials:/home/alberto/Documents/kia_gd_ws/install/ur_ros_rtde:/home/alberto/Documents/kia_gd_ws/install/ur_ros_rtde_simple_clients:/home/alberto/Documents/kia_gd_ws/install/ur_ros_rtde_gripper_commands:/home/alberto/Documents/kia_gd_ws/install/ur_ros_rtde_msgs:/home/alberto/Documents/kia_gd_ws/install/ur:/home/alberto/Documents/kia_gd_ws/install/ur_calibration:/home/alberto/Documents/kia_gd_ws/install/ur_robot_driver:/home/alberto/Documents/kia_gd_ws/install/ur_moveit_config:/home/alberto/Documents/kia_gd_ws/install/ur_bringup:/home/alberto/Documents/kia_gd_ws/install/ur_controllers:/home/alberto/Documents/kia_gd_ws/install/ur_dashboard_msgs:/home/alberto/Documents/kia_gd_ws/install/simple_ur10e_moveit_config:/home/alberto/Documents/kia_gd_ws/install/simple_ur10e_description:/home/alberto/Documents/kia_gd_ws/install/kia_gd:/home/alberto/Documents/sub_alberto/install/uuv_visualization:/home/alberto/Documents/sub_alberto/install/uuv_vision:/home/alberto/Documents/sub_alberto/install/uuv_navigation:/home/alberto/Documents/sub_alberto/install/uuv_mission:/home/alberto/Documents/sub_alberto/install/uuv_master:/home/alberto/Documents/sub_alberto/install/uuv_control:/home/alberto/install/vectornav:/home/alberto/install/vectornav_msgs:/home/alberto/install/uuv_teleop:/home/alberto/install/uuv_description:/home/alberto/install/sub:/home/alberto/install/pid:/home/alberto/Documents/kia_gd_ws/install/ros_tcp_endpoint:/home/alberto/ros2_ws/install/docker_test:/opt/ros/humble:/home/alberto/install/catkin:/home/alberto/ros2_ws/install/sub:/home/alberto/ros2_ws/install/pid:/home/alberto/ros2_ws/install/catkin:/home/alberto/uuv/install/uuv /usr/bin/cmake --install /home/alberto/Documents/kia_gd_ws/build/ur_ros_rtde_msgs
[2.188s] Level 1:colcon.colcon_core.environment:checking '/home/alberto/Documents/kia_gd_ws/install/ur_ros_rtde_msgs' for CMake config files
[2.198s] Level 1:colcon.colcon_core.shell:create_environment_hook('ur_ros_rtde_msgs', 'cmake_prefix_path')
[2.198s] INFO:colcon.colcon_core.shell:Creating environment hook '/home/alberto/Documents/kia_gd_ws/install/ur_ros_rtde_msgs/share/ur_ros_rtde_msgs/hook/cmake_prefix_path.ps1'
[2.199s] INFO:colcon.colcon_core.shell:Creating environment descriptor '/home/alberto/Documents/kia_gd_ws/install/ur_ros_rtde_msgs/share/ur_ros_rtde_msgs/hook/cmake_prefix_path.dsv'
[2.199s] INFO:colcon.colcon_core.shell:Creating environment hook '/home/alberto/Documents/kia_gd_ws/install/ur_ros_rtde_msgs/share/ur_ros_rtde_msgs/hook/cmake_prefix_path.sh'
[2.200s] Level 1:colcon.colcon_core.environment:checking '/home/alberto/Documents/kia_gd_ws/install/ur_ros_rtde_msgs/lib'
[2.200s] Level 1:colcon.colcon_core.shell:create_environment_hook('ur_ros_rtde_msgs', 'ld_library_path_lib')
[2.200s] INFO:colcon.colcon_core.shell:Creating environment hook '/home/alberto/Documents/kia_gd_ws/install/ur_ros_rtde_msgs/share/ur_ros_rtde_msgs/hook/ld_library_path_lib.ps1'
[2.201s] INFO:colcon.colcon_core.shell:Creating environment descriptor '/home/alberto/Documents/kia_gd_ws/install/ur_ros_rtde_msgs/share/ur_ros_rtde_msgs/hook/ld_library_path_lib.dsv'
[2.201s] INFO:colcon.colcon_core.shell:Creating environment hook '/home/alberto/Documents/kia_gd_ws/install/ur_ros_rtde_msgs/share/ur_ros_rtde_msgs/hook/ld_library_path_lib.sh'
[2.202s] Level 1:colcon.colcon_core.environment:checking '/home/alberto/Documents/kia_gd_ws/install/ur_ros_rtde_msgs/bin'
[2.202s] Level 1:colcon.colcon_core.environment:checking '/home/alberto/Documents/kia_gd_ws/install/ur_ros_rtde_msgs/lib/pkgconfig/ur_ros_rtde_msgs.pc'
[2.202s] Level 1:colcon.colcon_core.environment:checking '/home/alberto/Documents/kia_gd_ws/install/ur_ros_rtde_msgs/lib/python3.10/site-packages'
[2.203s] Level 1:colcon.colcon_core.environment:checking '/home/alberto/Documents/kia_gd_ws/install/ur_ros_rtde_msgs/bin'
[2.203s] INFO:colcon.colcon_core.shell:Creating package script '/home/alberto/Documents/kia_gd_ws/install/ur_ros_rtde_msgs/share/ur_ros_rtde_msgs/package.ps1'
[2.204s] INFO:colcon.colcon_core.shell:Creating package descriptor '/home/alberto/Documents/kia_gd_ws/install/ur_ros_rtde_msgs/share/ur_ros_rtde_msgs/package.dsv'
[2.205s] INFO:colcon.colcon_core.shell:Creating package script '/home/alberto/Documents/kia_gd_ws/install/ur_ros_rtde_msgs/share/ur_ros_rtde_msgs/package.sh'
[2.205s] INFO:colcon.colcon_core.shell:Creating package script '/home/alberto/Documents/kia_gd_ws/install/ur_ros_rtde_msgs/share/ur_ros_rtde_msgs/package.bash'
[2.206s] INFO:colcon.colcon_core.shell:Creating package script '/home/alberto/Documents/kia_gd_ws/install/ur_ros_rtde_msgs/share/ur_ros_rtde_msgs/package.zsh'
[2.206s] Level 1:colcon.colcon_core.environment:create_file_with_runtime_dependencies(/home/alberto/Documents/kia_gd_ws/install/ur_ros_rtde_msgs/share/colcon-core/packages/ur_ros_rtde_msgs)
[2.207s] Level 1:colcon.colcon_core.environment:create_environment_scripts_only(ur_ros_rtde_msgs)
[2.207s] Level 1:colcon.colcon_core.environment:checking '/home/alberto/Documents/kia_gd_ws/install/ur_ros_rtde_msgs' for CMake module files
[2.208s] Level 1:colcon.colcon_core.environment:checking '/home/alberto/Documents/kia_gd_ws/install/ur_ros_rtde_msgs' for CMake config files
[2.214s] Level 1:colcon.colcon_core.shell:create_environment_hook('ur_ros_rtde_msgs', 'cmake_prefix_path')
[2.214s] INFO:colcon.colcon_core.shell:Creating environment hook '/home/alberto/Documents/kia_gd_ws/install/ur_ros_rtde_msgs/share/ur_ros_rtde_msgs/hook/cmake_prefix_path.ps1'
[2.214s] INFO:colcon.colcon_core.shell:Creating environment descriptor '/home/alberto/Documents/kia_gd_ws/install/ur_ros_rtde_msgs/share/ur_ros_rtde_msgs/hook/cmake_prefix_path.dsv'
[2.215s] INFO:colcon.colcon_core.shell:Creating environment hook '/home/alberto/Documents/kia_gd_ws/install/ur_ros_rtde_msgs/share/ur_ros_rtde_msgs/hook/cmake_prefix_path.sh'
[2.216s] Level 1:colcon.colcon_core.environment:checking '/home/alberto/Documents/kia_gd_ws/install/ur_ros_rtde_msgs/lib'
[2.216s] Level 1:colcon.colcon_core.shell:create_environment_hook('ur_ros_rtde_msgs', 'ld_library_path_lib')
[2.216s] INFO:colcon.colcon_core.shell:Creating environment hook '/home/alberto/Documents/kia_gd_ws/install/ur_ros_rtde_msgs/share/ur_ros_rtde_msgs/hook/ld_library_path_lib.ps1'
[2.216s] INFO:colcon.colcon_core.shell:Creating environment descriptor '/home/alberto/Documents/kia_gd_ws/install/ur_ros_rtde_msgs/share/ur_ros_rtde_msgs/hook/ld_library_path_lib.dsv'
[2.217s] INFO:colcon.colcon_core.shell:Creating environment hook '/home/alberto/Documents/kia_gd_ws/install/ur_ros_rtde_msgs/share/ur_ros_rtde_msgs/hook/ld_library_path_lib.sh'
[2.217s] Level 1:colcon.colcon_core.environment:checking '/home/alberto/Documents/kia_gd_ws/install/ur_ros_rtde_msgs/bin'
[2.217s] Level 1:colcon.colcon_core.environment:checking '/home/alberto/Documents/kia_gd_ws/install/ur_ros_rtde_msgs/lib/pkgconfig/ur_ros_rtde_msgs.pc'
[2.217s] Level 1:colcon.colcon_core.environment:checking '/home/alberto/Documents/kia_gd_ws/install/ur_ros_rtde_msgs/lib/python3.10/site-packages'
[2.218s] Level 1:colcon.colcon_core.environment:checking '/home/alberto/Documents/kia_gd_ws/install/ur_ros_rtde_msgs/bin'
[2.219s] INFO:colcon.colcon_core.shell:Creating package script '/home/alberto/Documents/kia_gd_ws/install/ur_ros_rtde_msgs/share/ur_ros_rtde_msgs/package.ps1'
[2.219s] INFO:colcon.colcon_core.shell:Creating package descriptor '/home/alberto/Documents/kia_gd_ws/install/ur_ros_rtde_msgs/share/ur_ros_rtde_msgs/package.dsv'
[2.220s] INFO:colcon.colcon_core.shell:Creating package script '/home/alberto/Documents/kia_gd_ws/install/ur_ros_rtde_msgs/share/ur_ros_rtde_msgs/package.sh'
[2.221s] INFO:colcon.colcon_core.shell:Creating package script '/home/alberto/Documents/kia_gd_ws/install/ur_ros_rtde_msgs/share/ur_ros_rtde_msgs/package.bash'
[2.221s] INFO:colcon.colcon_core.shell:Creating package script '/home/alberto/Documents/kia_gd_ws/install/ur_ros_rtde_msgs/share/ur_ros_rtde_msgs/package.zsh'
[2.221s] Level 1:colcon.colcon_core.environment:create_file_with_runtime_dependencies(/home/alberto/Documents/kia_gd_ws/install/ur_ros_rtde_msgs/share/colcon-core/packages/ur_ros_rtde_msgs)
[2.222s] INFO:colcon.colcon_ros.task.ament_cmake.build:Building ROS package in '/home/alberto/Documents/kia_gd_ws/src/ur_ros_rtde/ur_ros_rtde' with build type 'ament_cmake'
[2.222s] INFO:colcon.colcon_cmake.task.cmake.build:Building CMake package in '/home/alberto/Documents/kia_gd_ws/src/ur_ros_rtde/ur_ros_rtde'
[2.222s] INFO:colcon.colcon_core.shell:Skip shell extension 'powershell' for command environment: Not usable outside of PowerShell
[2.223s] DEBUG:colcon.colcon_core.shell:Skip shell extension 'dsv' for command environment
[2.248s] DEBUG:colcon.colcon_core.event_handler.log_command:Invoking command in '/home/alberto/Documents/kia_gd_ws/build/ur_ros_rtde': CMAKE_PREFIX_PATH=/home/alberto/Documents/kia_gd_ws/install/ur_ros_rtde_simple_clients:/home/alberto/Documents/kia_gd_ws/install/ur_ros_rtde_msgs:/home/alberto/Documents/kia_gd_ws/install/ur_ros_rtde_tutorials:/home/alberto/Documents/kia_gd_ws/install/ur_ros_rtde:/home/alberto/Documents/kia_gd_ws/install/ur_ros_rtde_gripper_commands:/home/alberto/Documents/kia_gd_ws/install/ur:/home/alberto/Documents/kia_gd_ws/install/ur_calibration:/home/alberto/Documents/kia_gd_ws/install/ur_robot_driver:/home/alberto/Documents/kia_gd_ws/install/ur_moveit_config:/home/alberto/Documents/kia_gd_ws/install/ur_bringup:/home/alberto/Documents/kia_gd_ws/install/ur_controllers:/home/alberto/Documents/kia_gd_ws/install/ur_dashboard_msgs:/home/alberto/Documents/kia_gd_ws/install/simple_ur10e_moveit_config:/home/alberto/Documents/kia_gd_ws/install/simple_ur10e_description:/home/alberto/Documents/kia_gd_ws/install/kia_gd:/home/alberto/Documents/sub_alberto/install/uuv_visualization:/home/alberto/Documents/sub_alberto/install/uuv_vision:/home/alberto/Documents/sub_alberto/install/uuv_navigation:/home/alberto/Documents/sub_alberto/install/uuv_mission:/home/alberto/Documents/sub_alberto/install/uuv_master:/home/alberto/Documents/sub_alberto/install/uuv_control:/home/alberto/install/vectornav:/home/alberto/install/vectornav_msgs:/home/alberto/install/uuv_teleop:/home/alberto/install/uuv_description:/home/alberto/install/sub:/home/alberto/install/pid:/home/alberto/Documents/kia_gd_ws/install/ros_tcp_endpoint:/home/alberto/ros2_ws/install/docker_test:/opt/ros/humble:/home/alberto/install/catkin:/home/alberto/ros2_ws/install/sub:/home/alberto/ros2_ws/install/pid:/home/alberto/ros2_ws/install/catkin:/home/alberto/uuv/install/uuv LD_LIBRARY_PATH=/home/alberto/Documents/kia_gd_ws/install/ur_ros_rtde_msgs/lib:/home/alberto/Documents/kia_gd_ws/install/ur_ros_rtde_tutorials/lib:/home/alberto/Documents/kia_gd_ws/install/ur_ros_rtde/lib:/home/alberto/Documents/kia_gd_ws/install/ur_ros_rtde_gripper_commands/lib:/home/alberto/Documents/kia_gd_ws/install/ur_robot_driver/lib:/home/alberto/Documents/kia_gd_ws/install/ur_controllers/lib:/home/alberto/Documents/kia_gd_ws/install/ur_dashboard_msgs/lib:/home/alberto/install/vectornav/lib:/home/alberto/install/vectornav_msgs/lib:/opt/ros/humble/opt/rviz_ogre_vendor/lib:/opt/ros/humble/lib/x86_64-linux-gnu:/opt/ros/humble/lib /usr/bin/cmake --build /home/alberto/Documents/kia_gd_ws/build/ur_ros_rtde -- -j8 -l8
[2.361s] Level 1:colcon.colcon_core.environment:checking '/home/alberto/Documents/kia_gd_ws/install/ros_tcp_endpoint' for CMake module files
[2.362s] DEBUG:colcon.colcon_core.event_handler.log_command:Invoked command in '/home/alberto/Documents/kia_gd_ws/src/ROS-TCP-Endpoint' returned '0': PYTHONPATH=/home/alberto/Documents/kia_gd_ws/build/ros_tcp_endpoint/prefix_override:/usr/lib/python3/dist-packages/colcon_core/task/python/colcon_distutils_commands:/home/alberto/Documents/kia_gd_ws/install/ros_tcp_endpoint/lib/python3.10/site-packages:${PYTHONPATH} /usr/bin/python3 -W ignore:setup.py install is deprecated -W ignore:easy_install command is deprecated setup.py egg_info --egg-base ../../build/ros_tcp_endpoint build --build-base /home/alberto/Documents/kia_gd_ws/build/ros_tcp_endpoint/build install --record /home/alberto/Documents/kia_gd_ws/build/ros_tcp_endpoint/install.log --install-scripts $base/lib/ros_tcp_endpoint --single-version-externally-managed install_data
[2.362s] Level 1:colcon.colcon_core.environment:checking '/home/alberto/Documents/kia_gd_ws/install/ros_tcp_endpoint' for CMake config files
[2.363s] Level 1:colcon.colcon_core.environment:checking '/home/alberto/Documents/kia_gd_ws/install/ros_tcp_endpoint/lib'
[2.363s] Level 1:colcon.colcon_core.environment:checking '/home/alberto/Documents/kia_gd_ws/install/ros_tcp_endpoint/bin'
[2.363s] Level 1:colcon.colcon_core.environment:checking '/home/alberto/Documents/kia_gd_ws/install/ros_tcp_endpoint/lib/pkgconfig/ros_tcp_endpoint.pc'
[2.364s] Level 1:colcon.colcon_core.environment:checking '/home/alberto/Documents/kia_gd_ws/install/ros_tcp_endpoint/lib/python3.10/site-packages'
[2.364s] Level 1:colcon.colcon_core.shell:create_environment_hook('ros_tcp_endpoint', 'pythonpath')
[2.364s] INFO:colcon.colcon_core.shell:Creating environment hook '/home/alberto/Documents/kia_gd_ws/install/ros_tcp_endpoint/share/ros_tcp_endpoint/hook/pythonpath.ps1'
[2.364s] INFO:colcon.colcon_core.shell:Creating environment descriptor '/home/alberto/Documents/kia_gd_ws/install/ros_tcp_endpoint/share/ros_tcp_endpoint/hook/pythonpath.dsv'
[2.365s] INFO:colcon.colcon_core.shell:Creating environment hook '/home/alberto/Documents/kia_gd_ws/install/ros_tcp_endpoint/share/ros_tcp_endpoint/hook/pythonpath.sh'
[2.366s] Level 1:colcon.colcon_core.environment:checking '/home/alberto/Documents/kia_gd_ws/install/ros_tcp_endpoint/bin'
[2.366s] Level 1:colcon.colcon_core.environment:create_environment_scripts_only(ros_tcp_endpoint)
[2.366s] INFO:colcon.colcon_core.shell:Creating package script '/home/alberto/Documents/kia_gd_ws/install/ros_tcp_endpoint/share/ros_tcp_endpoint/package.ps1'
[2.367s] INFO:colcon.colcon_core.shell:Creating package descriptor '/home/alberto/Documents/kia_gd_ws/install/ros_tcp_endpoint/share/ros_tcp_endpoint/package.dsv'
[2.367s] INFO:colcon.colcon_core.shell:Creating package script '/home/alberto/Documents/kia_gd_ws/install/ros_tcp_endpoint/share/ros_tcp_endpoint/package.sh'
[2.368s] INFO:colcon.colcon_core.shell:Creating package script '/home/alberto/Documents/kia_gd_ws/install/ros_tcp_endpoint/share/ros_tcp_endpoint/package.bash'
[2.368s] INFO:colcon.colcon_core.shell:Creating package script '/home/alberto/Documents/kia_gd_ws/install/ros_tcp_endpoint/share/ros_tcp_endpoint/package.zsh'
[2.369s] Level 1:colcon.colcon_core.environment:create_file_with_runtime_dependencies(/home/alberto/Documents/kia_gd_ws/install/ros_tcp_endpoint/share/colcon-core/packages/ros_tcp_endpoint)
[2.721s] DEBUG:colcon.colcon_core.event_handler.log_command:Invoked command in '/home/alberto/Documents/kia_gd_ws/build/ur_ros_rtde' returned '0': CMAKE_PREFIX_PATH=/home/alberto/Documents/kia_gd_ws/install/ur_ros_rtde_simple_clients:/home/alberto/Documents/kia_gd_ws/install/ur_ros_rtde_msgs:/home/alberto/Documents/kia_gd_ws/install/ur_ros_rtde_tutorials:/home/alberto/Documents/kia_gd_ws/install/ur_ros_rtde:/home/alberto/Documents/kia_gd_ws/install/ur_ros_rtde_gripper_commands:/home/alberto/Documents/kia_gd_ws/install/ur:/home/alberto/Documents/kia_gd_ws/install/ur_calibration:/home/alberto/Documents/kia_gd_ws/install/ur_robot_driver:/home/alberto/Documents/kia_gd_ws/install/ur_moveit_config:/home/alberto/Documents/kia_gd_ws/install/ur_bringup:/home/alberto/Documents/kia_gd_ws/install/ur_controllers:/home/alberto/Documents/kia_gd_ws/install/ur_dashboard_msgs:/home/alberto/Documents/kia_gd_ws/install/simple_ur10e_moveit_config:/home/alberto/Documents/kia_gd_ws/install/simple_ur10e_description:/home/alberto/Documents/kia_gd_ws/install/kia_gd:/home/alberto/Documents/sub_alberto/install/uuv_visualization:/home/alberto/Documents/sub_alberto/install/uuv_vision:/home/alberto/Documents/sub_alberto/install/uuv_navigation:/home/alberto/Documents/sub_alberto/install/uuv_mission:/home/alberto/Documents/sub_alberto/install/uuv_master:/home/alberto/Documents/sub_alberto/install/uuv_control:/home/alberto/install/vectornav:/home/alberto/install/vectornav_msgs:/home/alberto/install/uuv_teleop:/home/alberto/install/uuv_description:/home/alberto/install/sub:/home/alberto/install/pid:/home/alberto/Documents/kia_gd_ws/install/ros_tcp_endpoint:/home/alberto/ros2_ws/install/docker_test:/opt/ros/humble:/home/alberto/install/catkin:/home/alberto/ros2_ws/install/sub:/home/alberto/ros2_ws/install/pid:/home/alberto/ros2_ws/install/catkin:/home/alberto/uuv/install/uuv LD_LIBRARY_PATH=/home/alberto/Documents/kia_gd_ws/install/ur_ros_rtde_msgs/lib:/home/alberto/Documents/kia_gd_ws/install/ur_ros_rtde_tutorials/lib:/home/alberto/Documents/kia_gd_ws/install/ur_ros_rtde/lib:/home/alberto/Documents/kia_gd_ws/install/ur_ros_rtde_gripper_commands/lib:/home/alberto/Documents/kia_gd_ws/install/ur_robot_driver/lib:/home/alberto/Documents/kia_gd_ws/install/ur_controllers/lib:/home/alberto/Documents/kia_gd_ws/install/ur_dashboard_msgs/lib:/home/alberto/install/vectornav/lib:/home/alberto/install/vectornav_msgs/lib:/opt/ros/humble/opt/rviz_ogre_vendor/lib:/opt/ros/humble/lib/x86_64-linux-gnu:/opt/ros/humble/lib /usr/bin/cmake --build /home/alberto/Documents/kia_gd_ws/build/ur_ros_rtde -- -j8 -l8
[2.724s] DEBUG:colcon.colcon_core.event_handler.log_command:Invoking command in '/home/alberto/Documents/kia_gd_ws/build/ur_ros_rtde': CMAKE_PREFIX_PATH=/home/alberto/Documents/kia_gd_ws/install/ur_ros_rtde_simple_clients:/home/alberto/Documents/kia_gd_ws/install/ur_ros_rtde_msgs:/home/alberto/Documents/kia_gd_ws/install/ur_ros_rtde_tutorials:/home/alberto/Documents/kia_gd_ws/install/ur_ros_rtde:/home/alberto/Documents/kia_gd_ws/install/ur_ros_rtde_gripper_commands:/home/alberto/Documents/kia_gd_ws/install/ur:/home/alberto/Documents/kia_gd_ws/install/ur_calibration:/home/alberto/Documents/kia_gd_ws/install/ur_robot_driver:/home/alberto/Documents/kia_gd_ws/install/ur_moveit_config:/home/alberto/Documents/kia_gd_ws/install/ur_bringup:/home/alberto/Documents/kia_gd_ws/install/ur_controllers:/home/alberto/Documents/kia_gd_ws/install/ur_dashboard_msgs:/home/alberto/Documents/kia_gd_ws/install/simple_ur10e_moveit_config:/home/alberto/Documents/kia_gd_ws/install/simple_ur10e_description:/home/alberto/Documents/kia_gd_ws/install/kia_gd:/home/alberto/Documents/sub_alberto/install/uuv_visualization:/home/alberto/Documents/sub_alberto/install/uuv_vision:/home/alberto/Documents/sub_alberto/install/uuv_navigation:/home/alberto/Documents/sub_alberto/install/uuv_mission:/home/alberto/Documents/sub_alberto/install/uuv_master:/home/alberto/Documents/sub_alberto/install/uuv_control:/home/alberto/install/vectornav:/home/alberto/install/vectornav_msgs:/home/alberto/install/uuv_teleop:/home/alberto/install/uuv_description:/home/alberto/install/sub:/home/alberto/install/pid:/home/alberto/Documents/kia_gd_ws/install/ros_tcp_endpoint:/home/alberto/ros2_ws/install/docker_test:/opt/ros/humble:/home/alberto/install/catkin:/home/alberto/ros2_ws/install/sub:/home/alberto/ros2_ws/install/pid:/home/alberto/ros2_ws/install/catkin:/home/alberto/uuv/install/uuv LD_LIBRARY_PATH=/home/alberto/Documents/kia_gd_ws/install/ur_ros_rtde_msgs/lib:/home/alberto/Documents/kia_gd_ws/install/ur_ros_rtde_tutorials/lib:/home/alberto/Documents/kia_gd_ws/install/ur_ros_rtde/lib:/home/alberto/Documents/kia_gd_ws/install/ur_ros_rtde_gripper_commands/lib:/home/alberto/Documents/kia_gd_ws/install/ur_robot_driver/lib:/home/alberto/Documents/kia_gd_ws/install/ur_controllers/lib:/home/alberto/Documents/kia_gd_ws/install/ur_dashboard_msgs/lib:/home/alberto/install/vectornav/lib:/home/alberto/install/vectornav_msgs/lib:/opt/ros/humble/opt/rviz_ogre_vendor/lib:/opt/ros/humble/lib/x86_64-linux-gnu:/opt/ros/humble/lib /usr/bin/cmake --install /home/alberto/Documents/kia_gd_ws/build/ur_ros_rtde
[2.752s] Level 1:colcon.colcon_core.environment:create_environment_scripts_only(ur_ros_rtde)
[2.753s] Level 1:colcon.colcon_core.environment:checking '/home/alberto/Documents/kia_gd_ws/install/ur_ros_rtde' for CMake module files
[2.754s] DEBUG:colcon.colcon_core.event_handler.log_command:Invoked command in '/home/alberto/Documents/kia_gd_ws/build/ur_ros_rtde' returned '0': CMAKE_PREFIX_PATH=/home/alberto/Documents/kia_gd_ws/install/ur_ros_rtde_simple_clients:/home/alberto/Documents/kia_gd_ws/install/ur_ros_rtde_msgs:/home/alberto/Documents/kia_gd_ws/install/ur_ros_rtde_tutorials:/home/alberto/Documents/kia_gd_ws/install/ur_ros_rtde:/home/alberto/Documents/kia_gd_ws/install/ur_ros_rtde_gripper_commands:/home/alberto/Documents/kia_gd_ws/install/ur:/home/alberto/Documents/kia_gd_ws/install/ur_calibration:/home/alberto/Documents/kia_gd_ws/install/ur_robot_driver:/home/alberto/Documents/kia_gd_ws/install/ur_moveit_config:/home/alberto/Documents/kia_gd_ws/install/ur_bringup:/home/alberto/Documents/kia_gd_ws/install/ur_controllers:/home/alberto/Documents/kia_gd_ws/install/ur_dashboard_msgs:/home/alberto/Documents/kia_gd_ws/install/simple_ur10e_moveit_config:/home/alberto/Documents/kia_gd_ws/install/simple_ur10e_description:/home/alberto/Documents/kia_gd_ws/install/kia_gd:/home/alberto/Documents/sub_alberto/install/uuv_visualization:/home/alberto/Documents/sub_alberto/install/uuv_vision:/home/alberto/Documents/sub_alberto/install/uuv_navigation:/home/alberto/Documents/sub_alberto/install/uuv_mission:/home/alberto/Documents/sub_alberto/install/uuv_master:/home/alberto/Documents/sub_alberto/install/uuv_control:/home/alberto/install/vectornav:/home/alberto/install/vectornav_msgs:/home/alberto/install/uuv_teleop:/home/alberto/install/uuv_description:/home/alberto/install/sub:/home/alberto/install/pid:/home/alberto/Documents/kia_gd_ws/install/ros_tcp_endpoint:/home/alberto/ros2_ws/install/docker_test:/opt/ros/humble:/home/alberto/install/catkin:/home/alberto/ros2_ws/install/sub:/home/alberto/ros2_ws/install/pid:/home/alberto/ros2_ws/install/catkin:/home/alberto/uuv/install/uuv LD_LIBRARY_PATH=/home/alberto/Documents/kia_gd_ws/install/ur_ros_rtde_msgs/lib:/home/alberto/Documents/kia_gd_ws/install/ur_ros_rtde_tutorials/lib:/home/alberto/Documents/kia_gd_ws/install/ur_ros_rtde/lib:/home/alberto/Documents/kia_gd_ws/install/ur_ros_rtde_gripper_commands/lib:/home/alberto/Documents/kia_gd_ws/install/ur_robot_driver/lib:/home/alberto/Documents/kia_gd_ws/install/ur_controllers/lib:/home/alberto/Documents/kia_gd_ws/install/ur_dashboard_msgs/lib:/home/alberto/install/vectornav/lib:/home/alberto/install/vectornav_msgs/lib:/opt/ros/humble/opt/rviz_ogre_vendor/lib:/opt/ros/humble/lib/x86_64-linux-gnu:/opt/ros/humble/lib /usr/bin/cmake --install /home/alberto/Documents/kia_gd_ws/build/ur_ros_rtde
[2.754s] Level 1:colcon.colcon_core.environment:checking '/home/alberto/Documents/kia_gd_ws/install/ur_ros_rtde' for CMake config files
[2.755s] Level 1:colcon.colcon_core.shell:create_environment_hook('ur_ros_rtde', 'cmake_prefix_path')
[2.756s] INFO:colcon.colcon_core.shell:Creating environment hook '/home/alberto/Documents/kia_gd_ws/install/ur_ros_rtde/share/ur_ros_rtde/hook/cmake_prefix_path.ps1'
[2.756s] INFO:colcon.colcon_core.shell:Creating environment descriptor '/home/alberto/Documents/kia_gd_ws/install/ur_ros_rtde/share/ur_ros_rtde/hook/cmake_prefix_path.dsv'
[2.757s] INFO:colcon.colcon_core.shell:Creating environment hook '/home/alberto/Documents/kia_gd_ws/install/ur_ros_rtde/share/ur_ros_rtde/hook/cmake_prefix_path.sh'
[2.758s] Level 1:colcon.colcon_core.environment:checking '/home/alberto/Documents/kia_gd_ws/install/ur_ros_rtde/lib'
[2.758s] Level 1:colcon.colcon_core.shell:create_environment_hook('ur_ros_rtde', 'ld_library_path_lib')
[2.758s] INFO:colcon.colcon_core.shell:Creating environment hook '/home/alberto/Documents/kia_gd_ws/install/ur_ros_rtde/share/ur_ros_rtde/hook/ld_library_path_lib.ps1'
[2.759s] INFO:colcon.colcon_core.shell:Creating environment descriptor '/home/alberto/Documents/kia_gd_ws/install/ur_ros_rtde/share/ur_ros_rtde/hook/ld_library_path_lib.dsv'
[2.760s] INFO:colcon.colcon_core.shell:Creating environment hook '/home/alberto/Documents/kia_gd_ws/install/ur_ros_rtde/share/ur_ros_rtde/hook/ld_library_path_lib.sh'
[2.760s] Level 1:colcon.colcon_core.environment:checking '/home/alberto/Documents/kia_gd_ws/install/ur_ros_rtde/bin'
[2.760s] Level 1:colcon.colcon_core.environment:checking '/home/alberto/Documents/kia_gd_ws/install/ur_ros_rtde/lib/pkgconfig/ur_ros_rtde.pc'
[2.761s] Level 1:colcon.colcon_core.environment:checking '/home/alberto/Documents/kia_gd_ws/install/ur_ros_rtde/lib/python3.10/site-packages'
[2.761s] Level 1:colcon.colcon_core.environment:checking '/home/alberto/Documents/kia_gd_ws/install/ur_ros_rtde/bin'
[2.762s] INFO:colcon.colcon_core.shell:Creating package script '/home/alberto/Documents/kia_gd_ws/install/ur_ros_rtde/share/ur_ros_rtde/package.ps1'
[2.763s] INFO:colcon.colcon_core.shell:Creating package descriptor '/home/alberto/Documents/kia_gd_ws/install/ur_ros_rtde/share/ur_ros_rtde/package.dsv'
[2.764s] INFO:colcon.colcon_core.shell:Creating package script '/home/alberto/Documents/kia_gd_ws/install/ur_ros_rtde/share/ur_ros_rtde/package.sh'
[2.764s] INFO:colcon.colcon_core.shell:Creating package script '/home/alberto/Documents/kia_gd_ws/install/ur_ros_rtde/share/ur_ros_rtde/package.bash'
[2.765s] INFO:colcon.colcon_core.shell:Creating package script '/home/alberto/Documents/kia_gd_ws/install/ur_ros_rtde/share/ur_ros_rtde/package.zsh'
[2.765s] Level 1:colcon.colcon_core.environment:create_file_with_runtime_dependencies(/home/alberto/Documents/kia_gd_ws/install/ur_ros_rtde/share/colcon-core/packages/ur_ros_rtde)
[2.766s] Level 1:colcon.colcon_core.environment:create_environment_scripts_only(ur_ros_rtde)
[2.767s] Level 1:colcon.colcon_core.environment:checking '/home/alberto/Documents/kia_gd_ws/install/ur_ros_rtde' for CMake module files
[2.768s] Level 1:colcon.colcon_core.environment:checking '/home/alberto/Documents/kia_gd_ws/install/ur_ros_rtde' for CMake config files
[2.768s] Level 1:colcon.colcon_core.shell:create_environment_hook('ur_ros_rtde', 'cmake_prefix_path')
[2.769s] INFO:colcon.colcon_core.shell:Creating environment hook '/home/alberto/Documents/kia_gd_ws/install/ur_ros_rtde/share/ur_ros_rtde/hook/cmake_prefix_path.ps1'
[2.769s] INFO:colcon.colcon_core.shell:Creating environment descriptor '/home/alberto/Documents/kia_gd_ws/install/ur_ros_rtde/share/ur_ros_rtde/hook/cmake_prefix_path.dsv'
[2.770s] INFO:colcon.colcon_core.shell:Creating environment hook '/home/alberto/Documents/kia_gd_ws/install/ur_ros_rtde/share/ur_ros_rtde/hook/cmake_prefix_path.sh'
[2.771s] Level 1:colcon.colcon_core.environment:checking '/home/alberto/Documents/kia_gd_ws/install/ur_ros_rtde/lib'
[2.771s] Level 1:colcon.colcon_core.shell:create_environment_hook('ur_ros_rtde', 'ld_library_path_lib')
[2.771s] INFO:colcon.colcon_core.shell:Creating environment hook '/home/alberto/Documents/kia_gd_ws/install/ur_ros_rtde/share/ur_ros_rtde/hook/ld_library_path_lib.ps1'
[2.772s] INFO:colcon.colcon_core.shell:Creating environment descriptor '/home/alberto/Documents/kia_gd_ws/install/ur_ros_rtde/share/ur_ros_rtde/hook/ld_library_path_lib.dsv'
[2.772s] INFO:colcon.colcon_core.shell:Creating environment hook '/home/alberto/Documents/kia_gd_ws/install/ur_ros_rtde/share/ur_ros_rtde/hook/ld_library_path_lib.sh'
[2.773s] Level 1:colcon.colcon_core.environment:checking '/home/alberto/Documents/kia_gd_ws/install/ur_ros_rtde/bin'
[2.773s] Level 1:colcon.colcon_core.environment:checking '/home/alberto/Documents/kia_gd_ws/install/ur_ros_rtde/lib/pkgconfig/ur_ros_rtde.pc'
[2.774s] Level 1:colcon.colcon_core.environment:checking '/home/alberto/Documents/kia_gd_ws/install/ur_ros_rtde/lib/python3.10/site-packages'
[2.774s] Level 1:colcon.colcon_core.environment:checking '/home/alberto/Documents/kia_gd_ws/install/ur_ros_rtde/bin'
[2.775s] INFO:colcon.colcon_core.shell:Creating package script '/home/alberto/Documents/kia_gd_ws/install/ur_ros_rtde/share/ur_ros_rtde/package.ps1'
[2.776s] INFO:colcon.colcon_core.shell:Creating package descriptor '/home/alberto/Documents/kia_gd_ws/install/ur_ros_rtde/share/ur_ros_rtde/package.dsv'
[2.777s] INFO:colcon.colcon_core.shell:Creating package script '/home/alberto/Documents/kia_gd_ws/install/ur_ros_rtde/share/ur_ros_rtde/package.sh'
[2.777s] INFO:colcon.colcon_core.shell:Creating package script '/home/alberto/Documents/kia_gd_ws/install/ur_ros_rtde/share/ur_ros_rtde/package.bash'
[2.778s] INFO:colcon.colcon_core.shell:Creating package script '/home/alberto/Documents/kia_gd_ws/install/ur_ros_rtde/share/ur_ros_rtde/package.zsh'
[2.779s] Level 1:colcon.colcon_core.environment:create_file_with_runtime_dependencies(/home/alberto/Documents/kia_gd_ws/install/ur_ros_rtde/share/colcon-core/packages/ur_ros_rtde)
[2.779s] INFO:colcon.colcon_ros.task.ament_cmake.build:Building ROS package in '/home/alberto/Documents/kia_gd_ws/src/ur_ros_rtde/ur_ros_rtde_gripper_commands' with build type 'ament_cmake'
[2.779s] INFO:colcon.colcon_cmake.task.cmake.build:Building CMake package in '/home/alberto/Documents/kia_gd_ws/src/ur_ros_rtde/ur_ros_rtde_gripper_commands'
[2.780s] INFO:colcon.colcon_core.shell:Skip shell extension 'powershell' for command environment: Not usable outside of PowerShell
[2.780s] DEBUG:colcon.colcon_core.shell:Skip shell extension 'dsv' for command environment
[2.792s] INFO:colcon.colcon_ros.task.ament_cmake.build:Building ROS package in '/home/alberto/Documents/kia_gd_ws/src/ur_ros_rtde/ur_ros_rtde_tutorials' with build type 'ament_cmake'
[2.792s] INFO:colcon.colcon_cmake.task.cmake.build:Building CMake package in '/home/alberto/Documents/kia_gd_ws/src/ur_ros_rtde/ur_ros_rtde_tutorials'
[2.793s] INFO:colcon.colcon_core.shell:Skip shell extension 'powershell' for command environment: Not usable outside of PowerShell
[2.793s] DEBUG:colcon.colcon_core.shell:Skip shell extension 'dsv' for command environment
[2.811s] DEBUG:colcon.colcon_core.event_handler.log_command:Invoking command in '/home/alberto/Documents/kia_gd_ws/build/ur_ros_rtde_gripper_commands': CMAKE_PREFIX_PATH=/home/alberto/Documents/kia_gd_ws/install/ur_ros_rtde:/home/alberto/Documents/kia_gd_ws/install/ur_ros_rtde_simple_clients:/home/alberto/Documents/kia_gd_ws/install/ur_ros_rtde_msgs:/home/alberto/Documents/kia_gd_ws/install/ur_ros_rtde_tutorials:/home/alberto/Documents/kia_gd_ws/install/ur_ros_rtde_gripper_commands:/home/alberto/Documents/kia_gd_ws/install/ur:/home/alberto/Documents/kia_gd_ws/install/ur_calibration:/home/alberto/Documents/kia_gd_ws/install/ur_robot_driver:/home/alberto/Documents/kia_gd_ws/install/ur_moveit_config:/home/alberto/Documents/kia_gd_ws/install/ur_bringup:/home/alberto/Documents/kia_gd_ws/install/ur_controllers:/home/alberto/Documents/kia_gd_ws/install/ur_dashboard_msgs:/home/alberto/Documents/kia_gd_ws/install/simple_ur10e_moveit_config:/home/alberto/Documents/kia_gd_ws/install/simple_ur10e_description:/home/alberto/Documents/kia_gd_ws/install/kia_gd:/home/alberto/Documents/sub_alberto/install/uuv_visualization:/home/alberto/Documents/sub_alberto/install/uuv_vision:/home/alberto/Documents/sub_alberto/install/uuv_navigation:/home/alberto/Documents/sub_alberto/install/uuv_mission:/home/alberto/Documents/sub_alberto/install/uuv_master:/home/alberto/Documents/sub_alberto/install/uuv_control:/home/alberto/install/vectornav:/home/alberto/install/vectornav_msgs:/home/alberto/install/uuv_teleop:/home/alberto/install/uuv_description:/home/alberto/install/sub:/home/alberto/install/pid:/home/alberto/Documents/kia_gd_ws/install/ros_tcp_endpoint:/home/alberto/ros2_ws/install/docker_test:/opt/ros/humble:/home/alberto/install/catkin:/home/alberto/ros2_ws/install/sub:/home/alberto/ros2_ws/install/pid:/home/alberto/ros2_ws/install/catkin:/home/alberto/uuv/install/uuv LD_LIBRARY_PATH=/home/alberto/Documents/kia_gd_ws/install/ur_ros_rtde/lib:/home/alberto/Documents/kia_gd_ws/install/ur_ros_rtde_msgs/lib:/home/alberto/Documents/kia_gd_ws/install/ur_ros_rtde_tutorials/lib:/home/alberto/Documents/kia_gd_ws/install/ur_ros_rtde_gripper_commands/lib:/home/alberto/Documents/kia_gd_ws/install/ur_robot_driver/lib:/home/alberto/Documents/kia_gd_ws/install/ur_controllers/lib:/home/alberto/Documents/kia_gd_ws/install/ur_dashboard_msgs/lib:/home/alberto/install/vectornav/lib:/home/alberto/install/vectornav_msgs/lib:/opt/ros/humble/opt/rviz_ogre_vendor/lib:/opt/ros/humble/lib/x86_64-linux-gnu:/opt/ros/humble/lib /usr/bin/cmake --build /home/alberto/Documents/kia_gd_ws/build/ur_ros_rtde_gripper_commands -- -j8 -l8
[2.820s] DEBUG:colcon.colcon_core.event_handler.log_command:Invoking command in '/home/alberto/Documents/kia_gd_ws/build/ur_ros_rtde_tutorials': CMAKE_PREFIX_PATH=/home/alberto/Documents/kia_gd_ws/install/ur_ros_rtde:/home/alberto/Documents/kia_gd_ws/install/ur_ros_rtde_simple_clients:/home/alberto/Documents/kia_gd_ws/install/ur_ros_rtde_msgs:/home/alberto/Documents/kia_gd_ws/install/ur_ros_rtde_tutorials:/home/alberto/Documents/kia_gd_ws/install/ur_ros_rtde_gripper_commands:/home/alberto/Documents/kia_gd_ws/install/ur:/home/alberto/Documents/kia_gd_ws/install/ur_calibration:/home/alberto/Documents/kia_gd_ws/install/ur_robot_driver:/home/alberto/Documents/kia_gd_ws/install/ur_moveit_config:/home/alberto/Documents/kia_gd_ws/install/ur_bringup:/home/alberto/Documents/kia_gd_ws/install/ur_controllers:/home/alberto/Documents/kia_gd_ws/install/ur_dashboard_msgs:/home/alberto/Documents/kia_gd_ws/install/simple_ur10e_moveit_config:/home/alberto/Documents/kia_gd_ws/install/simple_ur10e_description:/home/alberto/Documents/kia_gd_ws/install/kia_gd:/home/alberto/Documents/sub_alberto/install/uuv_visualization:/home/alberto/Documents/sub_alberto/install/uuv_vision:/home/alberto/Documents/sub_alberto/install/uuv_navigation:/home/alberto/Documents/sub_alberto/install/uuv_mission:/home/alberto/Documents/sub_alberto/install/uuv_master:/home/alberto/Documents/sub_alberto/install/uuv_control:/home/alberto/install/vectornav:/home/alberto/install/vectornav_msgs:/home/alberto/install/uuv_teleop:/home/alberto/install/uuv_description:/home/alberto/install/sub:/home/alberto/install/pid:/home/alberto/Documents/kia_gd_ws/install/ros_tcp_endpoint:/home/alberto/ros2_ws/install/docker_test:/opt/ros/humble:/home/alberto/install/catkin:/home/alberto/ros2_ws/install/sub:/home/alberto/ros2_ws/install/pid:/home/alberto/ros2_ws/install/catkin:/home/alberto/uuv/install/uuv LD_LIBRARY_PATH=/home/alberto/Documents/kia_gd_ws/install/ur_ros_rtde/lib:/home/alberto/Documents/kia_gd_ws/install/ur_ros_rtde_msgs/lib:/home/alberto/Documents/kia_gd_ws/install/ur_ros_rtde_tutorials/lib:/home/alberto/Documents/kia_gd_ws/install/ur_ros_rtde_gripper_commands/lib:/home/alberto/Documents/kia_gd_ws/install/ur_robot_driver/lib:/home/alberto/Documents/kia_gd_ws/install/ur_controllers/lib:/home/alberto/Documents/kia_gd_ws/install/ur_dashboard_msgs/lib:/home/alberto/install/vectornav/lib:/home/alberto/install/vectornav_msgs/lib:/opt/ros/humble/opt/rviz_ogre_vendor/lib:/opt/ros/humble/lib/x86_64-linux-gnu:/opt/ros/humble/lib /usr/bin/cmake --build /home/alberto/Documents/kia_gd_ws/build/ur_ros_rtde_tutorials -- -j8 -l8
[4.071s] DEBUG:colcon.colcon_core.event_handler.log_command:Invoked command in '/home/alberto/Documents/kia_gd_ws/build/ur_ros_rtde_gripper_commands' returned '0': CMAKE_PREFIX_PATH=/home/alberto/Documents/kia_gd_ws/install/ur_ros_rtde:/home/alberto/Documents/kia_gd_ws/install/ur_ros_rtde_simple_clients:/home/alberto/Documents/kia_gd_ws/install/ur_ros_rtde_msgs:/home/alberto/Documents/kia_gd_ws/install/ur_ros_rtde_tutorials:/home/alberto/Documents/kia_gd_ws/install/ur_ros_rtde_gripper_commands:/home/alberto/Documents/kia_gd_ws/install/ur:/home/alberto/Documents/kia_gd_ws/install/ur_calibration:/home/alberto/Documents/kia_gd_ws/install/ur_robot_driver:/home/alberto/Documents/kia_gd_ws/install/ur_moveit_config:/home/alberto/Documents/kia_gd_ws/install/ur_bringup:/home/alberto/Documents/kia_gd_ws/install/ur_controllers:/home/alberto/Documents/kia_gd_ws/install/ur_dashboard_msgs:/home/alberto/Documents/kia_gd_ws/install/simple_ur10e_moveit_config:/home/alberto/Documents/kia_gd_ws/install/simple_ur10e_description:/home/alberto/Documents/kia_gd_ws/install/kia_gd:/home/alberto/Documents/sub_alberto/install/uuv_visualization:/home/alberto/Documents/sub_alberto/install/uuv_vision:/home/alberto/Documents/sub_alberto/install/uuv_navigation:/home/alberto/Documents/sub_alberto/install/uuv_mission:/home/alberto/Documents/sub_alberto/install/uuv_master:/home/alberto/Documents/sub_alberto/install/uuv_control:/home/alberto/install/vectornav:/home/alberto/install/vectornav_msgs:/home/alberto/install/uuv_teleop:/home/alberto/install/uuv_description:/home/alberto/install/sub:/home/alberto/install/pid:/home/alberto/Documents/kia_gd_ws/install/ros_tcp_endpoint:/home/alberto/ros2_ws/install/docker_test:/opt/ros/humble:/home/alberto/install/catkin:/home/alberto/ros2_ws/install/sub:/home/alberto/ros2_ws/install/pid:/home/alberto/ros2_ws/install/catkin:/home/alberto/uuv/install/uuv LD_LIBRARY_PATH=/home/alberto/Documents/kia_gd_ws/install/ur_ros_rtde/lib:/home/alberto/Documents/kia_gd_ws/install/ur_ros_rtde_msgs/lib:/home/alberto/Documents/kia_gd_ws/install/ur_ros_rtde_tutorials/lib:/home/alberto/Documents/kia_gd_ws/install/ur_ros_rtde_gripper_commands/lib:/home/alberto/Documents/kia_gd_ws/install/ur_robot_driver/lib:/home/alberto/Documents/kia_gd_ws/install/ur_controllers/lib:/home/alberto/Documents/kia_gd_ws/install/ur_dashboard_msgs/lib:/home/alberto/install/vectornav/lib:/home/alberto/install/vectornav_msgs/lib:/opt/ros/humble/opt/rviz_ogre_vendor/lib:/opt/ros/humble/lib/x86_64-linux-gnu:/opt/ros/humble/lib /usr/bin/cmake --build /home/alberto/Documents/kia_gd_ws/build/ur_ros_rtde_gripper_commands -- -j8 -l8
[4.074s] DEBUG:colcon.colcon_core.event_handler.log_command:Invoking command in '/home/alberto/Documents/kia_gd_ws/build/ur_ros_rtde_gripper_commands': CMAKE_PREFIX_PATH=/home/alberto/Documents/kia_gd_ws/install/ur_ros_rtde:/home/alberto/Documents/kia_gd_ws/install/ur_ros_rtde_simple_clients:/home/alberto/Documents/kia_gd_ws/install/ur_ros_rtde_msgs:/home/alberto/Documents/kia_gd_ws/install/ur_ros_rtde_tutorials:/home/alberto/Documents/kia_gd_ws/install/ur_ros_rtde_gripper_commands:/home/alberto/Documents/kia_gd_ws/install/ur:/home/alberto/Documents/kia_gd_ws/install/ur_calibration:/home/alberto/Documents/kia_gd_ws/install/ur_robot_driver:/home/alberto/Documents/kia_gd_ws/install/ur_moveit_config:/home/alberto/Documents/kia_gd_ws/install/ur_bringup:/home/alberto/Documents/kia_gd_ws/install/ur_controllers:/home/alberto/Documents/kia_gd_ws/install/ur_dashboard_msgs:/home/alberto/Documents/kia_gd_ws/install/simple_ur10e_moveit_config:/home/alberto/Documents/kia_gd_ws/install/simple_ur10e_description:/home/alberto/Documents/kia_gd_ws/install/kia_gd:/home/alberto/Documents/sub_alberto/install/uuv_visualization:/home/alberto/Documents/sub_alberto/install/uuv_vision:/home/alberto/Documents/sub_alberto/install/uuv_navigation:/home/alberto/Documents/sub_alberto/install/uuv_mission:/home/alberto/Documents/sub_alberto/install/uuv_master:/home/alberto/Documents/sub_alberto/install/uuv_control:/home/alberto/install/vectornav:/home/alberto/install/vectornav_msgs:/home/alberto/install/uuv_teleop:/home/alberto/install/uuv_description:/home/alberto/install/sub:/home/alberto/install/pid:/home/alberto/Documents/kia_gd_ws/install/ros_tcp_endpoint:/home/alberto/ros2_ws/install/docker_test:/opt/ros/humble:/home/alberto/install/catkin:/home/alberto/ros2_ws/install/sub:/home/alberto/ros2_ws/install/pid:/home/alberto/ros2_ws/install/catkin:/home/alberto/uuv/install/uuv LD_LIBRARY_PATH=/home/alberto/Documents/kia_gd_ws/install/ur_ros_rtde/lib:/home/alberto/Documents/kia_gd_ws/install/ur_ros_rtde_msgs/lib:/home/alberto/Documents/kia_gd_ws/install/ur_ros_rtde_tutorials/lib:/home/alberto/Documents/kia_gd_ws/install/ur_ros_rtde_gripper_commands/lib:/home/alberto/Documents/kia_gd_ws/install/ur_robot_driver/lib:/home/alberto/Documents/kia_gd_ws/install/ur_controllers/lib:/home/alberto/Documents/kia_gd_ws/install/ur_dashboard_msgs/lib:/home/alberto/install/vectornav/lib:/home/alberto/install/vectornav_msgs/lib:/opt/ros/humble/opt/rviz_ogre_vendor/lib:/opt/ros/humble/lib/x86_64-linux-gnu:/opt/ros/humble/lib /usr/bin/cmake --install /home/alberto/Documents/kia_gd_ws/build/ur_ros_rtde_gripper_commands
[4.207s] Level 1:colcon.colcon_core.environment:create_environment_scripts_only(ur_ros_rtde_gripper_commands)
[4.207s] Level 1:colcon.colcon_core.environment:checking '/home/alberto/Documents/kia_gd_ws/install/ur_ros_rtde_gripper_commands' for CMake module files
[4.208s] DEBUG:colcon.colcon_core.event_handler.log_command:Invoked command in '/home/alberto/Documents/kia_gd_ws/build/ur_ros_rtde_gripper_commands' returned '0': CMAKE_PREFIX_PATH=/home/alberto/Documents/kia_gd_ws/install/ur_ros_rtde:/home/alberto/Documents/kia_gd_ws/install/ur_ros_rtde_simple_clients:/home/alberto/Documents/kia_gd_ws/install/ur_ros_rtde_msgs:/home/alberto/Documents/kia_gd_ws/install/ur_ros_rtde_tutorials:/home/alberto/Documents/kia_gd_ws/install/ur_ros_rtde_gripper_commands:/home/alberto/Documents/kia_gd_ws/install/ur:/home/alberto/Documents/kia_gd_ws/install/ur_calibration:/home/alberto/Documents/kia_gd_ws/install/ur_robot_driver:/home/alberto/Documents/kia_gd_ws/install/ur_moveit_config:/home/alberto/Documents/kia_gd_ws/install/ur_bringup:/home/alberto/Documents/kia_gd_ws/install/ur_controllers:/home/alberto/Documents/kia_gd_ws/install/ur_dashboard_msgs:/home/alberto/Documents/kia_gd_ws/install/simple_ur10e_moveit_config:/home/alberto/Documents/kia_gd_ws/install/simple_ur10e_description:/home/alberto/Documents/kia_gd_ws/install/kia_gd:/home/alberto/Documents/sub_alberto/install/uuv_visualization:/home/alberto/Documents/sub_alberto/install/uuv_vision:/home/alberto/Documents/sub_alberto/install/uuv_navigation:/home/alberto/Documents/sub_alberto/install/uuv_mission:/home/alberto/Documents/sub_alberto/install/uuv_master:/home/alberto/Documents/sub_alberto/install/uuv_control:/home/alberto/install/vectornav:/home/alberto/install/vectornav_msgs:/home/alberto/install/uuv_teleop:/home/alberto/install/uuv_description:/home/alberto/install/sub:/home/alberto/install/pid:/home/alberto/Documents/kia_gd_ws/install/ros_tcp_endpoint:/home/alberto/ros2_ws/install/docker_test:/opt/ros/humble:/home/alberto/install/catkin:/home/alberto/ros2_ws/install/sub:/home/alberto/ros2_ws/install/pid:/home/alberto/ros2_ws/install/catkin:/home/alberto/uuv/install/uuv LD_LIBRARY_PATH=/home/alberto/Documents/kia_gd_ws/install/ur_ros_rtde/lib:/home/alberto/Documents/kia_gd_ws/install/ur_ros_rtde_msgs/lib:/home/alberto/Documents/kia_gd_ws/install/ur_ros_rtde_tutorials/lib:/home/alberto/Documents/kia_gd_ws/install/ur_ros_rtde_gripper_commands/lib:/home/alberto/Documents/kia_gd_ws/install/ur_robot_driver/lib:/home/alberto/Documents/kia_gd_ws/install/ur_controllers/lib:/home/alberto/Documents/kia_gd_ws/install/ur_dashboard_msgs/lib:/home/alberto/install/vectornav/lib:/home/alberto/install/vectornav_msgs/lib:/opt/ros/humble/opt/rviz_ogre_vendor/lib:/opt/ros/humble/lib/x86_64-linux-gnu:/opt/ros/humble/lib /usr/bin/cmake --install /home/alberto/Documents/kia_gd_ws/build/ur_ros_rtde_gripper_commands
[4.209s] Level 1:colcon.colcon_core.environment:checking '/home/alberto/Documents/kia_gd_ws/install/ur_ros_rtde_gripper_commands' for CMake config files
[4.211s] Level 1:colcon.colcon_core.shell:create_environment_hook('ur_ros_rtde_gripper_commands', 'cmake_prefix_path')
[4.211s] INFO:colcon.colcon_core.shell:Creating environment hook '/home/alberto/Documents/kia_gd_ws/install/ur_ros_rtde_gripper_commands/share/ur_ros_rtde_gripper_commands/hook/cmake_prefix_path.ps1'
[4.212s] INFO:colcon.colcon_core.shell:Creating environment descriptor '/home/alberto/Documents/kia_gd_ws/install/ur_ros_rtde_gripper_commands/share/ur_ros_rtde_gripper_commands/hook/cmake_prefix_path.dsv'
[4.213s] INFO:colcon.colcon_core.shell:Creating environment hook '/home/alberto/Documents/kia_gd_ws/install/ur_ros_rtde_gripper_commands/share/ur_ros_rtde_gripper_commands/hook/cmake_prefix_path.sh'
[4.214s] Level 1:colcon.colcon_core.environment:checking '/home/alberto/Documents/kia_gd_ws/install/ur_ros_rtde_gripper_commands/lib'
[4.214s] Level 1:colcon.colcon_core.shell:create_environment_hook('ur_ros_rtde_gripper_commands', 'ld_library_path_lib')
[4.214s] INFO:colcon.colcon_core.shell:Creating environment hook '/home/alberto/Documents/kia_gd_ws/install/ur_ros_rtde_gripper_commands/share/ur_ros_rtde_gripper_commands/hook/ld_library_path_lib.ps1'
[4.215s] INFO:colcon.colcon_core.shell:Creating environment descriptor '/home/alberto/Documents/kia_gd_ws/install/ur_ros_rtde_gripper_commands/share/ur_ros_rtde_gripper_commands/hook/ld_library_path_lib.dsv'
[4.215s] INFO:colcon.colcon_core.shell:Creating environment hook '/home/alberto/Documents/kia_gd_ws/install/ur_ros_rtde_gripper_commands/share/ur_ros_rtde_gripper_commands/hook/ld_library_path_lib.sh'
[4.216s] Level 1:colcon.colcon_core.environment:checking '/home/alberto/Documents/kia_gd_ws/install/ur_ros_rtde_gripper_commands/bin'
[4.216s] Level 1:colcon.colcon_core.environment:checking '/home/alberto/Documents/kia_gd_ws/install/ur_ros_rtde_gripper_commands/lib/pkgconfig/ur_ros_rtde_gripper_commands.pc'
[4.216s] Level 1:colcon.colcon_core.environment:checking '/home/alberto/Documents/kia_gd_ws/install/ur_ros_rtde_gripper_commands/lib/python3.10/site-packages'
[4.217s] Level 1:colcon.colcon_core.environment:checking '/home/alberto/Documents/kia_gd_ws/install/ur_ros_rtde_gripper_commands/bin'
[4.218s] INFO:colcon.colcon_core.shell:Creating package script '/home/alberto/Documents/kia_gd_ws/install/ur_ros_rtde_gripper_commands/share/ur_ros_rtde_gripper_commands/package.ps1'
[4.219s] INFO:colcon.colcon_core.shell:Creating package descriptor '/home/alberto/Documents/kia_gd_ws/install/ur_ros_rtde_gripper_commands/share/ur_ros_rtde_gripper_commands/package.dsv'
[4.219s] INFO:colcon.colcon_core.shell:Creating package script '/home/alberto/Documents/kia_gd_ws/install/ur_ros_rtde_gripper_commands/share/ur_ros_rtde_gripper_commands/package.sh'
[4.220s] INFO:colcon.colcon_core.shell:Creating package script '/home/alberto/Documents/kia_gd_ws/install/ur_ros_rtde_gripper_commands/share/ur_ros_rtde_gripper_commands/package.bash'
[4.221s] INFO:colcon.colcon_core.shell:Creating package script '/home/alberto/Documents/kia_gd_ws/install/ur_ros_rtde_gripper_commands/share/ur_ros_rtde_gripper_commands/package.zsh'
[4.221s] Level 1:colcon.colcon_core.environment:create_file_with_runtime_dependencies(/home/alberto/Documents/kia_gd_ws/install/ur_ros_rtde_gripper_commands/share/colcon-core/packages/ur_ros_rtde_gripper_commands)
[4.222s] Level 1:colcon.colcon_core.environment:create_environment_scripts_only(ur_ros_rtde_gripper_commands)
[4.223s] Level 1:colcon.colcon_core.environment:checking '/home/alberto/Documents/kia_gd_ws/install/ur_ros_rtde_gripper_commands' for CMake module files
[4.224s] Level 1:colcon.colcon_core.environment:checking '/home/alberto/Documents/kia_gd_ws/install/ur_ros_rtde_gripper_commands' for CMake config files
[4.225s] Level 1:colcon.colcon_core.shell:create_environment_hook('ur_ros_rtde_gripper_commands', 'cmake_prefix_path')
[4.225s] INFO:colcon.colcon_core.shell:Creating environment hook '/home/alberto/Documents/kia_gd_ws/install/ur_ros_rtde_gripper_commands/share/ur_ros_rtde_gripper_commands/hook/cmake_prefix_path.ps1'
[4.226s] INFO:colcon.colcon_core.shell:Creating environment descriptor '/home/alberto/Documents/kia_gd_ws/install/ur_ros_rtde_gripper_commands/share/ur_ros_rtde_gripper_commands/hook/cmake_prefix_path.dsv'
[4.227s] INFO:colcon.colcon_core.shell:Creating environment hook '/home/alberto/Documents/kia_gd_ws/install/ur_ros_rtde_gripper_commands/share/ur_ros_rtde_gripper_commands/hook/cmake_prefix_path.sh'
[4.227s] Level 1:colcon.colcon_core.environment:checking '/home/alberto/Documents/kia_gd_ws/install/ur_ros_rtde_gripper_commands/lib'
[4.228s] Level 1:colcon.colcon_core.shell:create_environment_hook('ur_ros_rtde_gripper_commands', 'ld_library_path_lib')
[4.228s] INFO:colcon.colcon_core.shell:Creating environment hook '/home/alberto/Documents/kia_gd_ws/install/ur_ros_rtde_gripper_commands/share/ur_ros_rtde_gripper_commands/hook/ld_library_path_lib.ps1'
[4.229s] INFO:colcon.colcon_core.shell:Creating environment descriptor '/home/alberto/Documents/kia_gd_ws/install/ur_ros_rtde_gripper_commands/share/ur_ros_rtde_gripper_commands/hook/ld_library_path_lib.dsv'
[4.229s] INFO:colcon.colcon_core.shell:Creating environment hook '/home/alberto/Documents/kia_gd_ws/install/ur_ros_rtde_gripper_commands/share/ur_ros_rtde_gripper_commands/hook/ld_library_path_lib.sh'
[4.230s] Level 1:colcon.colcon_core.environment:checking '/home/alberto/Documents/kia_gd_ws/install/ur_ros_rtde_gripper_commands/bin'
[4.230s] Level 1:colcon.colcon_core.environment:checking '/home/alberto/Documents/kia_gd_ws/install/ur_ros_rtde_gripper_commands/lib/pkgconfig/ur_ros_rtde_gripper_commands.pc'
[4.230s] Level 1:colcon.colcon_core.environment:checking '/home/alberto/Documents/kia_gd_ws/install/ur_ros_rtde_gripper_commands/lib/python3.10/site-packages'
[4.231s] Level 1:colcon.colcon_core.environment:checking '/home/alberto/Documents/kia_gd_ws/install/ur_ros_rtde_gripper_commands/bin'
[4.232s] INFO:colcon.colcon_core.shell:Creating package script '/home/alberto/Documents/kia_gd_ws/install/ur_ros_rtde_gripper_commands/share/ur_ros_rtde_gripper_commands/package.ps1'
[4.233s] INFO:colcon.colcon_core.shell:Creating package descriptor '/home/alberto/Documents/kia_gd_ws/install/ur_ros_rtde_gripper_commands/share/ur_ros_rtde_gripper_commands/package.dsv'
[4.233s] INFO:colcon.colcon_core.shell:Creating package script '/home/alberto/Documents/kia_gd_ws/install/ur_ros_rtde_gripper_commands/share/ur_ros_rtde_gripper_commands/package.sh'
[4.234s] INFO:colcon.colcon_core.shell:Creating package script '/home/alberto/Documents/kia_gd_ws/install/ur_ros_rtde_gripper_commands/share/ur_ros_rtde_gripper_commands/package.bash'
[4.235s] INFO:colcon.colcon_core.shell:Creating package script '/home/alberto/Documents/kia_gd_ws/install/ur_ros_rtde_gripper_commands/share/ur_ros_rtde_gripper_commands/package.zsh'
[4.235s] Level 1:colcon.colcon_core.environment:create_file_with_runtime_dependencies(/home/alberto/Documents/kia_gd_ws/install/ur_ros_rtde_gripper_commands/share/colcon-core/packages/ur_ros_rtde_gripper_commands)
[4.280s] DEBUG:colcon.colcon_core.event_handler.log_command:Invoked command in '/home/alberto/Documents/kia_gd_ws/build/ur_ros_rtde_tutorials' returned '0': CMAKE_PREFIX_PATH=/home/alberto/Documents/kia_gd_ws/install/ur_ros_rtde:/home/alberto/Documents/kia_gd_ws/install/ur_ros_rtde_simple_clients:/home/alberto/Documents/kia_gd_ws/install/ur_ros_rtde_msgs:/home/alberto/Documents/kia_gd_ws/install/ur_ros_rtde_tutorials:/home/alberto/Documents/kia_gd_ws/install/ur_ros_rtde_gripper_commands:/home/alberto/Documents/kia_gd_ws/install/ur:/home/alberto/Documents/kia_gd_ws/install/ur_calibration:/home/alberto/Documents/kia_gd_ws/install/ur_robot_driver:/home/alberto/Documents/kia_gd_ws/install/ur_moveit_config:/home/alberto/Documents/kia_gd_ws/install/ur_bringup:/home/alberto/Documents/kia_gd_ws/install/ur_controllers:/home/alberto/Documents/kia_gd_ws/install/ur_dashboard_msgs:/home/alberto/Documents/kia_gd_ws/install/simple_ur10e_moveit_config:/home/alberto/Documents/kia_gd_ws/install/simple_ur10e_description:/home/alberto/Documents/kia_gd_ws/install/kia_gd:/home/alberto/Documents/sub_alberto/install/uuv_visualization:/home/alberto/Documents/sub_alberto/install/uuv_vision:/home/alberto/Documents/sub_alberto/install/uuv_navigation:/home/alberto/Documents/sub_alberto/install/uuv_mission:/home/alberto/Documents/sub_alberto/install/uuv_master:/home/alberto/Documents/sub_alberto/install/uuv_control:/home/alberto/install/vectornav:/home/alberto/install/vectornav_msgs:/home/alberto/install/uuv_teleop:/home/alberto/install/uuv_description:/home/alberto/install/sub:/home/alberto/install/pid:/home/alberto/Documents/kia_gd_ws/install/ros_tcp_endpoint:/home/alberto/ros2_ws/install/docker_test:/opt/ros/humble:/home/alberto/install/catkin:/home/alberto/ros2_ws/install/sub:/home/alberto/ros2_ws/install/pid:/home/alberto/ros2_ws/install/catkin:/home/alberto/uuv/install/uuv LD_LIBRARY_PATH=/home/alberto/Documents/kia_gd_ws/install/ur_ros_rtde/lib:/home/alberto/Documents/kia_gd_ws/install/ur_ros_rtde_msgs/lib:/home/alberto/Documents/kia_gd_ws/install/ur_ros_rtde_tutorials/lib:/home/alberto/Documents/kia_gd_ws/install/ur_ros_rtde_gripper_commands/lib:/home/alberto/Documents/kia_gd_ws/install/ur_robot_driver/lib:/home/alberto/Documents/kia_gd_ws/install/ur_controllers/lib:/home/alberto/Documents/kia_gd_ws/install/ur_dashboard_msgs/lib:/home/alberto/install/vectornav/lib:/home/alberto/install/vectornav_msgs/lib:/opt/ros/humble/opt/rviz_ogre_vendor/lib:/opt/ros/humble/lib/x86_64-linux-gnu:/opt/ros/humble/lib /usr/bin/cmake --build /home/alberto/Documents/kia_gd_ws/build/ur_ros_rtde_tutorials -- -j8 -l8
[4.283s] DEBUG:colcon.colcon_core.event_handler.log_command:Invoking command in '/home/alberto/Documents/kia_gd_ws/build/ur_ros_rtde_tutorials': CMAKE_PREFIX_PATH=/home/alberto/Documents/kia_gd_ws/install/ur_ros_rtde:/home/alberto/Documents/kia_gd_ws/install/ur_ros_rtde_simple_clients:/home/alberto/Documents/kia_gd_ws/install/ur_ros_rtde_msgs:/home/alberto/Documents/kia_gd_ws/install/ur_ros_rtde_tutorials:/home/alberto/Documents/kia_gd_ws/install/ur_ros_rtde_gripper_commands:/home/alberto/Documents/kia_gd_ws/install/ur:/home/alberto/Documents/kia_gd_ws/install/ur_calibration:/home/alberto/Documents/kia_gd_ws/install/ur_robot_driver:/home/alberto/Documents/kia_gd_ws/install/ur_moveit_config:/home/alberto/Documents/kia_gd_ws/install/ur_bringup:/home/alberto/Documents/kia_gd_ws/install/ur_controllers:/home/alberto/Documents/kia_gd_ws/install/ur_dashboard_msgs:/home/alberto/Documents/kia_gd_ws/install/simple_ur10e_moveit_config:/home/alberto/Documents/kia_gd_ws/install/simple_ur10e_description:/home/alberto/Documents/kia_gd_ws/install/kia_gd:/home/alberto/Documents/sub_alberto/install/uuv_visualization:/home/alberto/Documents/sub_alberto/install/uuv_vision:/home/alberto/Documents/sub_alberto/install/uuv_navigation:/home/alberto/Documents/sub_alberto/install/uuv_mission:/home/alberto/Documents/sub_alberto/install/uuv_master:/home/alberto/Documents/sub_alberto/install/uuv_control:/home/alberto/install/vectornav:/home/alberto/install/vectornav_msgs:/home/alberto/install/uuv_teleop:/home/alberto/install/uuv_description:/home/alberto/install/sub:/home/alberto/install/pid:/home/alberto/Documents/kia_gd_ws/install/ros_tcp_endpoint:/home/alberto/ros2_ws/install/docker_test:/opt/ros/humble:/home/alberto/install/catkin:/home/alberto/ros2_ws/install/sub:/home/alberto/ros2_ws/install/pid:/home/alberto/ros2_ws/install/catkin:/home/alberto/uuv/install/uuv LD_LIBRARY_PATH=/home/alberto/Documents/kia_gd_ws/install/ur_ros_rtde/lib:/home/alberto/Documents/kia_gd_ws/install/ur_ros_rtde_msgs/lib:/home/alberto/Documents/kia_gd_ws/install/ur_ros_rtde_tutorials/lib:/home/alberto/Documents/kia_gd_ws/install/ur_ros_rtde_gripper_commands/lib:/home/alberto/Documents/kia_gd_ws/install/ur_robot_driver/lib:/home/alberto/Documents/kia_gd_ws/install/ur_controllers/lib:/home/alberto/Documents/kia_gd_ws/install/ur_dashboard_msgs/lib:/home/alberto/install/vectornav/lib:/home/alberto/install/vectornav_msgs/lib:/opt/ros/humble/opt/rviz_ogre_vendor/lib:/opt/ros/humble/lib/x86_64-linux-gnu:/opt/ros/humble/lib /usr/bin/cmake --install /home/alberto/Documents/kia_gd_ws/build/ur_ros_rtde_tutorials
[4.368s] Level 1:colcon.colcon_core.environment:create_environment_scripts_only(ur_ros_rtde_tutorials)
[4.368s] Level 1:colcon.colcon_core.environment:checking '/home/alberto/Documents/kia_gd_ws/install/ur_ros_rtde_tutorials' for CMake module files
[4.369s] DEBUG:colcon.colcon_core.event_handler.log_command:Invoked command in '/home/alberto/Documents/kia_gd_ws/build/ur_ros_rtde_tutorials' returned '0': CMAKE_PREFIX_PATH=/home/alberto/Documents/kia_gd_ws/install/ur_ros_rtde:/home/alberto/Documents/kia_gd_ws/install/ur_ros_rtde_simple_clients:/home/alberto/Documents/kia_gd_ws/install/ur_ros_rtde_msgs:/home/alberto/Documents/kia_gd_ws/install/ur_ros_rtde_tutorials:/home/alberto/Documents/kia_gd_ws/install/ur_ros_rtde_gripper_commands:/home/alberto/Documents/kia_gd_ws/install/ur:/home/alberto/Documents/kia_gd_ws/install/ur_calibration:/home/alberto/Documents/kia_gd_ws/install/ur_robot_driver:/home/alberto/Documents/kia_gd_ws/install/ur_moveit_config:/home/alberto/Documents/kia_gd_ws/install/ur_bringup:/home/alberto/Documents/kia_gd_ws/install/ur_controllers:/home/alberto/Documents/kia_gd_ws/install/ur_dashboard_msgs:/home/alberto/Documents/kia_gd_ws/install/simple_ur10e_moveit_config:/home/alberto/Documents/kia_gd_ws/install/simple_ur10e_description:/home/alberto/Documents/kia_gd_ws/install/kia_gd:/home/alberto/Documents/sub_alberto/install/uuv_visualization:/home/alberto/Documents/sub_alberto/install/uuv_vision:/home/alberto/Documents/sub_alberto/install/uuv_navigation:/home/alberto/Documents/sub_alberto/install/uuv_mission:/home/alberto/Documents/sub_alberto/install/uuv_master:/home/alberto/Documents/sub_alberto/install/uuv_control:/home/alberto/install/vectornav:/home/alberto/install/vectornav_msgs:/home/alberto/install/uuv_teleop:/home/alberto/install/uuv_description:/home/alberto/install/sub:/home/alberto/install/pid:/home/alberto/Documents/kia_gd_ws/install/ros_tcp_endpoint:/home/alberto/ros2_ws/install/docker_test:/opt/ros/humble:/home/alberto/install/catkin:/home/alberto/ros2_ws/install/sub:/home/alberto/ros2_ws/install/pid:/home/alberto/ros2_ws/install/catkin:/home/alberto/uuv/install/uuv LD_LIBRARY_PATH=/home/alberto/Documents/kia_gd_ws/install/ur_ros_rtde/lib:/home/alberto/Documents/kia_gd_ws/install/ur_ros_rtde_msgs/lib:/home/alberto/Documents/kia_gd_ws/install/ur_ros_rtde_tutorials/lib:/home/alberto/Documents/kia_gd_ws/install/ur_ros_rtde_gripper_commands/lib:/home/alberto/Documents/kia_gd_ws/install/ur_robot_driver/lib:/home/alberto/Documents/kia_gd_ws/install/ur_controllers/lib:/home/alberto/Documents/kia_gd_ws/install/ur_dashboard_msgs/lib:/home/alberto/install/vectornav/lib:/home/alberto/install/vectornav_msgs/lib:/opt/ros/humble/opt/rviz_ogre_vendor/lib:/opt/ros/humble/lib/x86_64-linux-gnu:/opt/ros/humble/lib /usr/bin/cmake --install /home/alberto/Documents/kia_gd_ws/build/ur_ros_rtde_tutorials
[4.369s] Level 1:colcon.colcon_core.environment:checking '/home/alberto/Documents/kia_gd_ws/install/ur_ros_rtde_tutorials' for CMake config files
[4.370s] Level 1:colcon.colcon_core.shell:create_environment_hook('ur_ros_rtde_tutorials', 'cmake_prefix_path')
[4.370s] INFO:colcon.colcon_core.shell:Creating environment hook '/home/alberto/Documents/kia_gd_ws/install/ur_ros_rtde_tutorials/share/ur_ros_rtde_tutorials/hook/cmake_prefix_path.ps1'
[4.371s] INFO:colcon.colcon_core.shell:Creating environment descriptor '/home/alberto/Documents/kia_gd_ws/install/ur_ros_rtde_tutorials/share/ur_ros_rtde_tutorials/hook/cmake_prefix_path.dsv'
[4.371s] INFO:colcon.colcon_core.shell:Creating environment hook '/home/alberto/Documents/kia_gd_ws/install/ur_ros_rtde_tutorials/share/ur_ros_rtde_tutorials/hook/cmake_prefix_path.sh'
[4.372s] Level 1:colcon.colcon_core.environment:checking '/home/alberto/Documents/kia_gd_ws/install/ur_ros_rtde_tutorials/lib'
[4.372s] Level 1:colcon.colcon_core.shell:create_environment_hook('ur_ros_rtde_tutorials', 'ld_library_path_lib')
[4.372s] INFO:colcon.colcon_core.shell:Creating environment hook '/home/alberto/Documents/kia_gd_ws/install/ur_ros_rtde_tutorials/share/ur_ros_rtde_tutorials/hook/ld_library_path_lib.ps1'
[4.373s] INFO:colcon.colcon_core.shell:Creating environment descriptor '/home/alberto/Documents/kia_gd_ws/install/ur_ros_rtde_tutorials/share/ur_ros_rtde_tutorials/hook/ld_library_path_lib.dsv'
[4.373s] INFO:colcon.colcon_core.shell:Creating environment hook '/home/alberto/Documents/kia_gd_ws/install/ur_ros_rtde_tutorials/share/ur_ros_rtde_tutorials/hook/ld_library_path_lib.sh'
[4.374s] Level 1:colcon.colcon_core.environment:checking '/home/alberto/Documents/kia_gd_ws/install/ur_ros_rtde_tutorials/bin'
[4.374s] Level 1:colcon.colcon_core.environment:checking '/home/alberto/Documents/kia_gd_ws/install/ur_ros_rtde_tutorials/lib/pkgconfig/ur_ros_rtde_tutorials.pc'
[4.374s] Level 1:colcon.colcon_core.environment:checking '/home/alberto/Documents/kia_gd_ws/install/ur_ros_rtde_tutorials/lib/python3.10/site-packages'
[4.375s] Level 1:colcon.colcon_core.environment:checking '/home/alberto/Documents/kia_gd_ws/install/ur_ros_rtde_tutorials/bin'
[4.375s] INFO:colcon.colcon_core.shell:Creating package script '/home/alberto/Documents/kia_gd_ws/install/ur_ros_rtde_tutorials/share/ur_ros_rtde_tutorials/package.ps1'
[4.376s] INFO:colcon.colcon_core.shell:Creating package descriptor '/home/alberto/Documents/kia_gd_ws/install/ur_ros_rtde_tutorials/share/ur_ros_rtde_tutorials/package.dsv'
[4.376s] INFO:colcon.colcon_core.shell:Creating package script '/home/alberto/Documents/kia_gd_ws/install/ur_ros_rtde_tutorials/share/ur_ros_rtde_tutorials/package.sh'
[4.377s] INFO:colcon.colcon_core.shell:Creating package script '/home/alberto/Documents/kia_gd_ws/install/ur_ros_rtde_tutorials/share/ur_ros_rtde_tutorials/package.bash'
[4.377s] INFO:colcon.colcon_core.shell:Creating package script '/home/alberto/Documents/kia_gd_ws/install/ur_ros_rtde_tutorials/share/ur_ros_rtde_tutorials/package.zsh'
[4.377s] Level 1:colcon.colcon_core.environment:create_file_with_runtime_dependencies(/home/alberto/Documents/kia_gd_ws/install/ur_ros_rtde_tutorials/share/colcon-core/packages/ur_ros_rtde_tutorials)
[4.378s] Level 1:colcon.colcon_core.environment:create_environment_scripts_only(ur_ros_rtde_tutorials)
[4.378s] Level 1:colcon.colcon_core.environment:checking '/home/alberto/Documents/kia_gd_ws/install/ur_ros_rtde_tutorials' for CMake module files
[4.379s] Level 1:colcon.colcon_core.environment:checking '/home/alberto/Documents/kia_gd_ws/install/ur_ros_rtde_tutorials' for CMake config files
[4.380s] Level 1:colcon.colcon_core.shell:create_environment_hook('ur_ros_rtde_tutorials', 'cmake_prefix_path')
[4.380s] INFO:colcon.colcon_core.shell:Creating environment hook '/home/alberto/Documents/kia_gd_ws/install/ur_ros_rtde_tutorials/share/ur_ros_rtde_tutorials/hook/cmake_prefix_path.ps1'
[4.380s] INFO:colcon.colcon_core.shell:Creating environment descriptor '/home/alberto/Documents/kia_gd_ws/install/ur_ros_rtde_tutorials/share/ur_ros_rtde_tutorials/hook/cmake_prefix_path.dsv'
[4.381s] INFO:colcon.colcon_core.shell:Creating environment hook '/home/alberto/Documents/kia_gd_ws/install/ur_ros_rtde_tutorials/share/ur_ros_rtde_tutorials/hook/cmake_prefix_path.sh'
[4.381s] Level 1:colcon.colcon_core.environment:checking '/home/alberto/Documents/kia_gd_ws/install/ur_ros_rtde_tutorials/lib'
[4.381s] Level 1:colcon.colcon_core.shell:create_environment_hook('ur_ros_rtde_tutorials', 'ld_library_path_lib')
[4.382s] INFO:colcon.colcon_core.shell:Creating environment hook '/home/alberto/Documents/kia_gd_ws/install/ur_ros_rtde_tutorials/share/ur_ros_rtde_tutorials/hook/ld_library_path_lib.ps1'
[4.382s] INFO:colcon.colcon_core.shell:Creating environment descriptor '/home/alberto/Documents/kia_gd_ws/install/ur_ros_rtde_tutorials/share/ur_ros_rtde_tutorials/hook/ld_library_path_lib.dsv'
[4.382s] INFO:colcon.colcon_core.shell:Creating environment hook '/home/alberto/Documents/kia_gd_ws/install/ur_ros_rtde_tutorials/share/ur_ros_rtde_tutorials/hook/ld_library_path_lib.sh'
[4.383s] Level 1:colcon.colcon_core.environment:checking '/home/alberto/Documents/kia_gd_ws/install/ur_ros_rtde_tutorials/bin'
[4.383s] Level 1:colcon.colcon_core.environment:checking '/home/alberto/Documents/kia_gd_ws/install/ur_ros_rtde_tutorials/lib/pkgconfig/ur_ros_rtde_tutorials.pc'
[4.383s] Level 1:colcon.colcon_core.environment:checking '/home/alberto/Documents/kia_gd_ws/install/ur_ros_rtde_tutorials/lib/python3.10/site-packages'
[4.384s] Level 1:colcon.colcon_core.environment:checking '/home/alberto/Documents/kia_gd_ws/install/ur_ros_rtde_tutorials/bin'
[4.384s] INFO:colcon.colcon_core.shell:Creating package script '/home/alberto/Documents/kia_gd_ws/install/ur_ros_rtde_tutorials/share/ur_ros_rtde_tutorials/package.ps1'
[4.385s] INFO:colcon.colcon_core.shell:Creating package descriptor '/home/alberto/Documents/kia_gd_ws/install/ur_ros_rtde_tutorials/share/ur_ros_rtde_tutorials/package.dsv'
[4.385s] INFO:colcon.colcon_core.shell:Creating package script '/home/alberto/Documents/kia_gd_ws/install/ur_ros_rtde_tutorials/share/ur_ros_rtde_tutorials/package.sh'
[4.386s] INFO:colcon.colcon_core.shell:Creating package script '/home/alberto/Documents/kia_gd_ws/install/ur_ros_rtde_tutorials/share/ur_ros_rtde_tutorials/package.bash'
[4.386s] INFO:colcon.colcon_core.shell:Creating package script '/home/alberto/Documents/kia_gd_ws/install/ur_ros_rtde_tutorials/share/ur_ros_rtde_tutorials/package.zsh'
[4.387s] Level 1:colcon.colcon_core.environment:create_file_with_runtime_dependencies(/home/alberto/Documents/kia_gd_ws/install/ur_ros_rtde_tutorials/share/colcon-core/packages/ur_ros_rtde_tutorials)
[4.387s] DEBUG:colcon.colcon_parallel_executor.executor.parallel:closing loop
[4.387s] DEBUG:colcon.colcon_parallel_executor.executor.parallel:loop closed
[4.387s] DEBUG:colcon.colcon_parallel_executor.executor.parallel:run_until_complete finished with '0'
[4.388s] DEBUG:colcon.colcon_core.event_reactor:joining thread
[4.396s] INFO:colcon.colcon_core.plugin_system:Skipping extension 'colcon_notification.desktop_notification.terminal_notifier': Not used on non-Darwin systems
[4.397s] INFO:colcon.colcon_core.plugin_system:Skipping extension 'colcon_notification.desktop_notification.win32': Not used on non-Windows systems
[4.397s] INFO:colcon.colcon_notification.desktop_notification:Sending desktop notification using 'notify2'
[4.411s] DEBUG:colcon.colcon_core.event_reactor:joined thread
[4.412s] INFO:colcon.colcon_core.shell:Creating prefix script '/home/alberto/Documents/kia_gd_ws/install/local_setup.ps1'
[4.414s] INFO:colcon.colcon_core.shell:Creating prefix util module '/home/alberto/Documents/kia_gd_ws/install/_local_setup_util_ps1.py'
[4.417s] INFO:colcon.colcon_core.shell:Creating prefix chain script '/home/alberto/Documents/kia_gd_ws/install/setup.ps1'
[4.421s] INFO:colcon.colcon_core.shell:Creating prefix script '/home/alberto/Documents/kia_gd_ws/install/local_setup.sh'
[4.422s] INFO:colcon.colcon_core.shell:Creating prefix util module '/home/alberto/Documents/kia_gd_ws/install/_local_setup_util_sh.py'
[4.423s] INFO:colcon.colcon_core.shell:Creating prefix chain script '/home/alberto/Documents/kia_gd_ws/install/setup.sh'
[4.428s] INFO:colcon.colcon_core.shell:Creating prefix script '/home/alberto/Documents/kia_gd_ws/install/local_setup.bash'
[4.429s] INFO:colcon.colcon_core.shell:Creating prefix chain script '/home/alberto/Documents/kia_gd_ws/install/setup.bash'
[4.433s] INFO:colcon.colcon_core.shell:Creating prefix script '/home/alberto/Documents/kia_gd_ws/install/local_setup.zsh'
[4.433s] INFO:colcon.colcon_core.shell:Creating prefix chain script '/home/alberto/Documents/kia_gd_ws/install/setup.zsh'
