[0.219s] DEBUG:colcon:Command line arguments: ['/usr/bin/colcon', 'build']
[0.219s] DEBUG:colcon:Parsed command line arguments: Namespace(log_base=None, log_level=None, verb_name='build', build_base='build', install_base='install', merge_install=False, symlink_install=False, test_result_base=None, continue_on_error=False, executor='parallel', parallel_workers=8, event_handlers=None, ignore_user_meta=False, metas=['./colcon.meta'], base_paths=['.'], packages_ignore=None, packages_ignore_regex=None, paths=None, packages_up_to=None, packages_up_to_regex=None, packages_above=None, packages_above_and_dependencies=None, packages_above_depth=None, packages_select_by_dep=None, packages_skip_by_dep=None, packages_skip_up_to=None, packages_select_build_failed=False, packages_skip_build_finished=False, packages_select_test_failures=False, packages_skip_test_passed=False, packages_select=None, packages_skip=None, packages_select_regex=None, packages_skip_regex=None, packages_start=None, packages_end=None, allow_overriding=[], cmake_args=None, cmake_target=None, cmake_target_skip_unavailable=False, cmake_clean_cache=False, cmake_clean_first=False, cmake_force_configure=False, ament_cmake_args=None, catkin_cmake_args=None, catkin_skip_building_tests=False, mixin_files=None, mixin=None, verb_parser=<colcon_mixin.mixin.mixin_argument.MixinArgumentDecorator object at 0x7c8a8b199ba0>, verb_extension=<colcon_core.verb.build.BuildVerb object at 0x7c8a8b1995d0>, main=<bound method BuildVerb.main of <colcon_core.verb.build.BuildVerb object at 0x7c8a8b1995d0>>, mixin_verb=('build',))
[0.312s] Level 1:colcon.colcon_core.package_discovery:discover_packages(colcon_meta) check parameters
[0.312s] Level 1:colcon.colcon_core.package_discovery:discover_packages(recursive) check parameters
[0.312s] Level 1:colcon.colcon_core.package_discovery:discover_packages(ignore) check parameters
[0.312s] Level 1:colcon.colcon_core.package_discovery:discover_packages(path) check parameters
[0.312s] Level 1:colcon.colcon_core.package_discovery:discover_packages(colcon_meta) discover
[0.312s] Level 1:colcon.colcon_core.package_discovery:discover_packages(recursive) discover
[0.313s] INFO:colcon.colcon_core.package_discovery:Crawling recursively for packages in '/home/alberto/Documents/kia_gd_ws'
[0.313s] Level 1:colcon.colcon_core.package_identification:_identify(.) by extensions ['ignore', 'ignore_ament_install']
[0.313s] Level 1:colcon.colcon_core.package_identification:_identify(.) by extension 'ignore'
[0.313s] Level 1:colcon.colcon_core.package_identification:_identify(.) by extension 'ignore_ament_install'
[0.313s] Level 1:colcon.colcon_core.package_identification:_identify(.) by extensions ['colcon_pkg']
[0.313s] Level 1:colcon.colcon_core.package_identification:_identify(.) by extension 'colcon_pkg'
[0.313s] Level 1:colcon.colcon_core.package_identification:_identify(.) by extensions ['colcon_meta']
[0.314s] Level 1:colcon.colcon_core.package_identification:_identify(.) by extension 'colcon_meta'
[0.314s] Level 1:colcon.colcon_core.package_identification:_identify(.) by extensions ['ros']
[0.314s] Level 1:colcon.colcon_core.package_identification:_identify(.) by extension 'ros'
[0.373s] Level 1:colcon.colcon_core.package_identification:_identify(.) by extensions ['cmake', 'python']
[0.374s] Level 1:colcon.colcon_core.package_identification:_identify(.) by extension 'cmake'
[0.374s] Level 1:colcon.colcon_core.package_identification:_identify(.) by extension 'python'
[0.374s] Level 1:colcon.colcon_core.package_identification:_identify(.) by extensions ['python_setup_py']
[0.374s] Level 1:colcon.colcon_core.package_identification:_identify(.) by extension 'python_setup_py'
[0.376s] Level 1:colcon.colcon_core.package_identification:_identify(build) by extensions ['ignore', 'ignore_ament_install']
[0.381s] Level 1:colcon.colcon_core.package_identification:_identify(build) by extension 'ignore'
[0.382s] Level 1:colcon.colcon_core.package_identification:_identify(build) ignored
[0.383s] Level 1:colcon.colcon_core.package_identification:_identify(install) by extensions ['ignore', 'ignore_ament_install']
[0.384s] Level 1:colcon.colcon_core.package_identification:_identify(install) by extension 'ignore'
[0.384s] Level 1:colcon.colcon_core.package_identification:_identify(install) ignored
[0.385s] Level 1:colcon.colcon_core.package_identification:_identify(log) by extensions ['ignore', 'ignore_ament_install']
[0.386s] Level 1:colcon.colcon_core.package_identification:_identify(log) by extension 'ignore'
[0.386s] Level 1:colcon.colcon_core.package_identification:_identify(log) ignored
[0.387s] Level 1:colcon.colcon_core.package_identification:_identify(src) by extensions ['ignore', 'ignore_ament_install']
[0.387s] Level 1:colcon.colcon_core.package_identification:_identify(src) by extension 'ignore'
[0.387s] Level 1:colcon.colcon_core.package_identification:_identify(src) by extension 'ignore_ament_install'
[0.387s] Level 1:colcon.colcon_core.package_identification:_identify(src) by extensions ['colcon_pkg']
[0.387s] Level 1:colcon.colcon_core.package_identification:_identify(src) by extension 'colcon_pkg'
[0.387s] Level 1:colcon.colcon_core.package_identification:_identify(src) by extensions ['colcon_meta']
[0.388s] Level 1:colcon.colcon_core.package_identification:_identify(src) by extension 'colcon_meta'
[0.388s] Level 1:colcon.colcon_core.package_identification:_identify(src) by extensions ['ros']
[0.388s] Level 1:colcon.colcon_core.package_identification:_identify(src) by extension 'ros'
[0.388s] Level 1:colcon.colcon_core.package_identification:_identify(src) by extensions ['cmake', 'python']
[0.388s] Level 1:colcon.colcon_core.package_identification:_identify(src) by extension 'cmake'
[0.388s] Level 1:colcon.colcon_core.package_identification:_identify(src) by extension 'python'
[0.388s] Level 1:colcon.colcon_core.package_identification:_identify(src) by extensions ['python_setup_py']
[0.388s] Level 1:colcon.colcon_core.package_identification:_identify(src) by extension 'python_setup_py'
[0.388s] Level 1:colcon.colcon_core.package_identification:_identify(src/ROS-TCP-Endpoint) by extensions ['ignore', 'ignore_ament_install']
[0.388s] Level 1:colcon.colcon_core.package_identification:_identify(src/ROS-TCP-Endpoint) by extension 'ignore'
[0.389s] Level 1:colcon.colcon_core.package_identification:_identify(src/ROS-TCP-Endpoint) by extension 'ignore_ament_install'
[0.389s] Level 1:colcon.colcon_core.package_identification:_identify(src/ROS-TCP-Endpoint) by extensions ['colcon_pkg']
[0.389s] Level 1:colcon.colcon_core.package_identification:_identify(src/ROS-TCP-Endpoint) by extension 'colcon_pkg'
[0.390s] Level 1:colcon.colcon_core.package_identification:_identify(src/ROS-TCP-Endpoint) by extensions ['colcon_meta']
[0.390s] Level 1:colcon.colcon_core.package_identification:_identify(src/ROS-TCP-Endpoint) by extension 'colcon_meta'
[0.390s] Level 1:colcon.colcon_core.package_identification:_identify(src/ROS-TCP-Endpoint) by extensions ['ros']
[0.390s] Level 1:colcon.colcon_core.package_identification:_identify(src/ROS-TCP-Endpoint) by extension 'ros'
[0.396s] DEBUG:colcon.colcon_core.package_identification:Package 'src/ROS-TCP-Endpoint' with type 'ros.ament_python' and name 'ros_tcp_endpoint'
[0.396s] Level 1:colcon.colcon_core.package_identification:_identify(src/kia_gd) by extensions ['ignore', 'ignore_ament_install']
[0.397s] Level 1:colcon.colcon_core.package_identification:_identify(src/kia_gd) by extension 'ignore'
[0.397s] Level 1:colcon.colcon_core.package_identification:_identify(src/kia_gd) by extension 'ignore_ament_install'
[0.397s] Level 1:colcon.colcon_core.package_identification:_identify(src/kia_gd) by extensions ['colcon_pkg']
[0.397s] Level 1:colcon.colcon_core.package_identification:_identify(src/kia_gd) by extension 'colcon_pkg'
[0.397s] Level 1:colcon.colcon_core.package_identification:_identify(src/kia_gd) by extensions ['colcon_meta']
[0.397s] Level 1:colcon.colcon_core.package_identification:_identify(src/kia_gd) by extension 'colcon_meta'
[0.397s] Level 1:colcon.colcon_core.package_identification:_identify(src/kia_gd) by extensions ['ros']
[0.397s] Level 1:colcon.colcon_core.package_identification:_identify(src/kia_gd) by extension 'ros'
[0.400s] DEBUG:colcon.colcon_core.package_identification:Package 'src/kia_gd' with type 'ros.ament_cmake' and name 'kia_gd'
[0.400s] Level 1:colcon.colcon_core.package_identification:_identify(src/ur_ros_rtde) by extensions ['ignore', 'ignore_ament_install']
[0.400s] Level 1:colcon.colcon_core.package_identification:_identify(src/ur_ros_rtde) by extension 'ignore'
[0.400s] Level 1:colcon.colcon_core.package_identification:_identify(src/ur_ros_rtde) by extension 'ignore_ament_install'
[0.400s] Level 1:colcon.colcon_core.package_identification:_identify(src/ur_ros_rtde) by extensions ['colcon_pkg']
[0.400s] Level 1:colcon.colcon_core.package_identification:_identify(src/ur_ros_rtde) by extension 'colcon_pkg'
[0.400s] Level 1:colcon.colcon_core.package_identification:_identify(src/ur_ros_rtde) by extensions ['colcon_meta']
[0.401s] Level 1:colcon.colcon_core.package_identification:_identify(src/ur_ros_rtde) by extension 'colcon_meta'
[0.401s] Level 1:colcon.colcon_core.package_identification:_identify(src/ur_ros_rtde) by extensions ['ros']
[0.401s] Level 1:colcon.colcon_core.package_identification:_identify(src/ur_ros_rtde) by extension 'ros'
[0.401s] Level 1:colcon.colcon_core.package_identification:_identify(src/ur_ros_rtde) by extensions ['cmake', 'python']
[0.401s] Level 1:colcon.colcon_core.package_identification:_identify(src/ur_ros_rtde) by extension 'cmake'
[0.401s] Level 1:colcon.colcon_core.package_identification:_identify(src/ur_ros_rtde) by extension 'python'
[0.401s] Level 1:colcon.colcon_core.package_identification:_identify(src/ur_ros_rtde) by extensions ['python_setup_py']
[0.401s] Level 1:colcon.colcon_core.package_identification:_identify(src/ur_ros_rtde) by extension 'python_setup_py'
[0.401s] Level 1:colcon.colcon_core.package_identification:_identify(src/ur_ros_rtde/build) by extensions ['ignore', 'ignore_ament_install']
[0.402s] Level 1:colcon.colcon_core.package_identification:_identify(src/ur_ros_rtde/build) by extension 'ignore'
[0.402s] Level 1:colcon.colcon_core.package_identification:_identify(src/ur_ros_rtde/build) ignored
[0.402s] Level 1:colcon.colcon_core.package_identification:_identify(src/ur_ros_rtde/images) by extensions ['ignore', 'ignore_ament_install']
[0.402s] Level 1:colcon.colcon_core.package_identification:_identify(src/ur_ros_rtde/images) by extension 'ignore'
[0.402s] Level 1:colcon.colcon_core.package_identification:_identify(src/ur_ros_rtde/images) by extension 'ignore_ament_install'
[0.402s] Level 1:colcon.colcon_core.package_identification:_identify(src/ur_ros_rtde/images) by extensions ['colcon_pkg']
[0.402s] Level 1:colcon.colcon_core.package_identification:_identify(src/ur_ros_rtde/images) by extension 'colcon_pkg'
[0.402s] Level 1:colcon.colcon_core.package_identification:_identify(src/ur_ros_rtde/images) by extensions ['colcon_meta']
[0.402s] Level 1:colcon.colcon_core.package_identification:_identify(src/ur_ros_rtde/images) by extension 'colcon_meta'
[0.402s] Level 1:colcon.colcon_core.package_identification:_identify(src/ur_ros_rtde/images) by extensions ['ros']
[0.402s] Level 1:colcon.colcon_core.package_identification:_identify(src/ur_ros_rtde/images) by extension 'ros'
[0.403s] Level 1:colcon.colcon_core.package_identification:_identify(src/ur_ros_rtde/images) by extensions ['cmake', 'python']
[0.403s] Level 1:colcon.colcon_core.package_identification:_identify(src/ur_ros_rtde/images) by extension 'cmake'
[0.403s] Level 1:colcon.colcon_core.package_identification:_identify(src/ur_ros_rtde/images) by extension 'python'
[0.403s] Level 1:colcon.colcon_core.package_identification:_identify(src/ur_ros_rtde/images) by extensions ['python_setup_py']
[0.403s] Level 1:colcon.colcon_core.package_identification:_identify(src/ur_ros_rtde/images) by extension 'python_setup_py'
[0.403s] Level 1:colcon.colcon_core.package_identification:_identify(src/ur_ros_rtde/install) by extensions ['ignore', 'ignore_ament_install']
[0.403s] Level 1:colcon.colcon_core.package_identification:_identify(src/ur_ros_rtde/install) by extension 'ignore'
[0.403s] Level 1:colcon.colcon_core.package_identification:_identify(src/ur_ros_rtde/install) ignored
[0.404s] Level 1:colcon.colcon_core.package_identification:_identify(src/ur_ros_rtde/log) by extensions ['ignore', 'ignore_ament_install']
[0.404s] Level 1:colcon.colcon_core.package_identification:_identify(src/ur_ros_rtde/log) by extension 'ignore'
[0.404s] Level 1:colcon.colcon_core.package_identification:_identify(src/ur_ros_rtde/log) ignored
[0.404s] Level 1:colcon.colcon_core.package_identification:_identify(src/ur_ros_rtde/simple_ur10e_description) by extensions ['ignore', 'ignore_ament_install']
[0.404s] Level 1:colcon.colcon_core.package_identification:_identify(src/ur_ros_rtde/simple_ur10e_description) by extension 'ignore'
[0.404s] Level 1:colcon.colcon_core.package_identification:_identify(src/ur_ros_rtde/simple_ur10e_description) by extension 'ignore_ament_install'
[0.404s] Level 1:colcon.colcon_core.package_identification:_identify(src/ur_ros_rtde/simple_ur10e_description) by extensions ['colcon_pkg']
[0.404s] Level 1:colcon.colcon_core.package_identification:_identify(src/ur_ros_rtde/simple_ur10e_description) by extension 'colcon_pkg'
[0.404s] Level 1:colcon.colcon_core.package_identification:_identify(src/ur_ros_rtde/simple_ur10e_description) by extensions ['colcon_meta']
[0.404s] Level 1:colcon.colcon_core.package_identification:_identify(src/ur_ros_rtde/simple_ur10e_description) by extension 'colcon_meta'
[0.405s] Level 1:colcon.colcon_core.package_identification:_identify(src/ur_ros_rtde/simple_ur10e_description) by extensions ['ros']
[0.405s] Level 1:colcon.colcon_core.package_identification:_identify(src/ur_ros_rtde/simple_ur10e_description) by extension 'ros'
[0.406s] DEBUG:colcon.colcon_core.package_identification:Package 'src/ur_ros_rtde/simple_ur10e_description' with type 'ros.ament_cmake' and name 'simple_ur10e_description'
[0.406s] Level 1:colcon.colcon_core.package_identification:_identify(src/ur_ros_rtde/simple_ur10e_moveit_config) by extensions ['ignore', 'ignore_ament_install']
[0.406s] Level 1:colcon.colcon_core.package_identification:_identify(src/ur_ros_rtde/simple_ur10e_moveit_config) by extension 'ignore'
[0.407s] Level 1:colcon.colcon_core.package_identification:_identify(src/ur_ros_rtde/simple_ur10e_moveit_config) by extension 'ignore_ament_install'
[0.407s] Level 1:colcon.colcon_core.package_identification:_identify(src/ur_ros_rtde/simple_ur10e_moveit_config) by extensions ['colcon_pkg']
[0.407s] Level 1:colcon.colcon_core.package_identification:_identify(src/ur_ros_rtde/simple_ur10e_moveit_config) by extension 'colcon_pkg'
[0.407s] Level 1:colcon.colcon_core.package_identification:_identify(src/ur_ros_rtde/simple_ur10e_moveit_config) by extensions ['colcon_meta']
[0.407s] Level 1:colcon.colcon_core.package_identification:_identify(src/ur_ros_rtde/simple_ur10e_moveit_config) by extension 'colcon_meta'
[0.407s] Level 1:colcon.colcon_core.package_identification:_identify(src/ur_ros_rtde/simple_ur10e_moveit_config) by extensions ['ros']
[0.407s] Level 1:colcon.colcon_core.package_identification:_identify(src/ur_ros_rtde/simple_ur10e_moveit_config) by extension 'ros'
[0.409s] DEBUG:colcon.colcon_core.package_identification:Package 'src/ur_ros_rtde/simple_ur10e_moveit_config' with type 'ros.ament_cmake' and name 'simple_ur10e_moveit_config'
[0.410s] Level 1:colcon.colcon_core.package_identification:_identify(src/ur_ros_rtde/ur_ros_rtde) by extensions ['ignore', 'ignore_ament_install']
[0.410s] Level 1:colcon.colcon_core.package_identification:_identify(src/ur_ros_rtde/ur_ros_rtde) by extension 'ignore'
[0.410s] Level 1:colcon.colcon_core.package_identification:_identify(src/ur_ros_rtde/ur_ros_rtde) by extension 'ignore_ament_install'
[0.410s] Level 1:colcon.colcon_core.package_identification:_identify(src/ur_ros_rtde/ur_ros_rtde) by extensions ['colcon_pkg']
[0.410s] Level 1:colcon.colcon_core.package_identification:_identify(src/ur_ros_rtde/ur_ros_rtde) by extension 'colcon_pkg'
[0.410s] Level 1:colcon.colcon_core.package_identification:_identify(src/ur_ros_rtde/ur_ros_rtde) by extensions ['colcon_meta']
[0.410s] Level 1:colcon.colcon_core.package_identification:_identify(src/ur_ros_rtde/ur_ros_rtde) by extension 'colcon_meta'
[0.410s] Level 1:colcon.colcon_core.package_identification:_identify(src/ur_ros_rtde/ur_ros_rtde) by extensions ['ros']
[0.410s] Level 1:colcon.colcon_core.package_identification:_identify(src/ur_ros_rtde/ur_ros_rtde) by extension 'ros'
[0.412s] DEBUG:colcon.colcon_core.package_identification:Package 'src/ur_ros_rtde/ur_ros_rtde' with type 'ros.ament_cmake' and name 'ur_ros_rtde'
[0.412s] Level 1:colcon.colcon_core.package_identification:_identify(src/ur_ros_rtde/ur_ros_rtde_gripper_commands) by extensions ['ignore', 'ignore_ament_install']
[0.412s] Level 1:colcon.colcon_core.package_identification:_identify(src/ur_ros_rtde/ur_ros_rtde_gripper_commands) by extension 'ignore'
[0.412s] Level 1:colcon.colcon_core.package_identification:_identify(src/ur_ros_rtde/ur_ros_rtde_gripper_commands) by extension 'ignore_ament_install'
[0.412s] Level 1:colcon.colcon_core.package_identification:_identify(src/ur_ros_rtde/ur_ros_rtde_gripper_commands) by extensions ['colcon_pkg']
[0.413s] Level 1:colcon.colcon_core.package_identification:_identify(src/ur_ros_rtde/ur_ros_rtde_gripper_commands) by extension 'colcon_pkg'
[0.413s] Level 1:colcon.colcon_core.package_identification:_identify(src/ur_ros_rtde/ur_ros_rtde_gripper_commands) by extensions ['colcon_meta']
[0.413s] Level 1:colcon.colcon_core.package_identification:_identify(src/ur_ros_rtde/ur_ros_rtde_gripper_commands) by extension 'colcon_meta'
[0.413s] Level 1:colcon.colcon_core.package_identification:_identify(src/ur_ros_rtde/ur_ros_rtde_gripper_commands) by extensions ['ros']
[0.413s] Level 1:colcon.colcon_core.package_identification:_identify(src/ur_ros_rtde/ur_ros_rtde_gripper_commands) by extension 'ros'
[0.414s] DEBUG:colcon.colcon_core.package_identification:Package 'src/ur_ros_rtde/ur_ros_rtde_gripper_commands' with type 'ros.ament_cmake' and name 'ur_ros_rtde_gripper_commands'
[0.415s] Level 1:colcon.colcon_core.package_identification:_identify(src/ur_ros_rtde/ur_ros_rtde_msgs) by extensions ['ignore', 'ignore_ament_install']
[0.415s] Level 1:colcon.colcon_core.package_identification:_identify(src/ur_ros_rtde/ur_ros_rtde_msgs) by extension 'ignore'
[0.415s] Level 1:colcon.colcon_core.package_identification:_identify(src/ur_ros_rtde/ur_ros_rtde_msgs) by extension 'ignore_ament_install'
[0.415s] Level 1:colcon.colcon_core.package_identification:_identify(src/ur_ros_rtde/ur_ros_rtde_msgs) by extensions ['colcon_pkg']
[0.415s] Level 1:colcon.colcon_core.package_identification:_identify(src/ur_ros_rtde/ur_ros_rtde_msgs) by extension 'colcon_pkg'
[0.415s] Level 1:colcon.colcon_core.package_identification:_identify(src/ur_ros_rtde/ur_ros_rtde_msgs) by extensions ['colcon_meta']
[0.415s] Level 1:colcon.colcon_core.package_identification:_identify(src/ur_ros_rtde/ur_ros_rtde_msgs) by extension 'colcon_meta'
[0.415s] Level 1:colcon.colcon_core.package_identification:_identify(src/ur_ros_rtde/ur_ros_rtde_msgs) by extensions ['ros']
[0.416s] Level 1:colcon.colcon_core.package_identification:_identify(src/ur_ros_rtde/ur_ros_rtde_msgs) by extension 'ros'
[0.418s] DEBUG:colcon.colcon_core.package_identification:Package 'src/ur_ros_rtde/ur_ros_rtde_msgs' with type 'ros.ament_cmake' and name 'ur_ros_rtde_msgs'
[0.418s] Level 1:colcon.colcon_core.package_identification:_identify(src/ur_ros_rtde/ur_ros_rtde_simple_clients) by extensions ['ignore', 'ignore_ament_install']
[0.418s] Level 1:colcon.colcon_core.package_identification:_identify(src/ur_ros_rtde/ur_ros_rtde_simple_clients) by extension 'ignore'
[0.419s] Level 1:colcon.colcon_core.package_identification:_identify(src/ur_ros_rtde/ur_ros_rtde_simple_clients) by extension 'ignore_ament_install'
[0.419s] Level 1:colcon.colcon_core.package_identification:_identify(src/ur_ros_rtde/ur_ros_rtde_simple_clients) by extensions ['colcon_pkg']
[0.419s] Level 1:colcon.colcon_core.package_identification:_identify(src/ur_ros_rtde/ur_ros_rtde_simple_clients) by extension 'colcon_pkg'
[0.419s] Level 1:colcon.colcon_core.package_identification:_identify(src/ur_ros_rtde/ur_ros_rtde_simple_clients) by extensions ['colcon_meta']
[0.419s] Level 1:colcon.colcon_core.package_identification:_identify(src/ur_ros_rtde/ur_ros_rtde_simple_clients) by extension 'colcon_meta'
[0.419s] Level 1:colcon.colcon_core.package_identification:_identify(src/ur_ros_rtde/ur_ros_rtde_simple_clients) by extensions ['ros']
[0.419s] Level 1:colcon.colcon_core.package_identification:_identify(src/ur_ros_rtde/ur_ros_rtde_simple_clients) by extension 'ros'
[0.421s] DEBUG:colcon.colcon_core.package_identification:Package 'src/ur_ros_rtde/ur_ros_rtde_simple_clients' with type 'ros.ament_cmake' and name 'ur_ros_rtde_simple_clients'
[0.421s] Level 1:colcon.colcon_core.package_identification:_identify(src/ur_ros_rtde/ur_ros_rtde_tutorials) by extensions ['ignore', 'ignore_ament_install']
[0.421s] Level 1:colcon.colcon_core.package_identification:_identify(src/ur_ros_rtde/ur_ros_rtde_tutorials) by extension 'ignore'
[0.421s] Level 1:colcon.colcon_core.package_identification:_identify(src/ur_ros_rtde/ur_ros_rtde_tutorials) by extension 'ignore_ament_install'
[0.421s] Level 1:colcon.colcon_core.package_identification:_identify(src/ur_ros_rtde/ur_ros_rtde_tutorials) by extensions ['colcon_pkg']
[0.421s] Level 1:colcon.colcon_core.package_identification:_identify(src/ur_ros_rtde/ur_ros_rtde_tutorials) by extension 'colcon_pkg'
[0.421s] Level 1:colcon.colcon_core.package_identification:_identify(src/ur_ros_rtde/ur_ros_rtde_tutorials) by extensions ['colcon_meta']
[0.421s] Level 1:colcon.colcon_core.package_identification:_identify(src/ur_ros_rtde/ur_ros_rtde_tutorials) by extension 'colcon_meta'
[0.422s] Level 1:colcon.colcon_core.package_identification:_identify(src/ur_ros_rtde/ur_ros_rtde_tutorials) by extensions ['ros']
[0.422s] Level 1:colcon.colcon_core.package_identification:_identify(src/ur_ros_rtde/ur_ros_rtde_tutorials) by extension 'ros'
[0.423s] DEBUG:colcon.colcon_core.package_identification:Package 'src/ur_ros_rtde/ur_ros_rtde_tutorials' with type 'ros.ament_cmake' and name 'ur_ros_rtde_tutorials'
[0.423s] Level 1:colcon.colcon_core.package_identification:_identify(ursim_programs) by extensions ['ignore', 'ignore_ament_install']
[0.424s] Level 1:colcon.colcon_core.package_identification:_identify(ursim_programs) by extension 'ignore'
[0.424s] Level 1:colcon.colcon_core.package_identification:_identify(ursim_programs) by extension 'ignore_ament_install'
[0.424s] Level 1:colcon.colcon_core.package_identification:_identify(ursim_programs) by extensions ['colcon_pkg']
[0.424s] Level 1:colcon.colcon_core.package_identification:_identify(ursim_programs) by extension 'colcon_pkg'
[0.424s] Level 1:colcon.colcon_core.package_identification:_identify(ursim_programs) by extensions ['colcon_meta']
[0.424s] Level 1:colcon.colcon_core.package_identification:_identify(ursim_programs) by extension 'colcon_meta'
[0.425s] Level 1:colcon.colcon_core.package_identification:_identify(ursim_programs) by extensions ['ros']
[0.425s] Level 1:colcon.colcon_core.package_identification:_identify(ursim_programs) by extension 'ros'
[0.425s] Level 1:colcon.colcon_core.package_identification:_identify(ursim_programs) by extensions ['cmake', 'python']
[0.425s] Level 1:colcon.colcon_core.package_identification:_identify(ursim_programs) by extension 'cmake'
[0.425s] Level 1:colcon.colcon_core.package_identification:_identify(ursim_programs) by extension 'python'
[0.425s] Level 1:colcon.colcon_core.package_identification:_identify(ursim_programs) by extensions ['python_setup_py']
[0.425s] Level 1:colcon.colcon_core.package_identification:_identify(ursim_programs) by extension 'python_setup_py'
[0.425s] Level 1:colcon.colcon_core.package_discovery:discover_packages(recursive) using defaults
[0.425s] Level 1:colcon.colcon_core.package_discovery:discover_packages(ignore) discover
[0.425s] Level 1:colcon.colcon_core.package_discovery:discover_packages(ignore) using defaults
[0.425s] Level 1:colcon.colcon_core.package_discovery:discover_packages(path) discover
[0.425s] Level 1:colcon.colcon_core.package_discovery:discover_packages(path) using defaults
[0.473s] Level 1:colcon.colcon_core.package_discovery:discover_packages(prefix_path) check parameters
[0.473s] Level 1:colcon.colcon_core.package_discovery:discover_packages(prefix_path) discover
[0.478s] DEBUG:colcon.colcon_installed_package_information.package_discovery:Found 6 installed packages in /home/alberto/Documents/sub_alberto/install
[0.480s] DEBUG:colcon.colcon_installed_package_information.package_discovery:Found 17 installed packages in /home/alberto/Documents/kia_gd_ws/install
[0.482s] DEBUG:colcon.colcon_installed_package_information.package_discovery:Found 8 installed packages in /home/alberto/install
[0.483s] DEBUG:colcon.colcon_installed_package_information.package_discovery:Found 4 installed packages in /home/alberto/ros2_ws/install
[0.484s] DEBUG:colcon.colcon_installed_package_information.package_discovery:Found 1 installed packages in /home/alberto/uuv/install
[0.487s] DEBUG:colcon.colcon_installed_package_information.package_discovery:Found 334 installed packages in /opt/ros/humble
[0.491s] Level 1:colcon.colcon_core.package_discovery:discover_packages(prefix_path) using defaults
[0.599s] Level 5:colcon.colcon_core.verb:set package 'kia_gd' build argument 'cmake_args' from command line to 'None'
[0.599s] Level 5:colcon.colcon_core.verb:set package 'kia_gd' build argument 'cmake_target' from command line to 'None'
[0.599s] Level 5:colcon.colcon_core.verb:set package 'kia_gd' build argument 'cmake_target_skip_unavailable' from command line to 'False'
[0.599s] Level 5:colcon.colcon_core.verb:set package 'kia_gd' build argument 'cmake_clean_cache' from command line to 'False'
[0.599s] Level 5:colcon.colcon_core.verb:set package 'kia_gd' build argument 'cmake_clean_first' from command line to 'False'
[0.599s] Level 5:colcon.colcon_core.verb:set package 'kia_gd' build argument 'cmake_force_configure' from command line to 'False'
[0.599s] Level 5:colcon.colcon_core.verb:set package 'kia_gd' build argument 'ament_cmake_args' from command line to 'None'
[0.599s] Level 5:colcon.colcon_core.verb:set package 'kia_gd' build argument 'catkin_cmake_args' from command line to 'None'
[0.599s] Level 5:colcon.colcon_core.verb:set package 'kia_gd' build argument 'catkin_skip_building_tests' from command line to 'False'
[0.599s] DEBUG:colcon.colcon_core.verb:Building package 'kia_gd' with the following arguments: {'ament_cmake_args': None, 'build_base': '/home/alberto/Documents/kia_gd_ws/build/kia_gd', 'catkin_cmake_args': None, 'catkin_skip_building_tests': False, 'cmake_args': None, 'cmake_clean_cache': False, 'cmake_clean_first': False, 'cmake_force_configure': False, 'cmake_target': None, 'cmake_target_skip_unavailable': False, 'install_base': '/home/alberto/Documents/kia_gd_ws/install/kia_gd', 'merge_install': False, 'path': '/home/alberto/Documents/kia_gd_ws/src/kia_gd', 'symlink_install': False, 'test_result_base': None}
[0.600s] Level 5:colcon.colcon_core.verb:set package 'ros_tcp_endpoint' build argument 'cmake_args' from command line to 'None'
[0.600s] Level 5:colcon.colcon_core.verb:set package 'ros_tcp_endpoint' build argument 'cmake_target' from command line to 'None'
[0.600s] Level 5:colcon.colcon_core.verb:set package 'ros_tcp_endpoint' build argument 'cmake_target_skip_unavailable' from command line to 'False'
[0.600s] Level 5:colcon.colcon_core.verb:set package 'ros_tcp_endpoint' build argument 'cmake_clean_cache' from command line to 'False'
[0.600s] Level 5:colcon.colcon_core.verb:set package 'ros_tcp_endpoint' build argument 'cmake_clean_first' from command line to 'False'
[0.600s] Level 5:colcon.colcon_core.verb:set package 'ros_tcp_endpoint' build argument 'cmake_force_configure' from command line to 'False'
[0.600s] Level 5:colcon.colcon_core.verb:set package 'ros_tcp_endpoint' build argument 'ament_cmake_args' from command line to 'None'
[0.600s] Level 5:colcon.colcon_core.verb:set package 'ros_tcp_endpoint' build argument 'catkin_cmake_args' from command line to 'None'
[0.600s] Level 5:colcon.colcon_core.verb:set package 'ros_tcp_endpoint' build argument 'catkin_skip_building_tests' from command line to 'False'
[0.601s] DEBUG:colcon.colcon_core.verb:Building package 'ros_tcp_endpoint' with the following arguments: {'ament_cmake_args': None, 'build_base': '/home/alberto/Documents/kia_gd_ws/build/ros_tcp_endpoint', 'catkin_cmake_args': None, 'catkin_skip_building_tests': False, 'cmake_args': None, 'cmake_clean_cache': False, 'cmake_clean_first': False, 'cmake_force_configure': False, 'cmake_target': None, 'cmake_target_skip_unavailable': False, 'install_base': '/home/alberto/Documents/kia_gd_ws/install/ros_tcp_endpoint', 'merge_install': False, 'path': '/home/alberto/Documents/kia_gd_ws/src/ROS-TCP-Endpoint', 'symlink_install': False, 'test_result_base': None}
[0.601s] Level 5:colcon.colcon_core.verb:set package 'simple_ur10e_description' build argument 'cmake_args' from command line to 'None'
[0.601s] Level 5:colcon.colcon_core.verb:set package 'simple_ur10e_description' build argument 'cmake_target' from command line to 'None'
[0.601s] Level 5:colcon.colcon_core.verb:set package 'simple_ur10e_description' build argument 'cmake_target_skip_unavailable' from command line to 'False'
[0.601s] Level 5:colcon.colcon_core.verb:set package 'simple_ur10e_description' build argument 'cmake_clean_cache' from command line to 'False'
[0.601s] Level 5:colcon.colcon_core.verb:set package 'simple_ur10e_description' build argument 'cmake_clean_first' from command line to 'False'
[0.602s] Level 5:colcon.colcon_core.verb:set package 'simple_ur10e_description' build argument 'cmake_force_configure' from command line to 'False'
[0.602s] Level 5:colcon.colcon_core.verb:set package 'simple_ur10e_description' build argument 'ament_cmake_args' from command line to 'None'
[0.602s] Level 5:colcon.colcon_core.verb:set package 'simple_ur10e_description' build argument 'catkin_cmake_args' from command line to 'None'
[0.602s] Level 5:colcon.colcon_core.verb:set package 'simple_ur10e_description' build argument 'catkin_skip_building_tests' from command line to 'False'
[0.602s] DEBUG:colcon.colcon_core.verb:Building package 'simple_ur10e_description' with the following arguments: {'ament_cmake_args': None, 'build_base': '/home/alberto/Documents/kia_gd_ws/build/simple_ur10e_description', 'catkin_cmake_args': None, 'catkin_skip_building_tests': False, 'cmake_args': None, 'cmake_clean_cache': False, 'cmake_clean_first': False, 'cmake_force_configure': False, 'cmake_target': None, 'cmake_target_skip_unavailable': False, 'install_base': '/home/alberto/Documents/kia_gd_ws/install/simple_ur10e_description', 'merge_install': False, 'path': '/home/alberto/Documents/kia_gd_ws/src/ur_ros_rtde/simple_ur10e_description', 'symlink_install': False, 'test_result_base': None}
[0.602s] Level 5:colcon.colcon_core.verb:set package 'ur_ros_rtde_msgs' build argument 'cmake_args' from command line to 'None'
[0.602s] Level 5:colcon.colcon_core.verb:set package 'ur_ros_rtde_msgs' build argument 'cmake_target' from command line to 'None'
[0.603s] Level 5:colcon.colcon_core.verb:set package 'ur_ros_rtde_msgs' build argument 'cmake_target_skip_unavailable' from command line to 'False'
[0.603s] Level 5:colcon.colcon_core.verb:set package 'ur_ros_rtde_msgs' build argument 'cmake_clean_cache' from command line to 'False'
[0.603s] Level 5:colcon.colcon_core.verb:set package 'ur_ros_rtde_msgs' build argument 'cmake_clean_first' from command line to 'False'
[0.603s] Level 5:colcon.colcon_core.verb:set package 'ur_ros_rtde_msgs' build argument 'cmake_force_configure' from command line to 'False'
[0.603s] Level 5:colcon.colcon_core.verb:set package 'ur_ros_rtde_msgs' build argument 'ament_cmake_args' from command line to 'None'
[0.603s] Level 5:colcon.colcon_core.verb:set package 'ur_ros_rtde_msgs' build argument 'catkin_cmake_args' from command line to 'None'
[0.603s] Level 5:colcon.colcon_core.verb:set package 'ur_ros_rtde_msgs' build argument 'catkin_skip_building_tests' from command line to 'False'
[0.603s] DEBUG:colcon.colcon_core.verb:Building package 'ur_ros_rtde_msgs' with the following arguments: {'ament_cmake_args': None, 'build_base': '/home/alberto/Documents/kia_gd_ws/build/ur_ros_rtde_msgs', 'catkin_cmake_args': None, 'catkin_skip_building_tests': False, 'cmake_args': None, 'cmake_clean_cache': False, 'cmake_clean_first': False, 'cmake_force_configure': False, 'cmake_target': None, 'cmake_target_skip_unavailable': False, 'install_base': '/home/alberto/Documents/kia_gd_ws/install/ur_ros_rtde_msgs', 'merge_install': False, 'path': '/home/alberto/Documents/kia_gd_ws/src/ur_ros_rtde/ur_ros_rtde_msgs', 'symlink_install': False, 'test_result_base': None}
[0.604s] Level 5:colcon.colcon_core.verb:set package 'ur_ros_rtde_simple_clients' build argument 'cmake_args' from command line to 'None'
[0.604s] Level 5:colcon.colcon_core.verb:set package 'ur_ros_rtde_simple_clients' build argument 'cmake_target' from command line to 'None'
[0.604s] Level 5:colcon.colcon_core.verb:set package 'ur_ros_rtde_simple_clients' build argument 'cmake_target_skip_unavailable' from command line to 'False'
[0.604s] Level 5:colcon.colcon_core.verb:set package 'ur_ros_rtde_simple_clients' build argument 'cmake_clean_cache' from command line to 'False'
[0.604s] Level 5:colcon.colcon_core.verb:set package 'ur_ros_rtde_simple_clients' build argument 'cmake_clean_first' from command line to 'False'
[0.604s] Level 5:colcon.colcon_core.verb:set package 'ur_ros_rtde_simple_clients' build argument 'cmake_force_configure' from command line to 'False'
[0.604s] Level 5:colcon.colcon_core.verb:set package 'ur_ros_rtde_simple_clients' build argument 'ament_cmake_args' from command line to 'None'
[0.604s] Level 5:colcon.colcon_core.verb:set package 'ur_ros_rtde_simple_clients' build argument 'catkin_cmake_args' from command line to 'None'
[0.604s] Level 5:colcon.colcon_core.verb:set package 'ur_ros_rtde_simple_clients' build argument 'catkin_skip_building_tests' from command line to 'False'
[0.604s] DEBUG:colcon.colcon_core.verb:Building package 'ur_ros_rtde_simple_clients' with the following arguments: {'ament_cmake_args': None, 'build_base': '/home/alberto/Documents/kia_gd_ws/build/ur_ros_rtde_simple_clients', 'catkin_cmake_args': None, 'catkin_skip_building_tests': False, 'cmake_args': None, 'cmake_clean_cache': False, 'cmake_clean_first': False, 'cmake_force_configure': False, 'cmake_target': None, 'cmake_target_skip_unavailable': False, 'install_base': '/home/alberto/Documents/kia_gd_ws/install/ur_ros_rtde_simple_clients', 'merge_install': False, 'path': '/home/alberto/Documents/kia_gd_ws/src/ur_ros_rtde/ur_ros_rtde_simple_clients', 'symlink_install': False, 'test_result_base': None}
[0.605s] Level 5:colcon.colcon_core.verb:set package 'simple_ur10e_moveit_config' build argument 'cmake_args' from command line to 'None'
[0.605s] Level 5:colcon.colcon_core.verb:set package 'simple_ur10e_moveit_config' build argument 'cmake_target' from command line to 'None'
[0.605s] Level 5:colcon.colcon_core.verb:set package 'simple_ur10e_moveit_config' build argument 'cmake_target_skip_unavailable' from command line to 'False'
[0.605s] Level 5:colcon.colcon_core.verb:set package 'simple_ur10e_moveit_config' build argument 'cmake_clean_cache' from command line to 'False'
[0.605s] Level 5:colcon.colcon_core.verb:set package 'simple_ur10e_moveit_config' build argument 'cmake_clean_first' from command line to 'False'
[0.605s] Level 5:colcon.colcon_core.verb:set package 'simple_ur10e_moveit_config' build argument 'cmake_force_configure' from command line to 'False'
[0.605s] Level 5:colcon.colcon_core.verb:set package 'simple_ur10e_moveit_config' build argument 'ament_cmake_args' from command line to 'None'
[0.605s] Level 5:colcon.colcon_core.verb:set package 'simple_ur10e_moveit_config' build argument 'catkin_cmake_args' from command line to 'None'
[0.605s] Level 5:colcon.colcon_core.verb:set package 'simple_ur10e_moveit_config' build argument 'catkin_skip_building_tests' from command line to 'False'
[0.605s] DEBUG:colcon.colcon_core.verb:Building package 'simple_ur10e_moveit_config' with the following arguments: {'ament_cmake_args': None, 'build_base': '/home/alberto/Documents/kia_gd_ws/build/simple_ur10e_moveit_config', 'catkin_cmake_args': None, 'catkin_skip_building_tests': False, 'cmake_args': None, 'cmake_clean_cache': False, 'cmake_clean_first': False, 'cmake_force_configure': False, 'cmake_target': None, 'cmake_target_skip_unavailable': False, 'install_base': '/home/alberto/Documents/kia_gd_ws/install/simple_ur10e_moveit_config', 'merge_install': False, 'path': '/home/alberto/Documents/kia_gd_ws/src/ur_ros_rtde/simple_ur10e_moveit_config', 'symlink_install': False, 'test_result_base': None}
[0.606s] Level 5:colcon.colcon_core.verb:set package 'ur_ros_rtde' build argument 'cmake_args' from command line to 'None'
[0.606s] Level 5:colcon.colcon_core.verb:set package 'ur_ros_rtde' build argument 'cmake_target' from command line to 'None'
[0.606s] Level 5:colcon.colcon_core.verb:set package 'ur_ros_rtde' build argument 'cmake_target_skip_unavailable' from command line to 'False'
[0.606s] Level 5:colcon.colcon_core.verb:set package 'ur_ros_rtde' build argument 'cmake_clean_cache' from command line to 'False'
[0.606s] Level 5:colcon.colcon_core.verb:set package 'ur_ros_rtde' build argument 'cmake_clean_first' from command line to 'False'
[0.606s] Level 5:colcon.colcon_core.verb:set package 'ur_ros_rtde' build argument 'cmake_force_configure' from command line to 'False'
[0.606s] Level 5:colcon.colcon_core.verb:set package 'ur_ros_rtde' build argument 'ament_cmake_args' from command line to 'None'
[0.606s] Level 5:colcon.colcon_core.verb:set package 'ur_ros_rtde' build argument 'catkin_cmake_args' from command line to 'None'
[0.606s] Level 5:colcon.colcon_core.verb:set package 'ur_ros_rtde' build argument 'catkin_skip_building_tests' from command line to 'False'
[0.606s] DEBUG:colcon.colcon_core.verb:Building package 'ur_ros_rtde' with the following arguments: {'ament_cmake_args': None, 'build_base': '/home/alberto/Documents/kia_gd_ws/build/ur_ros_rtde', 'catkin_cmake_args': None, 'catkin_skip_building_tests': False, 'cmake_args': None, 'cmake_clean_cache': False, 'cmake_clean_first': False, 'cmake_force_configure': False, 'cmake_target': None, 'cmake_target_skip_unavailable': False, 'install_base': '/home/alberto/Documents/kia_gd_ws/install/ur_ros_rtde', 'merge_install': False, 'path': '/home/alberto/Documents/kia_gd_ws/src/ur_ros_rtde/ur_ros_rtde', 'symlink_install': False, 'test_result_base': None}
[0.607s] Level 5:colcon.colcon_core.verb:set package 'ur_ros_rtde_gripper_commands' build argument 'cmake_args' from command line to 'None'
[0.607s] Level 5:colcon.colcon_core.verb:set package 'ur_ros_rtde_gripper_commands' build argument 'cmake_target' from command line to 'None'
[0.607s] Level 5:colcon.colcon_core.verb:set package 'ur_ros_rtde_gripper_commands' build argument 'cmake_target_skip_unavailable' from command line to 'False'
[0.607s] Level 5:colcon.colcon_core.verb:set package 'ur_ros_rtde_gripper_commands' build argument 'cmake_clean_cache' from command line to 'False'
[0.607s] Level 5:colcon.colcon_core.verb:set package 'ur_ros_rtde_gripper_commands' build argument 'cmake_clean_first' from command line to 'False'
[0.607s] Level 5:colcon.colcon_core.verb:set package 'ur_ros_rtde_gripper_commands' build argument 'cmake_force_configure' from command line to 'False'
[0.607s] Level 5:colcon.colcon_core.verb:set package 'ur_ros_rtde_gripper_commands' build argument 'ament_cmake_args' from command line to 'None'
[0.607s] Level 5:colcon.colcon_core.verb:set package 'ur_ros_rtde_gripper_commands' build argument 'catkin_cmake_args' from command line to 'None'
[0.607s] Level 5:colcon.colcon_core.verb:set package 'ur_ros_rtde_gripper_commands' build argument 'catkin_skip_building_tests' from command line to 'False'
[0.607s] DEBUG:colcon.colcon_core.verb:Building package 'ur_ros_rtde_gripper_commands' with the following arguments: {'ament_cmake_args': None, 'build_base': '/home/alberto/Documents/kia_gd_ws/build/ur_ros_rtde_gripper_commands', 'catkin_cmake_args': None, 'catkin_skip_building_tests': False, 'cmake_args': None, 'cmake_clean_cache': False, 'cmake_clean_first': False, 'cmake_force_configure': False, 'cmake_target': None, 'cmake_target_skip_unavailable': False, 'install_base': '/home/alberto/Documents/kia_gd_ws/install/ur_ros_rtde_gripper_commands', 'merge_install': False, 'path': '/home/alberto/Documents/kia_gd_ws/src/ur_ros_rtde/ur_ros_rtde_gripper_commands', 'symlink_install': False, 'test_result_base': None}
[0.608s] Level 5:colcon.colcon_core.verb:set package 'ur_ros_rtde_tutorials' build argument 'cmake_args' from command line to 'None'
[0.608s] Level 5:colcon.colcon_core.verb:set package 'ur_ros_rtde_tutorials' build argument 'cmake_target' from command line to 'None'
[0.608s] Level 5:colcon.colcon_core.verb:set package 'ur_ros_rtde_tutorials' build argument 'cmake_target_skip_unavailable' from command line to 'False'
[0.608s] Level 5:colcon.colcon_core.verb:set package 'ur_ros_rtde_tutorials' build argument 'cmake_clean_cache' from command line to 'False'
[0.608s] Level 5:colcon.colcon_core.verb:set package 'ur_ros_rtde_tutorials' build argument 'cmake_clean_first' from command line to 'False'
[0.608s] Level 5:colcon.colcon_core.verb:set package 'ur_ros_rtde_tutorials' build argument 'cmake_force_configure' from command line to 'False'
[0.608s] Level 5:colcon.colcon_core.verb:set package 'ur_ros_rtde_tutorials' build argument 'ament_cmake_args' from command line to 'None'
[0.608s] Level 5:colcon.colcon_core.verb:set package 'ur_ros_rtde_tutorials' build argument 'catkin_cmake_args' from command line to 'None'
[0.608s] Level 5:colcon.colcon_core.verb:set package 'ur_ros_rtde_tutorials' build argument 'catkin_skip_building_tests' from command line to 'False'
[0.608s] DEBUG:colcon.colcon_core.verb:Building package 'ur_ros_rtde_tutorials' with the following arguments: {'ament_cmake_args': None, 'build_base': '/home/alberto/Documents/kia_gd_ws/build/ur_ros_rtde_tutorials', 'catkin_cmake_args': None, 'catkin_skip_building_tests': False, 'cmake_args': None, 'cmake_clean_cache': False, 'cmake_clean_first': False, 'cmake_force_configure': False, 'cmake_target': None, 'cmake_target_skip_unavailable': False, 'install_base': '/home/alberto/Documents/kia_gd_ws/install/ur_ros_rtde_tutorials', 'merge_install': False, 'path': '/home/alberto/Documents/kia_gd_ws/src/ur_ros_rtde/ur_ros_rtde_tutorials', 'symlink_install': False, 'test_result_base': None}
[0.609s] INFO:colcon.colcon_core.executor:Executing jobs using 'parallel' executor
[0.611s] DEBUG:colcon.colcon_parallel_executor.executor.parallel:run_until_complete
[0.611s] INFO:colcon.colcon_ros.task.ament_cmake.build:Building ROS package in '/home/alberto/Documents/kia_gd_ws/src/ur_ros_rtde/ur_ros_rtde_msgs' with build type 'ament_cmake'
[0.612s] INFO:colcon.colcon_cmake.task.cmake.build:Building CMake package in '/home/alberto/Documents/kia_gd_ws/src/ur_ros_rtde/ur_ros_rtde_msgs'
[0.618s] INFO:colcon.colcon_core.plugin_system:Skipping extension 'colcon_core.shell.bat': Not used on non-Windows systems
[0.619s] INFO:colcon.colcon_core.shell:Skip shell extension 'powershell' for command environment: Not usable outside of PowerShell
[0.619s] DEBUG:colcon.colcon_core.shell:Skip shell extension 'dsv' for command environment
[0.627s] INFO:colcon.colcon_ros.task.ament_cmake.build:Building ROS package in '/home/alberto/Documents/kia_gd_ws/src/ur_ros_rtde/ur_ros_rtde_simple_clients' with build type 'ament_cmake'
[0.627s] INFO:colcon.colcon_cmake.task.cmake.build:Building CMake package in '/home/alberto/Documents/kia_gd_ws/src/ur_ros_rtde/ur_ros_rtde_simple_clients'
[0.627s] INFO:colcon.colcon_core.shell:Skip shell extension 'powershell' for command environment: Not usable outside of PowerShell
[0.627s] DEBUG:colcon.colcon_core.shell:Skip shell extension 'dsv' for command environment
[0.635s] INFO:colcon.colcon_ros.task.ament_cmake.build:Building ROS package in '/home/alberto/Documents/kia_gd_ws/src/ur_ros_rtde/simple_ur10e_description' with build type 'ament_cmake'
[0.636s] INFO:colcon.colcon_cmake.task.cmake.build:Building CMake package in '/home/alberto/Documents/kia_gd_ws/src/ur_ros_rtde/simple_ur10e_description'
[0.636s] INFO:colcon.colcon_core.shell:Skip shell extension 'powershell' for command environment: Not usable outside of PowerShell
[0.636s] DEBUG:colcon.colcon_core.shell:Skip shell extension 'dsv' for command environment
[0.648s] INFO:colcon.colcon_ros.task.ament_cmake.build:Building ROS package in '/home/alberto/Documents/kia_gd_ws/src/kia_gd' with build type 'ament_cmake'
[0.648s] INFO:colcon.colcon_cmake.task.cmake.build:Building CMake package in '/home/alberto/Documents/kia_gd_ws/src/kia_gd'
[0.648s] INFO:colcon.colcon_core.shell:Skip shell extension 'powershell' for command environment: Not usable outside of PowerShell
[0.648s] DEBUG:colcon.colcon_core.shell:Skip shell extension 'dsv' for command environment
[0.657s] INFO:colcon.colcon_ros.task.ament_python.build:Building ROS package in '/home/alberto/Documents/kia_gd_ws/src/ROS-TCP-Endpoint' with build type 'ament_python'
[0.658s] Level 1:colcon.colcon_core.shell:create_environment_hook('ros_tcp_endpoint', 'ament_prefix_path')
[0.658s] INFO:colcon.colcon_core.shell:Creating environment hook '/home/alberto/Documents/kia_gd_ws/install/ros_tcp_endpoint/share/ros_tcp_endpoint/hook/ament_prefix_path.ps1'
[0.659s] INFO:colcon.colcon_core.shell:Creating environment descriptor '/home/alberto/Documents/kia_gd_ws/install/ros_tcp_endpoint/share/ros_tcp_endpoint/hook/ament_prefix_path.dsv'
[0.660s] INFO:colcon.colcon_core.shell:Creating environment hook '/home/alberto/Documents/kia_gd_ws/install/ros_tcp_endpoint/share/ros_tcp_endpoint/hook/ament_prefix_path.sh'
[0.661s] INFO:colcon.colcon_core.shell:Skip shell extension 'powershell' for command environment: Not usable outside of PowerShell
[0.662s] DEBUG:colcon.colcon_core.shell:Skip shell extension 'dsv' for command environment
[0.684s] DEBUG:colcon.colcon_core.event_handler.log_command:Invoking command in '/home/alberto/Documents/kia_gd_ws/build/ur_ros_rtde_msgs': CMAKE_PREFIX_PATH=/home/alberto/Documents/kia_gd_ws/install/ur_ros_rtde_tutorials:/home/alberto/Documents/kia_gd_ws/install/ur_ros_rtde:/home/alberto/Documents/kia_gd_ws/install/ur_ros_rtde_simple_clients:/home/alberto/Documents/kia_gd_ws/install/ur_ros_rtde_gripper_commands:/home/alberto/Documents/kia_gd_ws/install/ur_ros_rtde_msgs:/home/alberto/Documents/kia_gd_ws/install/ur:/home/alberto/Documents/kia_gd_ws/install/ur_calibration:/home/alberto/Documents/kia_gd_ws/install/ur_robot_driver:/home/alberto/Documents/kia_gd_ws/install/ur_moveit_config:/home/alberto/Documents/kia_gd_ws/install/ur_bringup:/home/alberto/Documents/kia_gd_ws/install/ur_controllers:/home/alberto/Documents/kia_gd_ws/install/ur_dashboard_msgs:/home/alberto/Documents/kia_gd_ws/install/simple_ur10e_moveit_config:/home/alberto/Documents/kia_gd_ws/install/simple_ur10e_description:/home/alberto/Documents/kia_gd_ws/install/kia_gd:/home/alberto/Documents/sub_alberto/install/uuv_visualization:/home/alberto/Documents/sub_alberto/install/uuv_vision:/home/alberto/Documents/sub_alberto/install/uuv_navigation:/home/alberto/Documents/sub_alberto/install/uuv_mission:/home/alberto/Documents/sub_alberto/install/uuv_master:/home/alberto/Documents/sub_alberto/install/uuv_control:/home/alberto/install/vectornav:/home/alberto/install/vectornav_msgs:/home/alberto/install/uuv_teleop:/home/alberto/install/uuv_description:/home/alberto/install/sub:/home/alberto/install/pid:/home/alberto/Documents/kia_gd_ws/install/ros_tcp_endpoint:/home/alberto/ros2_ws/install/docker_test:/opt/ros/humble:/home/alberto/install/catkin:/home/alberto/ros2_ws/install/sub:/home/alberto/ros2_ws/install/pid:/home/alberto/ros2_ws/install/catkin:/home/alberto/uuv/install/uuv /usr/bin/cmake --build /home/alberto/Documents/kia_gd_ws/build/ur_ros_rtde_msgs -- -j8 -l8
[0.689s] DEBUG:colcon.colcon_core.event_handler.log_command:Invoking command in '/home/alberto/Documents/kia_gd_ws/build/ur_ros_rtde_simple_clients': CMAKE_PREFIX_PATH=/home/alberto/Documents/kia_gd_ws/install/ur_ros_rtde_tutorials:/home/alberto/Documents/kia_gd_ws/install/ur_ros_rtde:/home/alberto/Documents/kia_gd_ws/install/ur_ros_rtde_simple_clients:/home/alberto/Documents/kia_gd_ws/install/ur_ros_rtde_gripper_commands:/home/alberto/Documents/kia_gd_ws/install/ur_ros_rtde_msgs:/home/alberto/Documents/kia_gd_ws/install/ur:/home/alberto/Documents/kia_gd_ws/install/ur_calibration:/home/alberto/Documents/kia_gd_ws/install/ur_robot_driver:/home/alberto/Documents/kia_gd_ws/install/ur_moveit_config:/home/alberto/Documents/kia_gd_ws/install/ur_bringup:/home/alberto/Documents/kia_gd_ws/install/ur_controllers:/home/alberto/Documents/kia_gd_ws/install/ur_dashboard_msgs:/home/alberto/Documents/kia_gd_ws/install/simple_ur10e_moveit_config:/home/alberto/Documents/kia_gd_ws/install/simple_ur10e_description:/home/alberto/Documents/kia_gd_ws/install/kia_gd:/home/alberto/Documents/sub_alberto/install/uuv_visualization:/home/alberto/Documents/sub_alberto/install/uuv_vision:/home/alberto/Documents/sub_alberto/install/uuv_navigation:/home/alberto/Documents/sub_alberto/install/uuv_mission:/home/alberto/Documents/sub_alberto/install/uuv_master:/home/alberto/Documents/sub_alberto/install/uuv_control:/home/alberto/install/vectornav:/home/alberto/install/vectornav_msgs:/home/alberto/install/uuv_teleop:/home/alberto/install/uuv_description:/home/alberto/install/sub:/home/alberto/install/pid:/home/alberto/Documents/kia_gd_ws/install/ros_tcp_endpoint:/home/alberto/ros2_ws/install/docker_test:/opt/ros/humble:/home/alberto/install/catkin:/home/alberto/ros2_ws/install/sub:/home/alberto/ros2_ws/install/pid:/home/alberto/ros2_ws/install/catkin:/home/alberto/uuv/install/uuv /usr/bin/cmake --build /home/alberto/Documents/kia_gd_ws/build/ur_ros_rtde_simple_clients -- -j8 -l8
[0.694s] DEBUG:colcon.colcon_core.event_handler.log_command:Invoking command in '/home/alberto/Documents/kia_gd_ws/build/simple_ur10e_description': CMAKE_PREFIX_PATH=/home/alberto/Documents/kia_gd_ws/install/ur_ros_rtde_tutorials:/home/alberto/Documents/kia_gd_ws/install/ur_ros_rtde:/home/alberto/Documents/kia_gd_ws/install/ur_ros_rtde_simple_clients:/home/alberto/Documents/kia_gd_ws/install/ur_ros_rtde_gripper_commands:/home/alberto/Documents/kia_gd_ws/install/ur_ros_rtde_msgs:/home/alberto/Documents/kia_gd_ws/install/ur:/home/alberto/Documents/kia_gd_ws/install/ur_calibration:/home/alberto/Documents/kia_gd_ws/install/ur_robot_driver:/home/alberto/Documents/kia_gd_ws/install/ur_moveit_config:/home/alberto/Documents/kia_gd_ws/install/ur_bringup:/home/alberto/Documents/kia_gd_ws/install/ur_controllers:/home/alberto/Documents/kia_gd_ws/install/ur_dashboard_msgs:/home/alberto/Documents/kia_gd_ws/install/simple_ur10e_moveit_config:/home/alberto/Documents/kia_gd_ws/install/simple_ur10e_description:/home/alberto/Documents/kia_gd_ws/install/kia_gd:/home/alberto/Documents/sub_alberto/install/uuv_visualization:/home/alberto/Documents/sub_alberto/install/uuv_vision:/home/alberto/Documents/sub_alberto/install/uuv_navigation:/home/alberto/Documents/sub_alberto/install/uuv_mission:/home/alberto/Documents/sub_alberto/install/uuv_master:/home/alberto/Documents/sub_alberto/install/uuv_control:/home/alberto/install/vectornav:/home/alberto/install/vectornav_msgs:/home/alberto/install/uuv_teleop:/home/alberto/install/uuv_description:/home/alberto/install/sub:/home/alberto/install/pid:/home/alberto/Documents/kia_gd_ws/install/ros_tcp_endpoint:/home/alberto/ros2_ws/install/docker_test:/opt/ros/humble:/home/alberto/install/catkin:/home/alberto/ros2_ws/install/sub:/home/alberto/ros2_ws/install/pid:/home/alberto/ros2_ws/install/catkin:/home/alberto/uuv/install/uuv /usr/bin/cmake --build /home/alberto/Documents/kia_gd_ws/build/simple_ur10e_description -- -j8 -l8
[0.705s] DEBUG:colcon.colcon_core.event_handler.log_command:Invoking command in '/home/alberto/Documents/kia_gd_ws/build/kia_gd': CMAKE_PREFIX_PATH=/home/alberto/Documents/kia_gd_ws/install/ur_ros_rtde_tutorials:/home/alberto/Documents/kia_gd_ws/install/ur_ros_rtde:/home/alberto/Documents/kia_gd_ws/install/ur_ros_rtde_simple_clients:/home/alberto/Documents/kia_gd_ws/install/ur_ros_rtde_gripper_commands:/home/alberto/Documents/kia_gd_ws/install/ur_ros_rtde_msgs:/home/alberto/Documents/kia_gd_ws/install/ur:/home/alberto/Documents/kia_gd_ws/install/ur_calibration:/home/alberto/Documents/kia_gd_ws/install/ur_robot_driver:/home/alberto/Documents/kia_gd_ws/install/ur_moveit_config:/home/alberto/Documents/kia_gd_ws/install/ur_bringup:/home/alberto/Documents/kia_gd_ws/install/ur_controllers:/home/alberto/Documents/kia_gd_ws/install/ur_dashboard_msgs:/home/alberto/Documents/kia_gd_ws/install/simple_ur10e_moveit_config:/home/alberto/Documents/kia_gd_ws/install/simple_ur10e_description:/home/alberto/Documents/kia_gd_ws/install/kia_gd:/home/alberto/Documents/sub_alberto/install/uuv_visualization:/home/alberto/Documents/sub_alberto/install/uuv_vision:/home/alberto/Documents/sub_alberto/install/uuv_navigation:/home/alberto/Documents/sub_alberto/install/uuv_mission:/home/alberto/Documents/sub_alberto/install/uuv_master:/home/alberto/Documents/sub_alberto/install/uuv_control:/home/alberto/install/vectornav:/home/alberto/install/vectornav_msgs:/home/alberto/install/uuv_teleop:/home/alberto/install/uuv_description:/home/alberto/install/sub:/home/alberto/install/pid:/home/alberto/Documents/kia_gd_ws/install/ros_tcp_endpoint:/home/alberto/ros2_ws/install/docker_test:/opt/ros/humble:/home/alberto/install/catkin:/home/alberto/ros2_ws/install/sub:/home/alberto/ros2_ws/install/pid:/home/alberto/ros2_ws/install/catkin:/home/alberto/uuv/install/uuv /usr/bin/cmake --build /home/alberto/Documents/kia_gd_ws/build/kia_gd -- -j8 -l8
[1.398s] INFO:colcon.colcon_core.task.python.build:Building Python package in '/home/alberto/Documents/kia_gd_ws/src/ROS-TCP-Endpoint'
[1.399s] INFO:colcon.colcon_core.shell:Skip shell extension 'powershell' for command environment: Not usable outside of PowerShell
[1.399s] DEBUG:colcon.colcon_core.shell:Skip shell extension 'dsv' for command environment
[1.425s] DEBUG:colcon.colcon_core.event_handler.log_command:Invoked command in '/home/alberto/Documents/kia_gd_ws/build/ur_ros_rtde_simple_clients' returned '0': CMAKE_PREFIX_PATH=/home/alberto/Documents/kia_gd_ws/install/ur_ros_rtde_tutorials:/home/alberto/Documents/kia_gd_ws/install/ur_ros_rtde:/home/alberto/Documents/kia_gd_ws/install/ur_ros_rtde_simple_clients:/home/alberto/Documents/kia_gd_ws/install/ur_ros_rtde_gripper_commands:/home/alberto/Documents/kia_gd_ws/install/ur_ros_rtde_msgs:/home/alberto/Documents/kia_gd_ws/install/ur:/home/alberto/Documents/kia_gd_ws/install/ur_calibration:/home/alberto/Documents/kia_gd_ws/install/ur_robot_driver:/home/alberto/Documents/kia_gd_ws/install/ur_moveit_config:/home/alberto/Documents/kia_gd_ws/install/ur_bringup:/home/alberto/Documents/kia_gd_ws/install/ur_controllers:/home/alberto/Documents/kia_gd_ws/install/ur_dashboard_msgs:/home/alberto/Documents/kia_gd_ws/install/simple_ur10e_moveit_config:/home/alberto/Documents/kia_gd_ws/install/simple_ur10e_description:/home/alberto/Documents/kia_gd_ws/install/kia_gd:/home/alberto/Documents/sub_alberto/install/uuv_visualization:/home/alberto/Documents/sub_alberto/install/uuv_vision:/home/alberto/Documents/sub_alberto/install/uuv_navigation:/home/alberto/Documents/sub_alberto/install/uuv_mission:/home/alberto/Documents/sub_alberto/install/uuv_master:/home/alberto/Documents/sub_alberto/install/uuv_control:/home/alberto/install/vectornav:/home/alberto/install/vectornav_msgs:/home/alberto/install/uuv_teleop:/home/alberto/install/uuv_description:/home/alberto/install/sub:/home/alberto/install/pid:/home/alberto/Documents/kia_gd_ws/install/ros_tcp_endpoint:/home/alberto/ros2_ws/install/docker_test:/opt/ros/humble:/home/alberto/install/catkin:/home/alberto/ros2_ws/install/sub:/home/alberto/ros2_ws/install/pid:/home/alberto/ros2_ws/install/catkin:/home/alberto/uuv/install/uuv /usr/bin/cmake --build /home/alberto/Documents/kia_gd_ws/build/ur_ros_rtde_simple_clients -- -j8 -l8
[1.440s] DEBUG:colcon.colcon_core.event_handler.log_command:Invoking command in '/home/alberto/Documents/kia_gd_ws/build/ur_ros_rtde_simple_clients': CMAKE_PREFIX_PATH=/home/alberto/Documents/kia_gd_ws/install/ur_ros_rtde_tutorials:/home/alberto/Documents/kia_gd_ws/install/ur_ros_rtde:/home/alberto/Documents/kia_gd_ws/install/ur_ros_rtde_simple_clients:/home/alberto/Documents/kia_gd_ws/install/ur_ros_rtde_gripper_commands:/home/alberto/Documents/kia_gd_ws/install/ur_ros_rtde_msgs:/home/alberto/Documents/kia_gd_ws/install/ur:/home/alberto/Documents/kia_gd_ws/install/ur_calibration:/home/alberto/Documents/kia_gd_ws/install/ur_robot_driver:/home/alberto/Documents/kia_gd_ws/install/ur_moveit_config:/home/alberto/Documents/kia_gd_ws/install/ur_bringup:/home/alberto/Documents/kia_gd_ws/install/ur_controllers:/home/alberto/Documents/kia_gd_ws/install/ur_dashboard_msgs:/home/alberto/Documents/kia_gd_ws/install/simple_ur10e_moveit_config:/home/alberto/Documents/kia_gd_ws/install/simple_ur10e_description:/home/alberto/Documents/kia_gd_ws/install/kia_gd:/home/alberto/Documents/sub_alberto/install/uuv_visualization:/home/alberto/Documents/sub_alberto/install/uuv_vision:/home/alberto/Documents/sub_alberto/install/uuv_navigation:/home/alberto/Documents/sub_alberto/install/uuv_mission:/home/alberto/Documents/sub_alberto/install/uuv_master:/home/alberto/Documents/sub_alberto/install/uuv_control:/home/alberto/install/vectornav:/home/alberto/install/vectornav_msgs:/home/alberto/install/uuv_teleop:/home/alberto/install/uuv_description:/home/alberto/install/sub:/home/alberto/install/pid:/home/alberto/Documents/kia_gd_ws/install/ros_tcp_endpoint:/home/alberto/ros2_ws/install/docker_test:/opt/ros/humble:/home/alberto/install/catkin:/home/alberto/ros2_ws/install/sub:/home/alberto/ros2_ws/install/pid:/home/alberto/ros2_ws/install/catkin:/home/alberto/uuv/install/uuv /usr/bin/cmake --install /home/alberto/Documents/kia_gd_ws/build/ur_ros_rtde_simple_clients
[1.449s] DEBUG:colcon.colcon_core.event_handler.log_command:Invoked command in '/home/alberto/Documents/kia_gd_ws/build/simple_ur10e_description' returned '0': CMAKE_PREFIX_PATH=/home/alberto/Documents/kia_gd_ws/install/ur_ros_rtde_tutorials:/home/alberto/Documents/kia_gd_ws/install/ur_ros_rtde:/home/alberto/Documents/kia_gd_ws/install/ur_ros_rtde_simple_clients:/home/alberto/Documents/kia_gd_ws/install/ur_ros_rtde_gripper_commands:/home/alberto/Documents/kia_gd_ws/install/ur_ros_rtde_msgs:/home/alberto/Documents/kia_gd_ws/install/ur:/home/alberto/Documents/kia_gd_ws/install/ur_calibration:/home/alberto/Documents/kia_gd_ws/install/ur_robot_driver:/home/alberto/Documents/kia_gd_ws/install/ur_moveit_config:/home/alberto/Documents/kia_gd_ws/install/ur_bringup:/home/alberto/Documents/kia_gd_ws/install/ur_controllers:/home/alberto/Documents/kia_gd_ws/install/ur_dashboard_msgs:/home/alberto/Documents/kia_gd_ws/install/simple_ur10e_moveit_config:/home/alberto/Documents/kia_gd_ws/install/simple_ur10e_description:/home/alberto/Documents/kia_gd_ws/install/kia_gd:/home/alberto/Documents/sub_alberto/install/uuv_visualization:/home/alberto/Documents/sub_alberto/install/uuv_vision:/home/alberto/Documents/sub_alberto/install/uuv_navigation:/home/alberto/Documents/sub_alberto/install/uuv_mission:/home/alberto/Documents/sub_alberto/install/uuv_master:/home/alberto/Documents/sub_alberto/install/uuv_control:/home/alberto/install/vectornav:/home/alberto/install/vectornav_msgs:/home/alberto/install/uuv_teleop:/home/alberto/install/uuv_description:/home/alberto/install/sub:/home/alberto/install/pid:/home/alberto/Documents/kia_gd_ws/install/ros_tcp_endpoint:/home/alberto/ros2_ws/install/docker_test:/opt/ros/humble:/home/alberto/install/catkin:/home/alberto/ros2_ws/install/sub:/home/alberto/ros2_ws/install/pid:/home/alberto/ros2_ws/install/catkin:/home/alberto/uuv/install/uuv /usr/bin/cmake --build /home/alberto/Documents/kia_gd_ws/build/simple_ur10e_description -- -j8 -l8
[1.450s] DEBUG:colcon.colcon_core.event_handler.log_command:Invoking command in '/home/alberto/Documents/kia_gd_ws/build/simple_ur10e_description': CMAKE_PREFIX_PATH=/home/alberto/Documents/kia_gd_ws/install/ur_ros_rtde_tutorials:/home/alberto/Documents/kia_gd_ws/install/ur_ros_rtde:/home/alberto/Documents/kia_gd_ws/install/ur_ros_rtde_simple_clients:/home/alberto/Documents/kia_gd_ws/install/ur_ros_rtde_gripper_commands:/home/alberto/Documents/kia_gd_ws/install/ur_ros_rtde_msgs:/home/alberto/Documents/kia_gd_ws/install/ur:/home/alberto/Documents/kia_gd_ws/install/ur_calibration:/home/alberto/Documents/kia_gd_ws/install/ur_robot_driver:/home/alberto/Documents/kia_gd_ws/install/ur_moveit_config:/home/alberto/Documents/kia_gd_ws/install/ur_bringup:/home/alberto/Documents/kia_gd_ws/install/ur_controllers:/home/alberto/Documents/kia_gd_ws/install/ur_dashboard_msgs:/home/alberto/Documents/kia_gd_ws/install/simple_ur10e_moveit_config:/home/alberto/Documents/kia_gd_ws/install/simple_ur10e_description:/home/alberto/Documents/kia_gd_ws/install/kia_gd:/home/alberto/Documents/sub_alberto/install/uuv_visualization:/home/alberto/Documents/sub_alberto/install/uuv_vision:/home/alberto/Documents/sub_alberto/install/uuv_navigation:/home/alberto/Documents/sub_alberto/install/uuv_mission:/home/alberto/Documents/sub_alberto/install/uuv_master:/home/alberto/Documents/sub_alberto/install/uuv_control:/home/alberto/install/vectornav:/home/alberto/install/vectornav_msgs:/home/alberto/install/uuv_teleop:/home/alberto/install/uuv_description:/home/alberto/install/sub:/home/alberto/install/pid:/home/alberto/Documents/kia_gd_ws/install/ros_tcp_endpoint:/home/alberto/ros2_ws/install/docker_test:/opt/ros/humble:/home/alberto/install/catkin:/home/alberto/ros2_ws/install/sub:/home/alberto/ros2_ws/install/pid:/home/alberto/ros2_ws/install/catkin:/home/alberto/uuv/install/uuv /usr/bin/cmake --install /home/alberto/Documents/kia_gd_ws/build/simple_ur10e_description
[1.465s] DEBUG:colcon.colcon_core.event_handler.log_command:Invoked command in '/home/alberto/Documents/kia_gd_ws/build/kia_gd' returned '0': CMAKE_PREFIX_PATH=/home/alberto/Documents/kia_gd_ws/install/ur_ros_rtde_tutorials:/home/alberto/Documents/kia_gd_ws/install/ur_ros_rtde:/home/alberto/Documents/kia_gd_ws/install/ur_ros_rtde_simple_clients:/home/alberto/Documents/kia_gd_ws/install/ur_ros_rtde_gripper_commands:/home/alberto/Documents/kia_gd_ws/install/ur_ros_rtde_msgs:/home/alberto/Documents/kia_gd_ws/install/ur:/home/alberto/Documents/kia_gd_ws/install/ur_calibration:/home/alberto/Documents/kia_gd_ws/install/ur_robot_driver:/home/alberto/Documents/kia_gd_ws/install/ur_moveit_config:/home/alberto/Documents/kia_gd_ws/install/ur_bringup:/home/alberto/Documents/kia_gd_ws/install/ur_controllers:/home/alberto/Documents/kia_gd_ws/install/ur_dashboard_msgs:/home/alberto/Documents/kia_gd_ws/install/simple_ur10e_moveit_config:/home/alberto/Documents/kia_gd_ws/install/simple_ur10e_description:/home/alberto/Documents/kia_gd_ws/install/kia_gd:/home/alberto/Documents/sub_alberto/install/uuv_visualization:/home/alberto/Documents/sub_alberto/install/uuv_vision:/home/alberto/Documents/sub_alberto/install/uuv_navigation:/home/alberto/Documents/sub_alberto/install/uuv_mission:/home/alberto/Documents/sub_alberto/install/uuv_master:/home/alberto/Documents/sub_alberto/install/uuv_control:/home/alberto/install/vectornav:/home/alberto/install/vectornav_msgs:/home/alberto/install/uuv_teleop:/home/alberto/install/uuv_description:/home/alberto/install/sub:/home/alberto/install/pid:/home/alberto/Documents/kia_gd_ws/install/ros_tcp_endpoint:/home/alberto/ros2_ws/install/docker_test:/opt/ros/humble:/home/alberto/install/catkin:/home/alberto/ros2_ws/install/sub:/home/alberto/ros2_ws/install/pid:/home/alberto/ros2_ws/install/catkin:/home/alberto/uuv/install/uuv /usr/bin/cmake --build /home/alberto/Documents/kia_gd_ws/build/kia_gd -- -j8 -l8
[1.473s] DEBUG:colcon.colcon_core.event_handler.log_command:Invoking command in '/home/alberto/Documents/kia_gd_ws/build/kia_gd': CMAKE_PREFIX_PATH=/home/alberto/Documents/kia_gd_ws/install/ur_ros_rtde_tutorials:/home/alberto/Documents/kia_gd_ws/install/ur_ros_rtde:/home/alberto/Documents/kia_gd_ws/install/ur_ros_rtde_simple_clients:/home/alberto/Documents/kia_gd_ws/install/ur_ros_rtde_gripper_commands:/home/alberto/Documents/kia_gd_ws/install/ur_ros_rtde_msgs:/home/alberto/Documents/kia_gd_ws/install/ur:/home/alberto/Documents/kia_gd_ws/install/ur_calibration:/home/alberto/Documents/kia_gd_ws/install/ur_robot_driver:/home/alberto/Documents/kia_gd_ws/install/ur_moveit_config:/home/alberto/Documents/kia_gd_ws/install/ur_bringup:/home/alberto/Documents/kia_gd_ws/install/ur_controllers:/home/alberto/Documents/kia_gd_ws/install/ur_dashboard_msgs:/home/alberto/Documents/kia_gd_ws/install/simple_ur10e_moveit_config:/home/alberto/Documents/kia_gd_ws/install/simple_ur10e_description:/home/alberto/Documents/kia_gd_ws/install/kia_gd:/home/alberto/Documents/sub_alberto/install/uuv_visualization:/home/alberto/Documents/sub_alberto/install/uuv_vision:/home/alberto/Documents/sub_alberto/install/uuv_navigation:/home/alberto/Documents/sub_alberto/install/uuv_mission:/home/alberto/Documents/sub_alberto/install/uuv_master:/home/alberto/Documents/sub_alberto/install/uuv_control:/home/alberto/install/vectornav:/home/alberto/install/vectornav_msgs:/home/alberto/install/uuv_teleop:/home/alberto/install/uuv_description:/home/alberto/install/sub:/home/alberto/install/pid:/home/alberto/Documents/kia_gd_ws/install/ros_tcp_endpoint:/home/alberto/ros2_ws/install/docker_test:/opt/ros/humble:/home/alberto/install/catkin:/home/alberto/ros2_ws/install/sub:/home/alberto/ros2_ws/install/pid:/home/alberto/ros2_ws/install/catkin:/home/alberto/uuv/install/uuv /usr/bin/cmake --install /home/alberto/Documents/kia_gd_ws/build/kia_gd
[1.480s] Level 1:colcon.colcon_core.environment:create_environment_scripts_only(simple_ur10e_description)
[1.492s] Level 1:colcon.colcon_core.environment:checking '/home/alberto/Documents/kia_gd_ws/install/simple_ur10e_description' for CMake module files
[1.498s] Level 1:colcon.colcon_core.environment:checking '/home/alberto/Documents/kia_gd_ws/install/simple_ur10e_description' for CMake config files
[1.498s] Level 1:colcon.colcon_core.shell:create_environment_hook('simple_ur10e_description', 'cmake_prefix_path')
[1.499s] INFO:colcon.colcon_core.shell:Creating environment hook '/home/alberto/Documents/kia_gd_ws/install/simple_ur10e_description/share/simple_ur10e_description/hook/cmake_prefix_path.ps1'
[1.501s] INFO:colcon.colcon_core.shell:Creating environment descriptor '/home/alberto/Documents/kia_gd_ws/install/simple_ur10e_description/share/simple_ur10e_description/hook/cmake_prefix_path.dsv'
[1.503s] INFO:colcon.colcon_core.shell:Creating environment hook '/home/alberto/Documents/kia_gd_ws/install/simple_ur10e_description/share/simple_ur10e_description/hook/cmake_prefix_path.sh'
[1.506s] Level 1:colcon.colcon_core.environment:checking '/home/alberto/Documents/kia_gd_ws/install/simple_ur10e_description/bin'
[1.506s] Level 1:colcon.colcon_core.environment:checking '/home/alberto/Documents/kia_gd_ws/install/simple_ur10e_description/lib/pkgconfig/simple_ur10e_description.pc'
[1.507s] Level 1:colcon.colcon_core.environment:checking '/home/alberto/Documents/kia_gd_ws/install/simple_ur10e_description/lib/python3.10/site-packages'
[1.510s] Level 1:colcon.colcon_core.environment:checking '/home/alberto/Documents/kia_gd_ws/install/simple_ur10e_description/bin'
[1.511s] INFO:colcon.colcon_core.shell:Creating package script '/home/alberto/Documents/kia_gd_ws/install/simple_ur10e_description/share/simple_ur10e_description/package.ps1'
[1.514s] DEBUG:colcon.colcon_core.event_handler.log_command:Invoked command in '/home/alberto/Documents/kia_gd_ws/build/simple_ur10e_description' returned '0': CMAKE_PREFIX_PATH=/home/alberto/Documents/kia_gd_ws/install/ur_ros_rtde_tutorials:/home/alberto/Documents/kia_gd_ws/install/ur_ros_rtde:/home/alberto/Documents/kia_gd_ws/install/ur_ros_rtde_simple_clients:/home/alberto/Documents/kia_gd_ws/install/ur_ros_rtde_gripper_commands:/home/alberto/Documents/kia_gd_ws/install/ur_ros_rtde_msgs:/home/alberto/Documents/kia_gd_ws/install/ur:/home/alberto/Documents/kia_gd_ws/install/ur_calibration:/home/alberto/Documents/kia_gd_ws/install/ur_robot_driver:/home/alberto/Documents/kia_gd_ws/install/ur_moveit_config:/home/alberto/Documents/kia_gd_ws/install/ur_bringup:/home/alberto/Documents/kia_gd_ws/install/ur_controllers:/home/alberto/Documents/kia_gd_ws/install/ur_dashboard_msgs:/home/alberto/Documents/kia_gd_ws/install/simple_ur10e_moveit_config:/home/alberto/Documents/kia_gd_ws/install/simple_ur10e_description:/home/alberto/Documents/kia_gd_ws/install/kia_gd:/home/alberto/Documents/sub_alberto/install/uuv_visualization:/home/alberto/Documents/sub_alberto/install/uuv_vision:/home/alberto/Documents/sub_alberto/install/uuv_navigation:/home/alberto/Documents/sub_alberto/install/uuv_mission:/home/alberto/Documents/sub_alberto/install/uuv_master:/home/alberto/Documents/sub_alberto/install/uuv_control:/home/alberto/install/vectornav:/home/alberto/install/vectornav_msgs:/home/alberto/install/uuv_teleop:/home/alberto/install/uuv_description:/home/alberto/install/sub:/home/alberto/install/pid:/home/alberto/Documents/kia_gd_ws/install/ros_tcp_endpoint:/home/alberto/ros2_ws/install/docker_test:/opt/ros/humble:/home/alberto/install/catkin:/home/alberto/ros2_ws/install/sub:/home/alberto/ros2_ws/install/pid:/home/alberto/ros2_ws/install/catkin:/home/alberto/uuv/install/uuv /usr/bin/cmake --install /home/alberto/Documents/kia_gd_ws/build/simple_ur10e_description
[1.520s] INFO:colcon.colcon_core.shell:Creating package descriptor '/home/alberto/Documents/kia_gd_ws/install/simple_ur10e_description/share/simple_ur10e_description/package.dsv'
[1.524s] INFO:colcon.colcon_core.shell:Creating package script '/home/alberto/Documents/kia_gd_ws/install/simple_ur10e_description/share/simple_ur10e_description/package.sh'
[1.531s] INFO:colcon.colcon_core.shell:Creating package script '/home/alberto/Documents/kia_gd_ws/install/simple_ur10e_description/share/simple_ur10e_description/package.bash'
[1.533s] INFO:colcon.colcon_core.shell:Creating package script '/home/alberto/Documents/kia_gd_ws/install/simple_ur10e_description/share/simple_ur10e_description/package.zsh'
[1.536s] Level 1:colcon.colcon_core.environment:create_file_with_runtime_dependencies(/home/alberto/Documents/kia_gd_ws/install/simple_ur10e_description/share/colcon-core/packages/simple_ur10e_description)
[1.538s] Level 1:colcon.colcon_core.environment:create_environment_scripts_only(simple_ur10e_description)
[1.539s] Level 1:colcon.colcon_core.environment:checking '/home/alberto/Documents/kia_gd_ws/install/simple_ur10e_description' for CMake module files
[1.541s] Level 1:colcon.colcon_core.environment:checking '/home/alberto/Documents/kia_gd_ws/install/simple_ur10e_description' for CMake config files
[1.542s] Level 1:colcon.colcon_core.shell:create_environment_hook('simple_ur10e_description', 'cmake_prefix_path')
[1.543s] INFO:colcon.colcon_core.shell:Creating environment hook '/home/alberto/Documents/kia_gd_ws/install/simple_ur10e_description/share/simple_ur10e_description/hook/cmake_prefix_path.ps1'
[1.546s] INFO:colcon.colcon_core.shell:Creating environment descriptor '/home/alberto/Documents/kia_gd_ws/install/simple_ur10e_description/share/simple_ur10e_description/hook/cmake_prefix_path.dsv'
[1.547s] INFO:colcon.colcon_core.shell:Creating environment hook '/home/alberto/Documents/kia_gd_ws/install/simple_ur10e_description/share/simple_ur10e_description/hook/cmake_prefix_path.sh'
[1.549s] Level 1:colcon.colcon_core.environment:checking '/home/alberto/Documents/kia_gd_ws/install/simple_ur10e_description/bin'
[1.550s] Level 1:colcon.colcon_core.environment:checking '/home/alberto/Documents/kia_gd_ws/install/simple_ur10e_description/lib/pkgconfig/simple_ur10e_description.pc'
[1.550s] Level 1:colcon.colcon_core.environment:checking '/home/alberto/Documents/kia_gd_ws/install/simple_ur10e_description/lib/python3.10/site-packages'
[1.551s] Level 1:colcon.colcon_core.environment:checking '/home/alberto/Documents/kia_gd_ws/install/simple_ur10e_description/bin'
[1.552s] INFO:colcon.colcon_core.shell:Creating package script '/home/alberto/Documents/kia_gd_ws/install/simple_ur10e_description/share/simple_ur10e_description/package.ps1'
[1.553s] INFO:colcon.colcon_core.shell:Creating package descriptor '/home/alberto/Documents/kia_gd_ws/install/simple_ur10e_description/share/simple_ur10e_description/package.dsv'
[1.554s] INFO:colcon.colcon_core.shell:Creating package script '/home/alberto/Documents/kia_gd_ws/install/simple_ur10e_description/share/simple_ur10e_description/package.sh'
[1.555s] INFO:colcon.colcon_core.shell:Creating package script '/home/alberto/Documents/kia_gd_ws/install/simple_ur10e_description/share/simple_ur10e_description/package.bash'
[1.555s] INFO:colcon.colcon_core.shell:Creating package script '/home/alberto/Documents/kia_gd_ws/install/simple_ur10e_description/share/simple_ur10e_description/package.zsh'
[1.556s] Level 1:colcon.colcon_core.environment:create_file_with_runtime_dependencies(/home/alberto/Documents/kia_gd_ws/install/simple_ur10e_description/share/colcon-core/packages/simple_ur10e_description)
[1.557s] INFO:colcon.colcon_ros.task.ament_cmake.build:Building ROS package in '/home/alberto/Documents/kia_gd_ws/src/ur_ros_rtde/simple_ur10e_moveit_config' with build type 'ament_cmake'
[1.558s] INFO:colcon.colcon_cmake.task.cmake.build:Building CMake package in '/home/alberto/Documents/kia_gd_ws/src/ur_ros_rtde/simple_ur10e_moveit_config'
[1.558s] INFO:colcon.colcon_core.shell:Skip shell extension 'powershell' for command environment: Not usable outside of PowerShell
[1.559s] DEBUG:colcon.colcon_core.shell:Skip shell extension 'dsv' for command environment
[1.579s] Level 1:colcon.colcon_core.environment:create_environment_scripts_only(kia_gd)
[1.581s] DEBUG:colcon.colcon_core.event_handler.log_command:Invoked command in '/home/alberto/Documents/kia_gd_ws/build/kia_gd' returned '0': CMAKE_PREFIX_PATH=/home/alberto/Documents/kia_gd_ws/install/ur_ros_rtde_tutorials:/home/alberto/Documents/kia_gd_ws/install/ur_ros_rtde:/home/alberto/Documents/kia_gd_ws/install/ur_ros_rtde_simple_clients:/home/alberto/Documents/kia_gd_ws/install/ur_ros_rtde_gripper_commands:/home/alberto/Documents/kia_gd_ws/install/ur_ros_rtde_msgs:/home/alberto/Documents/kia_gd_ws/install/ur:/home/alberto/Documents/kia_gd_ws/install/ur_calibration:/home/alberto/Documents/kia_gd_ws/install/ur_robot_driver:/home/alberto/Documents/kia_gd_ws/install/ur_moveit_config:/home/alberto/Documents/kia_gd_ws/install/ur_bringup:/home/alberto/Documents/kia_gd_ws/install/ur_controllers:/home/alberto/Documents/kia_gd_ws/install/ur_dashboard_msgs:/home/alberto/Documents/kia_gd_ws/install/simple_ur10e_moveit_config:/home/alberto/Documents/kia_gd_ws/install/simple_ur10e_description:/home/alberto/Documents/kia_gd_ws/install/kia_gd:/home/alberto/Documents/sub_alberto/install/uuv_visualization:/home/alberto/Documents/sub_alberto/install/uuv_vision:/home/alberto/Documents/sub_alberto/install/uuv_navigation:/home/alberto/Documents/sub_alberto/install/uuv_mission:/home/alberto/Documents/sub_alberto/install/uuv_master:/home/alberto/Documents/sub_alberto/install/uuv_control:/home/alberto/install/vectornav:/home/alberto/install/vectornav_msgs:/home/alberto/install/uuv_teleop:/home/alberto/install/uuv_description:/home/alberto/install/sub:/home/alberto/install/pid:/home/alberto/Documents/kia_gd_ws/install/ros_tcp_endpoint:/home/alberto/ros2_ws/install/docker_test:/opt/ros/humble:/home/alberto/install/catkin:/home/alberto/ros2_ws/install/sub:/home/alberto/ros2_ws/install/pid:/home/alberto/ros2_ws/install/catkin:/home/alberto/uuv/install/uuv /usr/bin/cmake --install /home/alberto/Documents/kia_gd_ws/build/kia_gd
[1.582s] Level 1:colcon.colcon_core.environment:checking '/home/alberto/Documents/kia_gd_ws/install/kia_gd' for CMake module files
[1.586s] Level 1:colcon.colcon_core.environment:checking '/home/alberto/Documents/kia_gd_ws/install/kia_gd' for CMake config files
[1.593s] Level 1:colcon.colcon_core.shell:create_environment_hook('kia_gd', 'cmake_prefix_path')
[1.596s] INFO:colcon.colcon_core.shell:Creating environment hook '/home/alberto/Documents/kia_gd_ws/install/kia_gd/share/kia_gd/hook/cmake_prefix_path.ps1'
[1.601s] INFO:colcon.colcon_core.shell:Creating environment descriptor '/home/alberto/Documents/kia_gd_ws/install/kia_gd/share/kia_gd/hook/cmake_prefix_path.dsv'
[1.604s] INFO:colcon.colcon_core.shell:Creating environment hook '/home/alberto/Documents/kia_gd_ws/install/kia_gd/share/kia_gd/hook/cmake_prefix_path.sh'
[1.608s] Level 1:colcon.colcon_core.environment:checking '/home/alberto/Documents/kia_gd_ws/install/kia_gd/lib'
[1.609s] Level 1:colcon.colcon_core.environment:checking '/home/alberto/Documents/kia_gd_ws/install/kia_gd/bin'
[1.609s] Level 1:colcon.colcon_core.environment:checking '/home/alberto/Documents/kia_gd_ws/install/kia_gd/lib/pkgconfig/kia_gd.pc'
[1.609s] Level 1:colcon.colcon_core.environment:checking '/home/alberto/Documents/kia_gd_ws/install/kia_gd/lib/python3.10/site-packages'
[1.610s] Level 1:colcon.colcon_core.environment:checking '/home/alberto/Documents/kia_gd_ws/install/kia_gd/bin'
[1.615s] INFO:colcon.colcon_core.shell:Creating package script '/home/alberto/Documents/kia_gd_ws/install/kia_gd/share/kia_gd/package.ps1'
[1.618s] INFO:colcon.colcon_core.shell:Creating package descriptor '/home/alberto/Documents/kia_gd_ws/install/kia_gd/share/kia_gd/package.dsv'
[1.619s] INFO:colcon.colcon_core.shell:Creating package script '/home/alberto/Documents/kia_gd_ws/install/kia_gd/share/kia_gd/package.sh'
[1.627s] INFO:colcon.colcon_core.shell:Creating package script '/home/alberto/Documents/kia_gd_ws/install/kia_gd/share/kia_gd/package.bash'
[1.630s] INFO:colcon.colcon_core.shell:Creating package script '/home/alberto/Documents/kia_gd_ws/install/kia_gd/share/kia_gd/package.zsh'
[1.633s] Level 1:colcon.colcon_core.environment:create_file_with_runtime_dependencies(/home/alberto/Documents/kia_gd_ws/install/kia_gd/share/colcon-core/packages/kia_gd)
[1.636s] Level 1:colcon.colcon_core.environment:create_environment_scripts_only(kia_gd)
[1.638s] Level 1:colcon.colcon_core.environment:checking '/home/alberto/Documents/kia_gd_ws/install/kia_gd' for CMake module files
[1.641s] Level 1:colcon.colcon_core.environment:checking '/home/alberto/Documents/kia_gd_ws/install/kia_gd' for CMake config files
[1.648s] Level 1:colcon.colcon_core.shell:create_environment_hook('kia_gd', 'cmake_prefix_path')
[1.649s] INFO:colcon.colcon_core.shell:Creating environment hook '/home/alberto/Documents/kia_gd_ws/install/kia_gd/share/kia_gd/hook/cmake_prefix_path.ps1'
[1.651s] INFO:colcon.colcon_core.shell:Creating environment descriptor '/home/alberto/Documents/kia_gd_ws/install/kia_gd/share/kia_gd/hook/cmake_prefix_path.dsv'
[1.654s] INFO:colcon.colcon_core.shell:Creating environment hook '/home/alberto/Documents/kia_gd_ws/install/kia_gd/share/kia_gd/hook/cmake_prefix_path.sh'
[1.657s] Level 1:colcon.colcon_core.environment:checking '/home/alberto/Documents/kia_gd_ws/install/kia_gd/lib'
[1.658s] Level 1:colcon.colcon_core.environment:checking '/home/alberto/Documents/kia_gd_ws/install/kia_gd/bin'
[1.659s] Level 1:colcon.colcon_core.environment:checking '/home/alberto/Documents/kia_gd_ws/install/kia_gd/lib/pkgconfig/kia_gd.pc'
[1.660s] Level 1:colcon.colcon_core.environment:checking '/home/alberto/Documents/kia_gd_ws/install/kia_gd/lib/python3.10/site-packages'
[1.662s] Level 1:colcon.colcon_core.environment:checking '/home/alberto/Documents/kia_gd_ws/install/kia_gd/bin'
[1.664s] INFO:colcon.colcon_core.shell:Creating package script '/home/alberto/Documents/kia_gd_ws/install/kia_gd/share/kia_gd/package.ps1'
[1.668s] INFO:colcon.colcon_core.shell:Creating package descriptor '/home/alberto/Documents/kia_gd_ws/install/kia_gd/share/kia_gd/package.dsv'
[1.672s] INFO:colcon.colcon_core.shell:Creating package script '/home/alberto/Documents/kia_gd_ws/install/kia_gd/share/kia_gd/package.sh'
[1.675s] INFO:colcon.colcon_core.shell:Creating package script '/home/alberto/Documents/kia_gd_ws/install/kia_gd/share/kia_gd/package.bash'
[1.677s] INFO:colcon.colcon_core.shell:Creating package script '/home/alberto/Documents/kia_gd_ws/install/kia_gd/share/kia_gd/package.zsh'
[1.677s] Level 1:colcon.colcon_core.environment:create_file_with_runtime_dependencies(/home/alberto/Documents/kia_gd_ws/install/kia_gd/share/colcon-core/packages/kia_gd)
[1.680s] Level 1:colcon.colcon_core.environment:create_environment_scripts_only(ur_ros_rtde_simple_clients)
[1.681s] Level 1:colcon.colcon_core.environment:checking '/home/alberto/Documents/kia_gd_ws/install/ur_ros_rtde_simple_clients' for CMake module files
[1.682s] Level 1:colcon.colcon_core.environment:checking '/home/alberto/Documents/kia_gd_ws/install/ur_ros_rtde_simple_clients' for CMake config files
[1.685s] DEBUG:colcon.colcon_core.event_handler.log_command:Invoked command in '/home/alberto/Documents/kia_gd_ws/build/ur_ros_rtde_simple_clients' returned '0': CMAKE_PREFIX_PATH=/home/alberto/Documents/kia_gd_ws/install/ur_ros_rtde_tutorials:/home/alberto/Documents/kia_gd_ws/install/ur_ros_rtde:/home/alberto/Documents/kia_gd_ws/install/ur_ros_rtde_simple_clients:/home/alberto/Documents/kia_gd_ws/install/ur_ros_rtde_gripper_commands:/home/alberto/Documents/kia_gd_ws/install/ur_ros_rtde_msgs:/home/alberto/Documents/kia_gd_ws/install/ur:/home/alberto/Documents/kia_gd_ws/install/ur_calibration:/home/alberto/Documents/kia_gd_ws/install/ur_robot_driver:/home/alberto/Documents/kia_gd_ws/install/ur_moveit_config:/home/alberto/Documents/kia_gd_ws/install/ur_bringup:/home/alberto/Documents/kia_gd_ws/install/ur_controllers:/home/alberto/Documents/kia_gd_ws/install/ur_dashboard_msgs:/home/alberto/Documents/kia_gd_ws/install/simple_ur10e_moveit_config:/home/alberto/Documents/kia_gd_ws/install/simple_ur10e_description:/home/alberto/Documents/kia_gd_ws/install/kia_gd:/home/alberto/Documents/sub_alberto/install/uuv_visualization:/home/alberto/Documents/sub_alberto/install/uuv_vision:/home/alberto/Documents/sub_alberto/install/uuv_navigation:/home/alberto/Documents/sub_alberto/install/uuv_mission:/home/alberto/Documents/sub_alberto/install/uuv_master:/home/alberto/Documents/sub_alberto/install/uuv_control:/home/alberto/install/vectornav:/home/alberto/install/vectornav_msgs:/home/alberto/install/uuv_teleop:/home/alberto/install/uuv_description:/home/alberto/install/sub:/home/alberto/install/pid:/home/alberto/Documents/kia_gd_ws/install/ros_tcp_endpoint:/home/alberto/ros2_ws/install/docker_test:/opt/ros/humble:/home/alberto/install/catkin:/home/alberto/ros2_ws/install/sub:/home/alberto/ros2_ws/install/pid:/home/alberto/ros2_ws/install/catkin:/home/alberto/uuv/install/uuv /usr/bin/cmake --install /home/alberto/Documents/kia_gd_ws/build/ur_ros_rtde_simple_clients
[1.685s] Level 1:colcon.colcon_core.shell:create_environment_hook('ur_ros_rtde_simple_clients', 'cmake_prefix_path')
[1.688s] INFO:colcon.colcon_core.shell:Creating environment hook '/home/alberto/Documents/kia_gd_ws/install/ur_ros_rtde_simple_clients/share/ur_ros_rtde_simple_clients/hook/cmake_prefix_path.ps1'
[1.689s] INFO:colcon.colcon_core.shell:Creating environment descriptor '/home/alberto/Documents/kia_gd_ws/install/ur_ros_rtde_simple_clients/share/ur_ros_rtde_simple_clients/hook/cmake_prefix_path.dsv'
[1.690s] INFO:colcon.colcon_core.shell:Creating environment hook '/home/alberto/Documents/kia_gd_ws/install/ur_ros_rtde_simple_clients/share/ur_ros_rtde_simple_clients/hook/cmake_prefix_path.sh'
[1.691s] Level 1:colcon.colcon_core.environment:checking '/home/alberto/Documents/kia_gd_ws/install/ur_ros_rtde_simple_clients/bin'
[1.691s] Level 1:colcon.colcon_core.environment:checking '/home/alberto/Documents/kia_gd_ws/install/ur_ros_rtde_simple_clients/lib/pkgconfig/ur_ros_rtde_simple_clients.pc'
[1.692s] Level 1:colcon.colcon_core.environment:checking '/home/alberto/Documents/kia_gd_ws/install/ur_ros_rtde_simple_clients/lib/python3.10/site-packages'
[1.692s] Level 1:colcon.colcon_core.environment:checking '/home/alberto/Documents/kia_gd_ws/install/ur_ros_rtde_simple_clients/bin'
[1.693s] INFO:colcon.colcon_core.shell:Creating package script '/home/alberto/Documents/kia_gd_ws/install/ur_ros_rtde_simple_clients/share/ur_ros_rtde_simple_clients/package.ps1'
[1.695s] INFO:colcon.colcon_core.shell:Creating package descriptor '/home/alberto/Documents/kia_gd_ws/install/ur_ros_rtde_simple_clients/share/ur_ros_rtde_simple_clients/package.dsv'
[1.696s] INFO:colcon.colcon_core.shell:Creating package script '/home/alberto/Documents/kia_gd_ws/install/ur_ros_rtde_simple_clients/share/ur_ros_rtde_simple_clients/package.sh'
[1.697s] INFO:colcon.colcon_core.shell:Creating package script '/home/alberto/Documents/kia_gd_ws/install/ur_ros_rtde_simple_clients/share/ur_ros_rtde_simple_clients/package.bash'
[1.699s] INFO:colcon.colcon_core.shell:Creating package script '/home/alberto/Documents/kia_gd_ws/install/ur_ros_rtde_simple_clients/share/ur_ros_rtde_simple_clients/package.zsh'
[1.700s] Level 1:colcon.colcon_core.environment:create_file_with_runtime_dependencies(/home/alberto/Documents/kia_gd_ws/install/ur_ros_rtde_simple_clients/share/colcon-core/packages/ur_ros_rtde_simple_clients)
[1.701s] Level 1:colcon.colcon_core.environment:create_environment_scripts_only(ur_ros_rtde_simple_clients)
[1.702s] Level 1:colcon.colcon_core.environment:checking '/home/alberto/Documents/kia_gd_ws/install/ur_ros_rtde_simple_clients' for CMake module files
[1.702s] Level 1:colcon.colcon_core.environment:checking '/home/alberto/Documents/kia_gd_ws/install/ur_ros_rtde_simple_clients' for CMake config files
[1.703s] Level 1:colcon.colcon_core.shell:create_environment_hook('ur_ros_rtde_simple_clients', 'cmake_prefix_path')
[1.703s] INFO:colcon.colcon_core.shell:Creating environment hook '/home/alberto/Documents/kia_gd_ws/install/ur_ros_rtde_simple_clients/share/ur_ros_rtde_simple_clients/hook/cmake_prefix_path.ps1'
[1.704s] INFO:colcon.colcon_core.shell:Creating environment descriptor '/home/alberto/Documents/kia_gd_ws/install/ur_ros_rtde_simple_clients/share/ur_ros_rtde_simple_clients/hook/cmake_prefix_path.dsv'
[1.705s] INFO:colcon.colcon_core.shell:Creating environment hook '/home/alberto/Documents/kia_gd_ws/install/ur_ros_rtde_simple_clients/share/ur_ros_rtde_simple_clients/hook/cmake_prefix_path.sh'
[1.706s] Level 1:colcon.colcon_core.environment:checking '/home/alberto/Documents/kia_gd_ws/install/ur_ros_rtde_simple_clients/bin'
[1.707s] Level 1:colcon.colcon_core.environment:checking '/home/alberto/Documents/kia_gd_ws/install/ur_ros_rtde_simple_clients/lib/pkgconfig/ur_ros_rtde_simple_clients.pc'
[1.707s] Level 1:colcon.colcon_core.environment:checking '/home/alberto/Documents/kia_gd_ws/install/ur_ros_rtde_simple_clients/lib/python3.10/site-packages'
[1.708s] Level 1:colcon.colcon_core.environment:checking '/home/alberto/Documents/kia_gd_ws/install/ur_ros_rtde_simple_clients/bin'
[1.709s] INFO:colcon.colcon_core.shell:Creating package script '/home/alberto/Documents/kia_gd_ws/install/ur_ros_rtde_simple_clients/share/ur_ros_rtde_simple_clients/package.ps1'
[1.710s] INFO:colcon.colcon_core.shell:Creating package descriptor '/home/alberto/Documents/kia_gd_ws/install/ur_ros_rtde_simple_clients/share/ur_ros_rtde_simple_clients/package.dsv'
[1.711s] INFO:colcon.colcon_core.shell:Creating package script '/home/alberto/Documents/kia_gd_ws/install/ur_ros_rtde_simple_clients/share/ur_ros_rtde_simple_clients/package.sh'
[1.712s] INFO:colcon.colcon_core.shell:Creating package script '/home/alberto/Documents/kia_gd_ws/install/ur_ros_rtde_simple_clients/share/ur_ros_rtde_simple_clients/package.bash'
[1.712s] INFO:colcon.colcon_core.shell:Creating package script '/home/alberto/Documents/kia_gd_ws/install/ur_ros_rtde_simple_clients/share/ur_ros_rtde_simple_clients/package.zsh'
[1.713s] Level 1:colcon.colcon_core.environment:create_file_with_runtime_dependencies(/home/alberto/Documents/kia_gd_ws/install/ur_ros_rtde_simple_clients/share/colcon-core/packages/ur_ros_rtde_simple_clients)
[1.721s] DEBUG:colcon.colcon_core.event_handler.log_command:Invoking command in '/home/alberto/Documents/kia_gd_ws/build/simple_ur10e_moveit_config': CMAKE_PREFIX_PATH=/home/alberto/Documents/kia_gd_ws/install/simple_ur10e_description:/home/alberto/Documents/kia_gd_ws/install/ur_ros_rtde_tutorials:/home/alberto/Documents/kia_gd_ws/install/ur_ros_rtde:/home/alberto/Documents/kia_gd_ws/install/ur_ros_rtde_simple_clients:/home/alberto/Documents/kia_gd_ws/install/ur_ros_rtde_gripper_commands:/home/alberto/Documents/kia_gd_ws/install/ur_ros_rtde_msgs:/home/alberto/Documents/kia_gd_ws/install/ur:/home/alberto/Documents/kia_gd_ws/install/ur_calibration:/home/alberto/Documents/kia_gd_ws/install/ur_robot_driver:/home/alberto/Documents/kia_gd_ws/install/ur_moveit_config:/home/alberto/Documents/kia_gd_ws/install/ur_bringup:/home/alberto/Documents/kia_gd_ws/install/ur_controllers:/home/alberto/Documents/kia_gd_ws/install/ur_dashboard_msgs:/home/alberto/Documents/kia_gd_ws/install/simple_ur10e_moveit_config:/home/alberto/Documents/kia_gd_ws/install/kia_gd:/home/alberto/Documents/sub_alberto/install/uuv_visualization:/home/alberto/Documents/sub_alberto/install/uuv_vision:/home/alberto/Documents/sub_alberto/install/uuv_navigation:/home/alberto/Documents/sub_alberto/install/uuv_mission:/home/alberto/Documents/sub_alberto/install/uuv_master:/home/alberto/Documents/sub_alberto/install/uuv_control:/home/alberto/install/vectornav:/home/alberto/install/vectornav_msgs:/home/alberto/install/uuv_teleop:/home/alberto/install/uuv_description:/home/alberto/install/sub:/home/alberto/install/pid:/home/alberto/Documents/kia_gd_ws/install/ros_tcp_endpoint:/home/alberto/ros2_ws/install/docker_test:/opt/ros/humble:/home/alberto/install/catkin:/home/alberto/ros2_ws/install/sub:/home/alberto/ros2_ws/install/pid:/home/alberto/ros2_ws/install/catkin:/home/alberto/uuv/install/uuv /usr/bin/cmake --build /home/alberto/Documents/kia_gd_ws/build/simple_ur10e_moveit_config -- -j8 -l8
[1.727s] DEBUG:colcon.colcon_core.event_handler.log_command:Invoked command in '/home/alberto/Documents/kia_gd_ws/build/ur_ros_rtde_msgs' returned '0': CMAKE_PREFIX_PATH=/home/alberto/Documents/kia_gd_ws/install/ur_ros_rtde_tutorials:/home/alberto/Documents/kia_gd_ws/install/ur_ros_rtde:/home/alberto/Documents/kia_gd_ws/install/ur_ros_rtde_simple_clients:/home/alberto/Documents/kia_gd_ws/install/ur_ros_rtde_gripper_commands:/home/alberto/Documents/kia_gd_ws/install/ur_ros_rtde_msgs:/home/alberto/Documents/kia_gd_ws/install/ur:/home/alberto/Documents/kia_gd_ws/install/ur_calibration:/home/alberto/Documents/kia_gd_ws/install/ur_robot_driver:/home/alberto/Documents/kia_gd_ws/install/ur_moveit_config:/home/alberto/Documents/kia_gd_ws/install/ur_bringup:/home/alberto/Documents/kia_gd_ws/install/ur_controllers:/home/alberto/Documents/kia_gd_ws/install/ur_dashboard_msgs:/home/alberto/Documents/kia_gd_ws/install/simple_ur10e_moveit_config:/home/alberto/Documents/kia_gd_ws/install/simple_ur10e_description:/home/alberto/Documents/kia_gd_ws/install/kia_gd:/home/alberto/Documents/sub_alberto/install/uuv_visualization:/home/alberto/Documents/sub_alberto/install/uuv_vision:/home/alberto/Documents/sub_alberto/install/uuv_navigation:/home/alberto/Documents/sub_alberto/install/uuv_mission:/home/alberto/Documents/sub_alberto/install/uuv_master:/home/alberto/Documents/sub_alberto/install/uuv_control:/home/alberto/install/vectornav:/home/alberto/install/vectornav_msgs:/home/alberto/install/uuv_teleop:/home/alberto/install/uuv_description:/home/alberto/install/sub:/home/alberto/install/pid:/home/alberto/Documents/kia_gd_ws/install/ros_tcp_endpoint:/home/alberto/ros2_ws/install/docker_test:/opt/ros/humble:/home/alberto/install/catkin:/home/alberto/ros2_ws/install/sub:/home/alberto/ros2_ws/install/pid:/home/alberto/ros2_ws/install/catkin:/home/alberto/uuv/install/uuv /usr/bin/cmake --build /home/alberto/Documents/kia_gd_ws/build/ur_ros_rtde_msgs -- -j8 -l8
[1.734s] DEBUG:colcon.colcon_core.event_handler.log_command:Invoking command in '/home/alberto/Documents/kia_gd_ws/build/ur_ros_rtde_msgs': CMAKE_PREFIX_PATH=/home/alberto/Documents/kia_gd_ws/install/ur_ros_rtde_tutorials:/home/alberto/Documents/kia_gd_ws/install/ur_ros_rtde:/home/alberto/Documents/kia_gd_ws/install/ur_ros_rtde_simple_clients:/home/alberto/Documents/kia_gd_ws/install/ur_ros_rtde_gripper_commands:/home/alberto/Documents/kia_gd_ws/install/ur_ros_rtde_msgs:/home/alberto/Documents/kia_gd_ws/install/ur:/home/alberto/Documents/kia_gd_ws/install/ur_calibration:/home/alberto/Documents/kia_gd_ws/install/ur_robot_driver:/home/alberto/Documents/kia_gd_ws/install/ur_moveit_config:/home/alberto/Documents/kia_gd_ws/install/ur_bringup:/home/alberto/Documents/kia_gd_ws/install/ur_controllers:/home/alberto/Documents/kia_gd_ws/install/ur_dashboard_msgs:/home/alberto/Documents/kia_gd_ws/install/simple_ur10e_moveit_config:/home/alberto/Documents/kia_gd_ws/install/simple_ur10e_description:/home/alberto/Documents/kia_gd_ws/install/kia_gd:/home/alberto/Documents/sub_alberto/install/uuv_visualization:/home/alberto/Documents/sub_alberto/install/uuv_vision:/home/alberto/Documents/sub_alberto/install/uuv_navigation:/home/alberto/Documents/sub_alberto/install/uuv_mission:/home/alberto/Documents/sub_alberto/install/uuv_master:/home/alberto/Documents/sub_alberto/install/uuv_control:/home/alberto/install/vectornav:/home/alberto/install/vectornav_msgs:/home/alberto/install/uuv_teleop:/home/alberto/install/uuv_description:/home/alberto/install/sub:/home/alberto/install/pid:/home/alberto/Documents/kia_gd_ws/install/ros_tcp_endpoint:/home/alberto/ros2_ws/install/docker_test:/opt/ros/humble:/home/alberto/install/catkin:/home/alberto/ros2_ws/install/sub:/home/alberto/ros2_ws/install/pid:/home/alberto/ros2_ws/install/catkin:/home/alberto/uuv/install/uuv /usr/bin/cmake --install /home/alberto/Documents/kia_gd_ws/build/ur_ros_rtde_msgs
[1.818s] DEBUG:colcon.colcon_core.event_handler.log_command:Invoked command in '/home/alberto/Documents/kia_gd_ws/build/simple_ur10e_moveit_config' returned '0': CMAKE_PREFIX_PATH=/home/alberto/Documents/kia_gd_ws/install/simple_ur10e_description:/home/alberto/Documents/kia_gd_ws/install/ur_ros_rtde_tutorials:/home/alberto/Documents/kia_gd_ws/install/ur_ros_rtde:/home/alberto/Documents/kia_gd_ws/install/ur_ros_rtde_simple_clients:/home/alberto/Documents/kia_gd_ws/install/ur_ros_rtde_gripper_commands:/home/alberto/Documents/kia_gd_ws/install/ur_ros_rtde_msgs:/home/alberto/Documents/kia_gd_ws/install/ur:/home/alberto/Documents/kia_gd_ws/install/ur_calibration:/home/alberto/Documents/kia_gd_ws/install/ur_robot_driver:/home/alberto/Documents/kia_gd_ws/install/ur_moveit_config:/home/alberto/Documents/kia_gd_ws/install/ur_bringup:/home/alberto/Documents/kia_gd_ws/install/ur_controllers:/home/alberto/Documents/kia_gd_ws/install/ur_dashboard_msgs:/home/alberto/Documents/kia_gd_ws/install/simple_ur10e_moveit_config:/home/alberto/Documents/kia_gd_ws/install/kia_gd:/home/alberto/Documents/sub_alberto/install/uuv_visualization:/home/alberto/Documents/sub_alberto/install/uuv_vision:/home/alberto/Documents/sub_alberto/install/uuv_navigation:/home/alberto/Documents/sub_alberto/install/uuv_mission:/home/alberto/Documents/sub_alberto/install/uuv_master:/home/alberto/Documents/sub_alberto/install/uuv_control:/home/alberto/install/vectornav:/home/alberto/install/vectornav_msgs:/home/alberto/install/uuv_teleop:/home/alberto/install/uuv_description:/home/alberto/install/sub:/home/alberto/install/pid:/home/alberto/Documents/kia_gd_ws/install/ros_tcp_endpoint:/home/alberto/ros2_ws/install/docker_test:/opt/ros/humble:/home/alberto/install/catkin:/home/alberto/ros2_ws/install/sub:/home/alberto/ros2_ws/install/pid:/home/alberto/ros2_ws/install/catkin:/home/alberto/uuv/install/uuv /usr/bin/cmake --build /home/alberto/Documents/kia_gd_ws/build/simple_ur10e_moveit_config -- -j8 -l8
[1.825s] DEBUG:colcon.colcon_core.event_handler.log_command:Invoking command in '/home/alberto/Documents/kia_gd_ws/build/simple_ur10e_moveit_config': CMAKE_PREFIX_PATH=/home/alberto/Documents/kia_gd_ws/install/simple_ur10e_description:/home/alberto/Documents/kia_gd_ws/install/ur_ros_rtde_tutorials:/home/alberto/Documents/kia_gd_ws/install/ur_ros_rtde:/home/alberto/Documents/kia_gd_ws/install/ur_ros_rtde_simple_clients:/home/alberto/Documents/kia_gd_ws/install/ur_ros_rtde_gripper_commands:/home/alberto/Documents/kia_gd_ws/install/ur_ros_rtde_msgs:/home/alberto/Documents/kia_gd_ws/install/ur:/home/alberto/Documents/kia_gd_ws/install/ur_calibration:/home/alberto/Documents/kia_gd_ws/install/ur_robot_driver:/home/alberto/Documents/kia_gd_ws/install/ur_moveit_config:/home/alberto/Documents/kia_gd_ws/install/ur_bringup:/home/alberto/Documents/kia_gd_ws/install/ur_controllers:/home/alberto/Documents/kia_gd_ws/install/ur_dashboard_msgs:/home/alberto/Documents/kia_gd_ws/install/simple_ur10e_moveit_config:/home/alberto/Documents/kia_gd_ws/install/kia_gd:/home/alberto/Documents/sub_alberto/install/uuv_visualization:/home/alberto/Documents/sub_alberto/install/uuv_vision:/home/alberto/Documents/sub_alberto/install/uuv_navigation:/home/alberto/Documents/sub_alberto/install/uuv_mission:/home/alberto/Documents/sub_alberto/install/uuv_master:/home/alberto/Documents/sub_alberto/install/uuv_control:/home/alberto/install/vectornav:/home/alberto/install/vectornav_msgs:/home/alberto/install/uuv_teleop:/home/alberto/install/uuv_description:/home/alberto/install/sub:/home/alberto/install/pid:/home/alberto/Documents/kia_gd_ws/install/ros_tcp_endpoint:/home/alberto/ros2_ws/install/docker_test:/opt/ros/humble:/home/alberto/install/catkin:/home/alberto/ros2_ws/install/sub:/home/alberto/ros2_ws/install/pid:/home/alberto/ros2_ws/install/catkin:/home/alberto/uuv/install/uuv /usr/bin/cmake --install /home/alberto/Documents/kia_gd_ws/build/simple_ur10e_moveit_config
[1.842s] Level 1:colcon.colcon_core.environment:create_environment_scripts_only(simple_ur10e_moveit_config)
[1.843s] Level 1:colcon.colcon_core.environment:checking '/home/alberto/Documents/kia_gd_ws/install/simple_ur10e_moveit_config' for CMake module files
[1.847s] Level 1:colcon.colcon_core.environment:checking '/home/alberto/Documents/kia_gd_ws/install/simple_ur10e_moveit_config' for CMake config files
[1.848s] Level 1:colcon.colcon_core.shell:create_environment_hook('simple_ur10e_moveit_config', 'cmake_prefix_path')
[1.848s] INFO:colcon.colcon_core.shell:Creating environment hook '/home/alberto/Documents/kia_gd_ws/install/simple_ur10e_moveit_config/share/simple_ur10e_moveit_config/hook/cmake_prefix_path.ps1'
[1.849s] INFO:colcon.colcon_core.shell:Creating environment descriptor '/home/alberto/Documents/kia_gd_ws/install/simple_ur10e_moveit_config/share/simple_ur10e_moveit_config/hook/cmake_prefix_path.dsv'
[1.850s] INFO:colcon.colcon_core.shell:Creating environment hook '/home/alberto/Documents/kia_gd_ws/install/simple_ur10e_moveit_config/share/simple_ur10e_moveit_config/hook/cmake_prefix_path.sh'
[1.855s] Level 1:colcon.colcon_core.environment:checking '/home/alberto/Documents/kia_gd_ws/install/simple_ur10e_moveit_config/bin'
[1.855s] Level 1:colcon.colcon_core.environment:checking '/home/alberto/Documents/kia_gd_ws/install/simple_ur10e_moveit_config/lib/pkgconfig/simple_ur10e_moveit_config.pc'
[1.857s] Level 1:colcon.colcon_core.environment:checking '/home/alberto/Documents/kia_gd_ws/install/simple_ur10e_moveit_config/lib/python3.10/site-packages'
[1.859s] Level 1:colcon.colcon_core.environment:checking '/home/alberto/Documents/kia_gd_ws/install/simple_ur10e_moveit_config/bin'
[1.861s] INFO:colcon.colcon_core.shell:Creating package script '/home/alberto/Documents/kia_gd_ws/install/simple_ur10e_moveit_config/share/simple_ur10e_moveit_config/package.ps1'
[1.864s] INFO:colcon.colcon_core.shell:Creating package descriptor '/home/alberto/Documents/kia_gd_ws/install/simple_ur10e_moveit_config/share/simple_ur10e_moveit_config/package.dsv'
[1.867s] INFO:colcon.colcon_core.shell:Creating package script '/home/alberto/Documents/kia_gd_ws/install/simple_ur10e_moveit_config/share/simple_ur10e_moveit_config/package.sh'
[1.869s] INFO:colcon.colcon_core.shell:Creating package script '/home/alberto/Documents/kia_gd_ws/install/simple_ur10e_moveit_config/share/simple_ur10e_moveit_config/package.bash'
[1.871s] INFO:colcon.colcon_core.shell:Creating package script '/home/alberto/Documents/kia_gd_ws/install/simple_ur10e_moveit_config/share/simple_ur10e_moveit_config/package.zsh'
[1.872s] Level 1:colcon.colcon_core.environment:create_file_with_runtime_dependencies(/home/alberto/Documents/kia_gd_ws/install/simple_ur10e_moveit_config/share/colcon-core/packages/simple_ur10e_moveit_config)
[1.873s] Level 1:colcon.colcon_core.environment:create_environment_scripts_only(simple_ur10e_moveit_config)
[1.874s] Level 1:colcon.colcon_core.environment:checking '/home/alberto/Documents/kia_gd_ws/install/simple_ur10e_moveit_config' for CMake module files
[1.874s] Level 1:colcon.colcon_core.environment:checking '/home/alberto/Documents/kia_gd_ws/install/simple_ur10e_moveit_config' for CMake config files
[1.879s] DEBUG:colcon.colcon_core.event_handler.log_command:Invoked command in '/home/alberto/Documents/kia_gd_ws/build/simple_ur10e_moveit_config' returned '0': CMAKE_PREFIX_PATH=/home/alberto/Documents/kia_gd_ws/install/simple_ur10e_description:/home/alberto/Documents/kia_gd_ws/install/ur_ros_rtde_tutorials:/home/alberto/Documents/kia_gd_ws/install/ur_ros_rtde:/home/alberto/Documents/kia_gd_ws/install/ur_ros_rtde_simple_clients:/home/alberto/Documents/kia_gd_ws/install/ur_ros_rtde_gripper_commands:/home/alberto/Documents/kia_gd_ws/install/ur_ros_rtde_msgs:/home/alberto/Documents/kia_gd_ws/install/ur:/home/alberto/Documents/kia_gd_ws/install/ur_calibration:/home/alberto/Documents/kia_gd_ws/install/ur_robot_driver:/home/alberto/Documents/kia_gd_ws/install/ur_moveit_config:/home/alberto/Documents/kia_gd_ws/install/ur_bringup:/home/alberto/Documents/kia_gd_ws/install/ur_controllers:/home/alberto/Documents/kia_gd_ws/install/ur_dashboard_msgs:/home/alberto/Documents/kia_gd_ws/install/simple_ur10e_moveit_config:/home/alberto/Documents/kia_gd_ws/install/kia_gd:/home/alberto/Documents/sub_alberto/install/uuv_visualization:/home/alberto/Documents/sub_alberto/install/uuv_vision:/home/alberto/Documents/sub_alberto/install/uuv_navigation:/home/alberto/Documents/sub_alberto/install/uuv_mission:/home/alberto/Documents/sub_alberto/install/uuv_master:/home/alberto/Documents/sub_alberto/install/uuv_control:/home/alberto/install/vectornav:/home/alberto/install/vectornav_msgs:/home/alberto/install/uuv_teleop:/home/alberto/install/uuv_description:/home/alberto/install/sub:/home/alberto/install/pid:/home/alberto/Documents/kia_gd_ws/install/ros_tcp_endpoint:/home/alberto/ros2_ws/install/docker_test:/opt/ros/humble:/home/alberto/install/catkin:/home/alberto/ros2_ws/install/sub:/home/alberto/ros2_ws/install/pid:/home/alberto/ros2_ws/install/catkin:/home/alberto/uuv/install/uuv /usr/bin/cmake --install /home/alberto/Documents/kia_gd_ws/build/simple_ur10e_moveit_config
[1.879s] Level 1:colcon.colcon_core.shell:create_environment_hook('simple_ur10e_moveit_config', 'cmake_prefix_path')
[1.880s] INFO:colcon.colcon_core.shell:Creating environment hook '/home/alberto/Documents/kia_gd_ws/install/simple_ur10e_moveit_config/share/simple_ur10e_moveit_config/hook/cmake_prefix_path.ps1'
[1.881s] INFO:colcon.colcon_core.shell:Creating environment descriptor '/home/alberto/Documents/kia_gd_ws/install/simple_ur10e_moveit_config/share/simple_ur10e_moveit_config/hook/cmake_prefix_path.dsv'
[1.882s] INFO:colcon.colcon_core.shell:Creating environment hook '/home/alberto/Documents/kia_gd_ws/install/simple_ur10e_moveit_config/share/simple_ur10e_moveit_config/hook/cmake_prefix_path.sh'
[1.885s] Level 1:colcon.colcon_core.environment:checking '/home/alberto/Documents/kia_gd_ws/install/simple_ur10e_moveit_config/bin'
[1.885s] Level 1:colcon.colcon_core.environment:checking '/home/alberto/Documents/kia_gd_ws/install/simple_ur10e_moveit_config/lib/pkgconfig/simple_ur10e_moveit_config.pc'
[1.885s] Level 1:colcon.colcon_core.environment:checking '/home/alberto/Documents/kia_gd_ws/install/simple_ur10e_moveit_config/lib/python3.10/site-packages'
[1.888s] Level 1:colcon.colcon_core.environment:checking '/home/alberto/Documents/kia_gd_ws/install/simple_ur10e_moveit_config/bin'
[1.889s] INFO:colcon.colcon_core.shell:Creating package script '/home/alberto/Documents/kia_gd_ws/install/simple_ur10e_moveit_config/share/simple_ur10e_moveit_config/package.ps1'
[1.891s] INFO:colcon.colcon_core.shell:Creating package descriptor '/home/alberto/Documents/kia_gd_ws/install/simple_ur10e_moveit_config/share/simple_ur10e_moveit_config/package.dsv'
[1.895s] INFO:colcon.colcon_core.shell:Creating package script '/home/alberto/Documents/kia_gd_ws/install/simple_ur10e_moveit_config/share/simple_ur10e_moveit_config/package.sh'
[1.897s] INFO:colcon.colcon_core.shell:Creating package script '/home/alberto/Documents/kia_gd_ws/install/simple_ur10e_moveit_config/share/simple_ur10e_moveit_config/package.bash'
[1.899s] INFO:colcon.colcon_core.shell:Creating package script '/home/alberto/Documents/kia_gd_ws/install/simple_ur10e_moveit_config/share/simple_ur10e_moveit_config/package.zsh'
[1.901s] Level 1:colcon.colcon_core.environment:create_file_with_runtime_dependencies(/home/alberto/Documents/kia_gd_ws/install/simple_ur10e_moveit_config/share/colcon-core/packages/simple_ur10e_moveit_config)
[2.114s] Level 1:colcon.colcon_core.environment:create_environment_scripts_only(ur_ros_rtde_msgs)
[2.114s] Level 1:colcon.colcon_core.environment:checking '/home/alberto/Documents/kia_gd_ws/install/ur_ros_rtde_msgs' for CMake module files
[2.115s] Level 1:colcon.colcon_core.environment:checking '/home/alberto/Documents/kia_gd_ws/install/ur_ros_rtde_msgs' for CMake config files
[2.117s] DEBUG:colcon.colcon_core.event_handler.log_command:Invoked command in '/home/alberto/Documents/kia_gd_ws/build/ur_ros_rtde_msgs' returned '0': CMAKE_PREFIX_PATH=/home/alberto/Documents/kia_gd_ws/install/ur_ros_rtde_tutorials:/home/alberto/Documents/kia_gd_ws/install/ur_ros_rtde:/home/alberto/Documents/kia_gd_ws/install/ur_ros_rtde_simple_clients:/home/alberto/Documents/kia_gd_ws/install/ur_ros_rtde_gripper_commands:/home/alberto/Documents/kia_gd_ws/install/ur_ros_rtde_msgs:/home/alberto/Documents/kia_gd_ws/install/ur:/home/alberto/Documents/kia_gd_ws/install/ur_calibration:/home/alberto/Documents/kia_gd_ws/install/ur_robot_driver:/home/alberto/Documents/kia_gd_ws/install/ur_moveit_config:/home/alberto/Documents/kia_gd_ws/install/ur_bringup:/home/alberto/Documents/kia_gd_ws/install/ur_controllers:/home/alberto/Documents/kia_gd_ws/install/ur_dashboard_msgs:/home/alberto/Documents/kia_gd_ws/install/simple_ur10e_moveit_config:/home/alberto/Documents/kia_gd_ws/install/simple_ur10e_description:/home/alberto/Documents/kia_gd_ws/install/kia_gd:/home/alberto/Documents/sub_alberto/install/uuv_visualization:/home/alberto/Documents/sub_alberto/install/uuv_vision:/home/alberto/Documents/sub_alberto/install/uuv_navigation:/home/alberto/Documents/sub_alberto/install/uuv_mission:/home/alberto/Documents/sub_alberto/install/uuv_master:/home/alberto/Documents/sub_alberto/install/uuv_control:/home/alberto/install/vectornav:/home/alberto/install/vectornav_msgs:/home/alberto/install/uuv_teleop:/home/alberto/install/uuv_description:/home/alberto/install/sub:/home/alberto/install/pid:/home/alberto/Documents/kia_gd_ws/install/ros_tcp_endpoint:/home/alberto/ros2_ws/install/docker_test:/opt/ros/humble:/home/alberto/install/catkin:/home/alberto/ros2_ws/install/sub:/home/alberto/ros2_ws/install/pid:/home/alberto/ros2_ws/install/catkin:/home/alberto/uuv/install/uuv /usr/bin/cmake --install /home/alberto/Documents/kia_gd_ws/build/ur_ros_rtde_msgs
[2.126s] Level 1:colcon.colcon_core.shell:create_environment_hook('ur_ros_rtde_msgs', 'cmake_prefix_path')
[2.127s] INFO:colcon.colcon_core.shell:Creating environment hook '/home/alberto/Documents/kia_gd_ws/install/ur_ros_rtde_msgs/share/ur_ros_rtde_msgs/hook/cmake_prefix_path.ps1'
[2.127s] INFO:colcon.colcon_core.shell:Creating environment descriptor '/home/alberto/Documents/kia_gd_ws/install/ur_ros_rtde_msgs/share/ur_ros_rtde_msgs/hook/cmake_prefix_path.dsv'
[2.128s] INFO:colcon.colcon_core.shell:Creating environment hook '/home/alberto/Documents/kia_gd_ws/install/ur_ros_rtde_msgs/share/ur_ros_rtde_msgs/hook/cmake_prefix_path.sh'
[2.129s] Level 1:colcon.colcon_core.environment:checking '/home/alberto/Documents/kia_gd_ws/install/ur_ros_rtde_msgs/lib'
[2.129s] Level 1:colcon.colcon_core.shell:create_environment_hook('ur_ros_rtde_msgs', 'ld_library_path_lib')
[2.130s] INFO:colcon.colcon_core.shell:Creating environment hook '/home/alberto/Documents/kia_gd_ws/install/ur_ros_rtde_msgs/share/ur_ros_rtde_msgs/hook/ld_library_path_lib.ps1'
[2.130s] INFO:colcon.colcon_core.shell:Creating environment descriptor '/home/alberto/Documents/kia_gd_ws/install/ur_ros_rtde_msgs/share/ur_ros_rtde_msgs/hook/ld_library_path_lib.dsv'
[2.131s] INFO:colcon.colcon_core.shell:Creating environment hook '/home/alberto/Documents/kia_gd_ws/install/ur_ros_rtde_msgs/share/ur_ros_rtde_msgs/hook/ld_library_path_lib.sh'
[2.131s] Level 1:colcon.colcon_core.environment:checking '/home/alberto/Documents/kia_gd_ws/install/ur_ros_rtde_msgs/bin'
[2.131s] Level 1:colcon.colcon_core.environment:checking '/home/alberto/Documents/kia_gd_ws/install/ur_ros_rtde_msgs/lib/pkgconfig/ur_ros_rtde_msgs.pc'
[2.132s] Level 1:colcon.colcon_core.environment:checking '/home/alberto/Documents/kia_gd_ws/install/ur_ros_rtde_msgs/lib/python3.10/site-packages'
[2.132s] Level 1:colcon.colcon_core.environment:checking '/home/alberto/Documents/kia_gd_ws/install/ur_ros_rtde_msgs/bin'
[2.133s] INFO:colcon.colcon_core.shell:Creating package script '/home/alberto/Documents/kia_gd_ws/install/ur_ros_rtde_msgs/share/ur_ros_rtde_msgs/package.ps1'
[2.134s] INFO:colcon.colcon_core.shell:Creating package descriptor '/home/alberto/Documents/kia_gd_ws/install/ur_ros_rtde_msgs/share/ur_ros_rtde_msgs/package.dsv'
[2.135s] INFO:colcon.colcon_core.shell:Creating package script '/home/alberto/Documents/kia_gd_ws/install/ur_ros_rtde_msgs/share/ur_ros_rtde_msgs/package.sh'
[2.135s] INFO:colcon.colcon_core.shell:Creating package script '/home/alberto/Documents/kia_gd_ws/install/ur_ros_rtde_msgs/share/ur_ros_rtde_msgs/package.bash'
[2.136s] INFO:colcon.colcon_core.shell:Creating package script '/home/alberto/Documents/kia_gd_ws/install/ur_ros_rtde_msgs/share/ur_ros_rtde_msgs/package.zsh'
[2.136s] Level 1:colcon.colcon_core.environment:create_file_with_runtime_dependencies(/home/alberto/Documents/kia_gd_ws/install/ur_ros_rtde_msgs/share/colcon-core/packages/ur_ros_rtde_msgs)
[2.137s] Level 1:colcon.colcon_core.environment:create_environment_scripts_only(ur_ros_rtde_msgs)
[2.138s] Level 1:colcon.colcon_core.environment:checking '/home/alberto/Documents/kia_gd_ws/install/ur_ros_rtde_msgs' for CMake module files
[2.139s] Level 1:colcon.colcon_core.environment:checking '/home/alberto/Documents/kia_gd_ws/install/ur_ros_rtde_msgs' for CMake config files
[2.148s] Level 1:colcon.colcon_core.shell:create_environment_hook('ur_ros_rtde_msgs', 'cmake_prefix_path')
[2.149s] INFO:colcon.colcon_core.shell:Creating environment hook '/home/alberto/Documents/kia_gd_ws/install/ur_ros_rtde_msgs/share/ur_ros_rtde_msgs/hook/cmake_prefix_path.ps1'
[2.150s] INFO:colcon.colcon_core.shell:Creating environment descriptor '/home/alberto/Documents/kia_gd_ws/install/ur_ros_rtde_msgs/share/ur_ros_rtde_msgs/hook/cmake_prefix_path.dsv'
[2.150s] INFO:colcon.colcon_core.shell:Creating environment hook '/home/alberto/Documents/kia_gd_ws/install/ur_ros_rtde_msgs/share/ur_ros_rtde_msgs/hook/cmake_prefix_path.sh'
[2.151s] Level 1:colcon.colcon_core.environment:checking '/home/alberto/Documents/kia_gd_ws/install/ur_ros_rtde_msgs/lib'
[2.151s] Level 1:colcon.colcon_core.shell:create_environment_hook('ur_ros_rtde_msgs', 'ld_library_path_lib')
[2.152s] INFO:colcon.colcon_core.shell:Creating environment hook '/home/alberto/Documents/kia_gd_ws/install/ur_ros_rtde_msgs/share/ur_ros_rtde_msgs/hook/ld_library_path_lib.ps1'
[2.152s] INFO:colcon.colcon_core.shell:Creating environment descriptor '/home/alberto/Documents/kia_gd_ws/install/ur_ros_rtde_msgs/share/ur_ros_rtde_msgs/hook/ld_library_path_lib.dsv'
[2.153s] INFO:colcon.colcon_core.shell:Creating environment hook '/home/alberto/Documents/kia_gd_ws/install/ur_ros_rtde_msgs/share/ur_ros_rtde_msgs/hook/ld_library_path_lib.sh'
[2.153s] Level 1:colcon.colcon_core.environment:checking '/home/alberto/Documents/kia_gd_ws/install/ur_ros_rtde_msgs/bin'
[2.153s] Level 1:colcon.colcon_core.environment:checking '/home/alberto/Documents/kia_gd_ws/install/ur_ros_rtde_msgs/lib/pkgconfig/ur_ros_rtde_msgs.pc'
[2.154s] Level 1:colcon.colcon_core.environment:checking '/home/alberto/Documents/kia_gd_ws/install/ur_ros_rtde_msgs/lib/python3.10/site-packages'
[2.154s] Level 1:colcon.colcon_core.environment:checking '/home/alberto/Documents/kia_gd_ws/install/ur_ros_rtde_msgs/bin'
[2.155s] INFO:colcon.colcon_core.shell:Creating package script '/home/alberto/Documents/kia_gd_ws/install/ur_ros_rtde_msgs/share/ur_ros_rtde_msgs/package.ps1'
[2.156s] INFO:colcon.colcon_core.shell:Creating package descriptor '/home/alberto/Documents/kia_gd_ws/install/ur_ros_rtde_msgs/share/ur_ros_rtde_msgs/package.dsv'
[2.157s] INFO:colcon.colcon_core.shell:Creating package script '/home/alberto/Documents/kia_gd_ws/install/ur_ros_rtde_msgs/share/ur_ros_rtde_msgs/package.sh'
[2.158s] INFO:colcon.colcon_core.shell:Creating package script '/home/alberto/Documents/kia_gd_ws/install/ur_ros_rtde_msgs/share/ur_ros_rtde_msgs/package.bash'
[2.159s] INFO:colcon.colcon_core.shell:Creating package script '/home/alberto/Documents/kia_gd_ws/install/ur_ros_rtde_msgs/share/ur_ros_rtde_msgs/package.zsh'
[2.159s] Level 1:colcon.colcon_core.environment:create_file_with_runtime_dependencies(/home/alberto/Documents/kia_gd_ws/install/ur_ros_rtde_msgs/share/colcon-core/packages/ur_ros_rtde_msgs)
[2.160s] INFO:colcon.colcon_ros.task.ament_cmake.build:Building ROS package in '/home/alberto/Documents/kia_gd_ws/src/ur_ros_rtde/ur_ros_rtde' with build type 'ament_cmake'
[2.161s] INFO:colcon.colcon_cmake.task.cmake.build:Building CMake package in '/home/alberto/Documents/kia_gd_ws/src/ur_ros_rtde/ur_ros_rtde'
[2.161s] INFO:colcon.colcon_core.shell:Skip shell extension 'powershell' for command environment: Not usable outside of PowerShell
[2.161s] DEBUG:colcon.colcon_core.shell:Skip shell extension 'dsv' for command environment
[2.192s] DEBUG:colcon.colcon_core.event_handler.log_command:Invoking command in '/home/alberto/Documents/kia_gd_ws/build/ur_ros_rtde': CMAKE_PREFIX_PATH=/home/alberto/Documents/kia_gd_ws/install/ur_ros_rtde_simple_clients:/home/alberto/Documents/kia_gd_ws/install/ur_ros_rtde_msgs:/home/alberto/Documents/kia_gd_ws/install/ur_ros_rtde_tutorials:/home/alberto/Documents/kia_gd_ws/install/ur_ros_rtde:/home/alberto/Documents/kia_gd_ws/install/ur_ros_rtde_gripper_commands:/home/alberto/Documents/kia_gd_ws/install/ur:/home/alberto/Documents/kia_gd_ws/install/ur_calibration:/home/alberto/Documents/kia_gd_ws/install/ur_robot_driver:/home/alberto/Documents/kia_gd_ws/install/ur_moveit_config:/home/alberto/Documents/kia_gd_ws/install/ur_bringup:/home/alberto/Documents/kia_gd_ws/install/ur_controllers:/home/alberto/Documents/kia_gd_ws/install/ur_dashboard_msgs:/home/alberto/Documents/kia_gd_ws/install/simple_ur10e_moveit_config:/home/alberto/Documents/kia_gd_ws/install/simple_ur10e_description:/home/alberto/Documents/kia_gd_ws/install/kia_gd:/home/alberto/Documents/sub_alberto/install/uuv_visualization:/home/alberto/Documents/sub_alberto/install/uuv_vision:/home/alberto/Documents/sub_alberto/install/uuv_navigation:/home/alberto/Documents/sub_alberto/install/uuv_mission:/home/alberto/Documents/sub_alberto/install/uuv_master:/home/alberto/Documents/sub_alberto/install/uuv_control:/home/alberto/install/vectornav:/home/alberto/install/vectornav_msgs:/home/alberto/install/uuv_teleop:/home/alberto/install/uuv_description:/home/alberto/install/sub:/home/alberto/install/pid:/home/alberto/Documents/kia_gd_ws/install/ros_tcp_endpoint:/home/alberto/ros2_ws/install/docker_test:/opt/ros/humble:/home/alberto/install/catkin:/home/alberto/ros2_ws/install/sub:/home/alberto/ros2_ws/install/pid:/home/alberto/ros2_ws/install/catkin:/home/alberto/uuv/install/uuv LD_LIBRARY_PATH=/home/alberto/Documents/kia_gd_ws/install/ur_ros_rtde_msgs/lib:/home/alberto/Documents/kia_gd_ws/install/ur_ros_rtde_tutorials/lib:/home/alberto/Documents/kia_gd_ws/install/ur_ros_rtde/lib:/home/alberto/Documents/kia_gd_ws/install/ur_ros_rtde_gripper_commands/lib:/home/alberto/Documents/kia_gd_ws/install/ur_robot_driver/lib:/home/alberto/Documents/kia_gd_ws/install/ur_controllers/lib:/home/alberto/Documents/kia_gd_ws/install/ur_dashboard_msgs/lib:/home/alberto/install/vectornav/lib:/home/alberto/install/vectornav_msgs/lib:/opt/ros/humble/opt/rviz_ogre_vendor/lib:/opt/ros/humble/lib/x86_64-linux-gnu:/opt/ros/humble/lib /usr/bin/cmake --build /home/alberto/Documents/kia_gd_ws/build/ur_ros_rtde -- -j8 -l8
[2.562s] DEBUG:colcon.colcon_core.event_handler.log_command:Invoked command in '/home/alberto/Documents/kia_gd_ws/build/ur_ros_rtde' returned '0': CMAKE_PREFIX_PATH=/home/alberto/Documents/kia_gd_ws/install/ur_ros_rtde_simple_clients:/home/alberto/Documents/kia_gd_ws/install/ur_ros_rtde_msgs:/home/alberto/Documents/kia_gd_ws/install/ur_ros_rtde_tutorials:/home/alberto/Documents/kia_gd_ws/install/ur_ros_rtde:/home/alberto/Documents/kia_gd_ws/install/ur_ros_rtde_gripper_commands:/home/alberto/Documents/kia_gd_ws/install/ur:/home/alberto/Documents/kia_gd_ws/install/ur_calibration:/home/alberto/Documents/kia_gd_ws/install/ur_robot_driver:/home/alberto/Documents/kia_gd_ws/install/ur_moveit_config:/home/alberto/Documents/kia_gd_ws/install/ur_bringup:/home/alberto/Documents/kia_gd_ws/install/ur_controllers:/home/alberto/Documents/kia_gd_ws/install/ur_dashboard_msgs:/home/alberto/Documents/kia_gd_ws/install/simple_ur10e_moveit_config:/home/alberto/Documents/kia_gd_ws/install/simple_ur10e_description:/home/alberto/Documents/kia_gd_ws/install/kia_gd:/home/alberto/Documents/sub_alberto/install/uuv_visualization:/home/alberto/Documents/sub_alberto/install/uuv_vision:/home/alberto/Documents/sub_alberto/install/uuv_navigation:/home/alberto/Documents/sub_alberto/install/uuv_mission:/home/alberto/Documents/sub_alberto/install/uuv_master:/home/alberto/Documents/sub_alberto/install/uuv_control:/home/alberto/install/vectornav:/home/alberto/install/vectornav_msgs:/home/alberto/install/uuv_teleop:/home/alberto/install/uuv_description:/home/alberto/install/sub:/home/alberto/install/pid:/home/alberto/Documents/kia_gd_ws/install/ros_tcp_endpoint:/home/alberto/ros2_ws/install/docker_test:/opt/ros/humble:/home/alberto/install/catkin:/home/alberto/ros2_ws/install/sub:/home/alberto/ros2_ws/install/pid:/home/alberto/ros2_ws/install/catkin:/home/alberto/uuv/install/uuv LD_LIBRARY_PATH=/home/alberto/Documents/kia_gd_ws/install/ur_ros_rtde_msgs/lib:/home/alberto/Documents/kia_gd_ws/install/ur_ros_rtde_tutorials/lib:/home/alberto/Documents/kia_gd_ws/install/ur_ros_rtde/lib:/home/alberto/Documents/kia_gd_ws/install/ur_ros_rtde_gripper_commands/lib:/home/alberto/Documents/kia_gd_ws/install/ur_robot_driver/lib:/home/alberto/Documents/kia_gd_ws/install/ur_controllers/lib:/home/alberto/Documents/kia_gd_ws/install/ur_dashboard_msgs/lib:/home/alberto/install/vectornav/lib:/home/alberto/install/vectornav_msgs/lib:/opt/ros/humble/opt/rviz_ogre_vendor/lib:/opt/ros/humble/lib/x86_64-linux-gnu:/opt/ros/humble/lib /usr/bin/cmake --build /home/alberto/Documents/kia_gd_ws/build/ur_ros_rtde -- -j8 -l8
[2.565s] DEBUG:colcon.colcon_core.event_handler.log_command:Invoking command in '/home/alberto/Documents/kia_gd_ws/build/ur_ros_rtde': CMAKE_PREFIX_PATH=/home/alberto/Documents/kia_gd_ws/install/ur_ros_rtde_simple_clients:/home/alberto/Documents/kia_gd_ws/install/ur_ros_rtde_msgs:/home/alberto/Documents/kia_gd_ws/install/ur_ros_rtde_tutorials:/home/alberto/Documents/kia_gd_ws/install/ur_ros_rtde:/home/alberto/Documents/kia_gd_ws/install/ur_ros_rtde_gripper_commands:/home/alberto/Documents/kia_gd_ws/install/ur:/home/alberto/Documents/kia_gd_ws/install/ur_calibration:/home/alberto/Documents/kia_gd_ws/install/ur_robot_driver:/home/alberto/Documents/kia_gd_ws/install/ur_moveit_config:/home/alberto/Documents/kia_gd_ws/install/ur_bringup:/home/alberto/Documents/kia_gd_ws/install/ur_controllers:/home/alberto/Documents/kia_gd_ws/install/ur_dashboard_msgs:/home/alberto/Documents/kia_gd_ws/install/simple_ur10e_moveit_config:/home/alberto/Documents/kia_gd_ws/install/simple_ur10e_description:/home/alberto/Documents/kia_gd_ws/install/kia_gd:/home/alberto/Documents/sub_alberto/install/uuv_visualization:/home/alberto/Documents/sub_alberto/install/uuv_vision:/home/alberto/Documents/sub_alberto/install/uuv_navigation:/home/alberto/Documents/sub_alberto/install/uuv_mission:/home/alberto/Documents/sub_alberto/install/uuv_master:/home/alberto/Documents/sub_alberto/install/uuv_control:/home/alberto/install/vectornav:/home/alberto/install/vectornav_msgs:/home/alberto/install/uuv_teleop:/home/alberto/install/uuv_description:/home/alberto/install/sub:/home/alberto/install/pid:/home/alberto/Documents/kia_gd_ws/install/ros_tcp_endpoint:/home/alberto/ros2_ws/install/docker_test:/opt/ros/humble:/home/alberto/install/catkin:/home/alberto/ros2_ws/install/sub:/home/alberto/ros2_ws/install/pid:/home/alberto/ros2_ws/install/catkin:/home/alberto/uuv/install/uuv LD_LIBRARY_PATH=/home/alberto/Documents/kia_gd_ws/install/ur_ros_rtde_msgs/lib:/home/alberto/Documents/kia_gd_ws/install/ur_ros_rtde_tutorials/lib:/home/alberto/Documents/kia_gd_ws/install/ur_ros_rtde/lib:/home/alberto/Documents/kia_gd_ws/install/ur_ros_rtde_gripper_commands/lib:/home/alberto/Documents/kia_gd_ws/install/ur_robot_driver/lib:/home/alberto/Documents/kia_gd_ws/install/ur_controllers/lib:/home/alberto/Documents/kia_gd_ws/install/ur_dashboard_msgs/lib:/home/alberto/install/vectornav/lib:/home/alberto/install/vectornav_msgs/lib:/opt/ros/humble/opt/rviz_ogre_vendor/lib:/opt/ros/humble/lib/x86_64-linux-gnu:/opt/ros/humble/lib /usr/bin/cmake --install /home/alberto/Documents/kia_gd_ws/build/ur_ros_rtde
[2.581s] DEBUG:colcon.colcon_core.event_handler.log_command:Invoking command in '/home/alberto/Documents/kia_gd_ws/src/ROS-TCP-Endpoint': PYTHONPATH=/home/alberto/Documents/kia_gd_ws/build/ros_tcp_endpoint/prefix_override:/usr/lib/python3/dist-packages/colcon_core/task/python/colcon_distutils_commands:/home/alberto/Documents/kia_gd_ws/install/ros_tcp_endpoint/lib/python3.10/site-packages:${PYTHONPATH} /usr/bin/python3 -W ignore:setup.py install is deprecated -W ignore:easy_install command is deprecated setup.py egg_info --egg-base ../../build/ros_tcp_endpoint build --build-base /home/alberto/Documents/kia_gd_ws/build/ros_tcp_endpoint/build install --record /home/alberto/Documents/kia_gd_ws/build/ros_tcp_endpoint/install.log --install-scripts $base/lib/ros_tcp_endpoint --single-version-externally-managed install_data
[2.616s] Level 1:colcon.colcon_core.environment:create_environment_scripts_only(ur_ros_rtde)
[2.617s] Level 1:colcon.colcon_core.environment:checking '/home/alberto/Documents/kia_gd_ws/install/ur_ros_rtde' for CMake module files
[2.618s] Level 1:colcon.colcon_core.environment:checking '/home/alberto/Documents/kia_gd_ws/install/ur_ros_rtde' for CMake config files
[2.620s] DEBUG:colcon.colcon_core.event_handler.log_command:Invoked command in '/home/alberto/Documents/kia_gd_ws/build/ur_ros_rtde' returned '0': CMAKE_PREFIX_PATH=/home/alberto/Documents/kia_gd_ws/install/ur_ros_rtde_simple_clients:/home/alberto/Documents/kia_gd_ws/install/ur_ros_rtde_msgs:/home/alberto/Documents/kia_gd_ws/install/ur_ros_rtde_tutorials:/home/alberto/Documents/kia_gd_ws/install/ur_ros_rtde:/home/alberto/Documents/kia_gd_ws/install/ur_ros_rtde_gripper_commands:/home/alberto/Documents/kia_gd_ws/install/ur:/home/alberto/Documents/kia_gd_ws/install/ur_calibration:/home/alberto/Documents/kia_gd_ws/install/ur_robot_driver:/home/alberto/Documents/kia_gd_ws/install/ur_moveit_config:/home/alberto/Documents/kia_gd_ws/install/ur_bringup:/home/alberto/Documents/kia_gd_ws/install/ur_controllers:/home/alberto/Documents/kia_gd_ws/install/ur_dashboard_msgs:/home/alberto/Documents/kia_gd_ws/install/simple_ur10e_moveit_config:/home/alberto/Documents/kia_gd_ws/install/simple_ur10e_description:/home/alberto/Documents/kia_gd_ws/install/kia_gd:/home/alberto/Documents/sub_alberto/install/uuv_visualization:/home/alberto/Documents/sub_alberto/install/uuv_vision:/home/alberto/Documents/sub_alberto/install/uuv_navigation:/home/alberto/Documents/sub_alberto/install/uuv_mission:/home/alberto/Documents/sub_alberto/install/uuv_master:/home/alberto/Documents/sub_alberto/install/uuv_control:/home/alberto/install/vectornav:/home/alberto/install/vectornav_msgs:/home/alberto/install/uuv_teleop:/home/alberto/install/uuv_description:/home/alberto/install/sub:/home/alberto/install/pid:/home/alberto/Documents/kia_gd_ws/install/ros_tcp_endpoint:/home/alberto/ros2_ws/install/docker_test:/opt/ros/humble:/home/alberto/install/catkin:/home/alberto/ros2_ws/install/sub:/home/alberto/ros2_ws/install/pid:/home/alberto/ros2_ws/install/catkin:/home/alberto/uuv/install/uuv LD_LIBRARY_PATH=/home/alberto/Documents/kia_gd_ws/install/ur_ros_rtde_msgs/lib:/home/alberto/Documents/kia_gd_ws/install/ur_ros_rtde_tutorials/lib:/home/alberto/Documents/kia_gd_ws/install/ur_ros_rtde/lib:/home/alberto/Documents/kia_gd_ws/install/ur_ros_rtde_gripper_commands/lib:/home/alberto/Documents/kia_gd_ws/install/ur_robot_driver/lib:/home/alberto/Documents/kia_gd_ws/install/ur_controllers/lib:/home/alberto/Documents/kia_gd_ws/install/ur_dashboard_msgs/lib:/home/alberto/install/vectornav/lib:/home/alberto/install/vectornav_msgs/lib:/opt/ros/humble/opt/rviz_ogre_vendor/lib:/opt/ros/humble/lib/x86_64-linux-gnu:/opt/ros/humble/lib /usr/bin/cmake --install /home/alberto/Documents/kia_gd_ws/build/ur_ros_rtde
[2.620s] Level 1:colcon.colcon_core.shell:create_environment_hook('ur_ros_rtde', 'cmake_prefix_path')
[2.621s] INFO:colcon.colcon_core.shell:Creating environment hook '/home/alberto/Documents/kia_gd_ws/install/ur_ros_rtde/share/ur_ros_rtde/hook/cmake_prefix_path.ps1'
[2.621s] INFO:colcon.colcon_core.shell:Creating environment descriptor '/home/alberto/Documents/kia_gd_ws/install/ur_ros_rtde/share/ur_ros_rtde/hook/cmake_prefix_path.dsv'
[2.622s] INFO:colcon.colcon_core.shell:Creating environment hook '/home/alberto/Documents/kia_gd_ws/install/ur_ros_rtde/share/ur_ros_rtde/hook/cmake_prefix_path.sh'
[2.623s] Level 1:colcon.colcon_core.environment:checking '/home/alberto/Documents/kia_gd_ws/install/ur_ros_rtde/lib'
[2.623s] Level 1:colcon.colcon_core.shell:create_environment_hook('ur_ros_rtde', 'ld_library_path_lib')
[2.623s] INFO:colcon.colcon_core.shell:Creating environment hook '/home/alberto/Documents/kia_gd_ws/install/ur_ros_rtde/share/ur_ros_rtde/hook/ld_library_path_lib.ps1'
[2.624s] INFO:colcon.colcon_core.shell:Creating environment descriptor '/home/alberto/Documents/kia_gd_ws/install/ur_ros_rtde/share/ur_ros_rtde/hook/ld_library_path_lib.dsv'
[2.624s] INFO:colcon.colcon_core.shell:Creating environment hook '/home/alberto/Documents/kia_gd_ws/install/ur_ros_rtde/share/ur_ros_rtde/hook/ld_library_path_lib.sh'
[2.625s] Level 1:colcon.colcon_core.environment:checking '/home/alberto/Documents/kia_gd_ws/install/ur_ros_rtde/bin'
[2.625s] Level 1:colcon.colcon_core.environment:checking '/home/alberto/Documents/kia_gd_ws/install/ur_ros_rtde/lib/pkgconfig/ur_ros_rtde.pc'
[2.625s] Level 1:colcon.colcon_core.environment:checking '/home/alberto/Documents/kia_gd_ws/install/ur_ros_rtde/lib/python3.10/site-packages'
[2.626s] Level 1:colcon.colcon_core.environment:checking '/home/alberto/Documents/kia_gd_ws/install/ur_ros_rtde/bin'
[2.627s] INFO:colcon.colcon_core.shell:Creating package script '/home/alberto/Documents/kia_gd_ws/install/ur_ros_rtde/share/ur_ros_rtde/package.ps1'
[2.627s] INFO:colcon.colcon_core.shell:Creating package descriptor '/home/alberto/Documents/kia_gd_ws/install/ur_ros_rtde/share/ur_ros_rtde/package.dsv'
[2.628s] INFO:colcon.colcon_core.shell:Creating package script '/home/alberto/Documents/kia_gd_ws/install/ur_ros_rtde/share/ur_ros_rtde/package.sh'
[2.629s] INFO:colcon.colcon_core.shell:Creating package script '/home/alberto/Documents/kia_gd_ws/install/ur_ros_rtde/share/ur_ros_rtde/package.bash'
[2.629s] INFO:colcon.colcon_core.shell:Creating package script '/home/alberto/Documents/kia_gd_ws/install/ur_ros_rtde/share/ur_ros_rtde/package.zsh'
[2.630s] Level 1:colcon.colcon_core.environment:create_file_with_runtime_dependencies(/home/alberto/Documents/kia_gd_ws/install/ur_ros_rtde/share/colcon-core/packages/ur_ros_rtde)
[2.631s] Level 1:colcon.colcon_core.environment:create_environment_scripts_only(ur_ros_rtde)
[2.631s] Level 1:colcon.colcon_core.environment:checking '/home/alberto/Documents/kia_gd_ws/install/ur_ros_rtde' for CMake module files
[2.632s] Level 1:colcon.colcon_core.environment:checking '/home/alberto/Documents/kia_gd_ws/install/ur_ros_rtde' for CMake config files
[2.633s] Level 1:colcon.colcon_core.shell:create_environment_hook('ur_ros_rtde', 'cmake_prefix_path')
[2.633s] INFO:colcon.colcon_core.shell:Creating environment hook '/home/alberto/Documents/kia_gd_ws/install/ur_ros_rtde/share/ur_ros_rtde/hook/cmake_prefix_path.ps1'
[2.634s] INFO:colcon.colcon_core.shell:Creating environment descriptor '/home/alberto/Documents/kia_gd_ws/install/ur_ros_rtde/share/ur_ros_rtde/hook/cmake_prefix_path.dsv'
[2.634s] INFO:colcon.colcon_core.shell:Creating environment hook '/home/alberto/Documents/kia_gd_ws/install/ur_ros_rtde/share/ur_ros_rtde/hook/cmake_prefix_path.sh'
[2.636s] Level 1:colcon.colcon_core.environment:checking '/home/alberto/Documents/kia_gd_ws/install/ur_ros_rtde/lib'
[2.636s] Level 1:colcon.colcon_core.shell:create_environment_hook('ur_ros_rtde', 'ld_library_path_lib')
[2.636s] INFO:colcon.colcon_core.shell:Creating environment hook '/home/alberto/Documents/kia_gd_ws/install/ur_ros_rtde/share/ur_ros_rtde/hook/ld_library_path_lib.ps1'
[2.637s] INFO:colcon.colcon_core.shell:Creating environment descriptor '/home/alberto/Documents/kia_gd_ws/install/ur_ros_rtde/share/ur_ros_rtde/hook/ld_library_path_lib.dsv'
[2.638s] INFO:colcon.colcon_core.shell:Creating environment hook '/home/alberto/Documents/kia_gd_ws/install/ur_ros_rtde/share/ur_ros_rtde/hook/ld_library_path_lib.sh'
[2.638s] Level 1:colcon.colcon_core.environment:checking '/home/alberto/Documents/kia_gd_ws/install/ur_ros_rtde/bin'
[2.638s] Level 1:colcon.colcon_core.environment:checking '/home/alberto/Documents/kia_gd_ws/install/ur_ros_rtde/lib/pkgconfig/ur_ros_rtde.pc'
[2.639s] Level 1:colcon.colcon_core.environment:checking '/home/alberto/Documents/kia_gd_ws/install/ur_ros_rtde/lib/python3.10/site-packages'
[2.639s] Level 1:colcon.colcon_core.environment:checking '/home/alberto/Documents/kia_gd_ws/install/ur_ros_rtde/bin'
[2.640s] INFO:colcon.colcon_core.shell:Creating package script '/home/alberto/Documents/kia_gd_ws/install/ur_ros_rtde/share/ur_ros_rtde/package.ps1'
[2.641s] INFO:colcon.colcon_core.shell:Creating package descriptor '/home/alberto/Documents/kia_gd_ws/install/ur_ros_rtde/share/ur_ros_rtde/package.dsv'
[2.641s] INFO:colcon.colcon_core.shell:Creating package script '/home/alberto/Documents/kia_gd_ws/install/ur_ros_rtde/share/ur_ros_rtde/package.sh'
[2.642s] INFO:colcon.colcon_core.shell:Creating package script '/home/alberto/Documents/kia_gd_ws/install/ur_ros_rtde/share/ur_ros_rtde/package.bash'
[2.643s] INFO:colcon.colcon_core.shell:Creating package script '/home/alberto/Documents/kia_gd_ws/install/ur_ros_rtde/share/ur_ros_rtde/package.zsh'
[2.643s] Level 1:colcon.colcon_core.environment:create_file_with_runtime_dependencies(/home/alberto/Documents/kia_gd_ws/install/ur_ros_rtde/share/colcon-core/packages/ur_ros_rtde)
[2.644s] INFO:colcon.colcon_ros.task.ament_cmake.build:Building ROS package in '/home/alberto/Documents/kia_gd_ws/src/ur_ros_rtde/ur_ros_rtde_gripper_commands' with build type 'ament_cmake'
[2.644s] INFO:colcon.colcon_cmake.task.cmake.build:Building CMake package in '/home/alberto/Documents/kia_gd_ws/src/ur_ros_rtde/ur_ros_rtde_gripper_commands'
[2.645s] INFO:colcon.colcon_core.shell:Skip shell extension 'powershell' for command environment: Not usable outside of PowerShell
[2.645s] DEBUG:colcon.colcon_core.shell:Skip shell extension 'dsv' for command environment
[2.657s] INFO:colcon.colcon_ros.task.ament_cmake.build:Building ROS package in '/home/alberto/Documents/kia_gd_ws/src/ur_ros_rtde/ur_ros_rtde_tutorials' with build type 'ament_cmake'
[2.658s] INFO:colcon.colcon_cmake.task.cmake.build:Building CMake package in '/home/alberto/Documents/kia_gd_ws/src/ur_ros_rtde/ur_ros_rtde_tutorials'
[2.658s] INFO:colcon.colcon_core.shell:Skip shell extension 'powershell' for command environment: Not usable outside of PowerShell
[2.658s] DEBUG:colcon.colcon_core.shell:Skip shell extension 'dsv' for command environment
[2.691s] DEBUG:colcon.colcon_core.event_handler.log_command:Invoking command in '/home/alberto/Documents/kia_gd_ws/build/ur_ros_rtde_gripper_commands': CMAKE_PREFIX_PATH=/home/alberto/Documents/kia_gd_ws/install/ur_ros_rtde:/home/alberto/Documents/kia_gd_ws/install/ur_ros_rtde_simple_clients:/home/alberto/Documents/kia_gd_ws/install/ur_ros_rtde_msgs:/home/alberto/Documents/kia_gd_ws/install/ur_ros_rtde_tutorials:/home/alberto/Documents/kia_gd_ws/install/ur_ros_rtde_gripper_commands:/home/alberto/Documents/kia_gd_ws/install/ur:/home/alberto/Documents/kia_gd_ws/install/ur_calibration:/home/alberto/Documents/kia_gd_ws/install/ur_robot_driver:/home/alberto/Documents/kia_gd_ws/install/ur_moveit_config:/home/alberto/Documents/kia_gd_ws/install/ur_bringup:/home/alberto/Documents/kia_gd_ws/install/ur_controllers:/home/alberto/Documents/kia_gd_ws/install/ur_dashboard_msgs:/home/alberto/Documents/kia_gd_ws/install/simple_ur10e_moveit_config:/home/alberto/Documents/kia_gd_ws/install/simple_ur10e_description:/home/alberto/Documents/kia_gd_ws/install/kia_gd:/home/alberto/Documents/sub_alberto/install/uuv_visualization:/home/alberto/Documents/sub_alberto/install/uuv_vision:/home/alberto/Documents/sub_alberto/install/uuv_navigation:/home/alberto/Documents/sub_alberto/install/uuv_mission:/home/alberto/Documents/sub_alberto/install/uuv_master:/home/alberto/Documents/sub_alberto/install/uuv_control:/home/alberto/install/vectornav:/home/alberto/install/vectornav_msgs:/home/alberto/install/uuv_teleop:/home/alberto/install/uuv_description:/home/alberto/install/sub:/home/alberto/install/pid:/home/alberto/Documents/kia_gd_ws/install/ros_tcp_endpoint:/home/alberto/ros2_ws/install/docker_test:/opt/ros/humble:/home/alberto/install/catkin:/home/alberto/ros2_ws/install/sub:/home/alberto/ros2_ws/install/pid:/home/alberto/ros2_ws/install/catkin:/home/alberto/uuv/install/uuv LD_LIBRARY_PATH=/home/alberto/Documents/kia_gd_ws/install/ur_ros_rtde/lib:/home/alberto/Documents/kia_gd_ws/install/ur_ros_rtde_msgs/lib:/home/alberto/Documents/kia_gd_ws/install/ur_ros_rtde_tutorials/lib:/home/alberto/Documents/kia_gd_ws/install/ur_ros_rtde_gripper_commands/lib:/home/alberto/Documents/kia_gd_ws/install/ur_robot_driver/lib:/home/alberto/Documents/kia_gd_ws/install/ur_controllers/lib:/home/alberto/Documents/kia_gd_ws/install/ur_dashboard_msgs/lib:/home/alberto/install/vectornav/lib:/home/alberto/install/vectornav_msgs/lib:/opt/ros/humble/opt/rviz_ogre_vendor/lib:/opt/ros/humble/lib/x86_64-linux-gnu:/opt/ros/humble/lib /usr/bin/cmake --build /home/alberto/Documents/kia_gd_ws/build/ur_ros_rtde_gripper_commands -- -j8 -l8
[2.704s] DEBUG:colcon.colcon_core.event_handler.log_command:Invoking command in '/home/alberto/Documents/kia_gd_ws/build/ur_ros_rtde_tutorials': CMAKE_PREFIX_PATH=/home/alberto/Documents/kia_gd_ws/install/ur_ros_rtde:/home/alberto/Documents/kia_gd_ws/install/ur_ros_rtde_simple_clients:/home/alberto/Documents/kia_gd_ws/install/ur_ros_rtde_msgs:/home/alberto/Documents/kia_gd_ws/install/ur_ros_rtde_tutorials:/home/alberto/Documents/kia_gd_ws/install/ur_ros_rtde_gripper_commands:/home/alberto/Documents/kia_gd_ws/install/ur:/home/alberto/Documents/kia_gd_ws/install/ur_calibration:/home/alberto/Documents/kia_gd_ws/install/ur_robot_driver:/home/alberto/Documents/kia_gd_ws/install/ur_moveit_config:/home/alberto/Documents/kia_gd_ws/install/ur_bringup:/home/alberto/Documents/kia_gd_ws/install/ur_controllers:/home/alberto/Documents/kia_gd_ws/install/ur_dashboard_msgs:/home/alberto/Documents/kia_gd_ws/install/simple_ur10e_moveit_config:/home/alberto/Documents/kia_gd_ws/install/simple_ur10e_description:/home/alberto/Documents/kia_gd_ws/install/kia_gd:/home/alberto/Documents/sub_alberto/install/uuv_visualization:/home/alberto/Documents/sub_alberto/install/uuv_vision:/home/alberto/Documents/sub_alberto/install/uuv_navigation:/home/alberto/Documents/sub_alberto/install/uuv_mission:/home/alberto/Documents/sub_alberto/install/uuv_master:/home/alberto/Documents/sub_alberto/install/uuv_control:/home/alberto/install/vectornav:/home/alberto/install/vectornav_msgs:/home/alberto/install/uuv_teleop:/home/alberto/install/uuv_description:/home/alberto/install/sub:/home/alberto/install/pid:/home/alberto/Documents/kia_gd_ws/install/ros_tcp_endpoint:/home/alberto/ros2_ws/install/docker_test:/opt/ros/humble:/home/alberto/install/catkin:/home/alberto/ros2_ws/install/sub:/home/alberto/ros2_ws/install/pid:/home/alberto/ros2_ws/install/catkin:/home/alberto/uuv/install/uuv LD_LIBRARY_PATH=/home/alberto/Documents/kia_gd_ws/install/ur_ros_rtde/lib:/home/alberto/Documents/kia_gd_ws/install/ur_ros_rtde_msgs/lib:/home/alberto/Documents/kia_gd_ws/install/ur_ros_rtde_tutorials/lib:/home/alberto/Documents/kia_gd_ws/install/ur_ros_rtde_gripper_commands/lib:/home/alberto/Documents/kia_gd_ws/install/ur_robot_driver/lib:/home/alberto/Documents/kia_gd_ws/install/ur_controllers/lib:/home/alberto/Documents/kia_gd_ws/install/ur_dashboard_msgs/lib:/home/alberto/install/vectornav/lib:/home/alberto/install/vectornav_msgs/lib:/opt/ros/humble/opt/rviz_ogre_vendor/lib:/opt/ros/humble/lib/x86_64-linux-gnu:/opt/ros/humble/lib /usr/bin/cmake --build /home/alberto/Documents/kia_gd_ws/build/ur_ros_rtde_tutorials -- -j8 -l8
[3.592s] Level 1:colcon.colcon_core.environment:checking '/home/alberto/Documents/kia_gd_ws/install/ros_tcp_endpoint' for CMake module files
[3.598s] DEBUG:colcon.colcon_core.event_handler.log_command:Invoked command in '/home/alberto/Documents/kia_gd_ws/src/ROS-TCP-Endpoint' returned '0': PYTHONPATH=/home/alberto/Documents/kia_gd_ws/build/ros_tcp_endpoint/prefix_override:/usr/lib/python3/dist-packages/colcon_core/task/python/colcon_distutils_commands:/home/alberto/Documents/kia_gd_ws/install/ros_tcp_endpoint/lib/python3.10/site-packages:${PYTHONPATH} /usr/bin/python3 -W ignore:setup.py install is deprecated -W ignore:easy_install command is deprecated setup.py egg_info --egg-base ../../build/ros_tcp_endpoint build --build-base /home/alberto/Documents/kia_gd_ws/build/ros_tcp_endpoint/build install --record /home/alberto/Documents/kia_gd_ws/build/ros_tcp_endpoint/install.log --install-scripts $base/lib/ros_tcp_endpoint --single-version-externally-managed install_data
[3.600s] Level 1:colcon.colcon_core.environment:checking '/home/alberto/Documents/kia_gd_ws/install/ros_tcp_endpoint' for CMake config files
[3.601s] Level 1:colcon.colcon_core.environment:checking '/home/alberto/Documents/kia_gd_ws/install/ros_tcp_endpoint/lib'
[3.601s] Level 1:colcon.colcon_core.environment:checking '/home/alberto/Documents/kia_gd_ws/install/ros_tcp_endpoint/bin'
[3.601s] Level 1:colcon.colcon_core.environment:checking '/home/alberto/Documents/kia_gd_ws/install/ros_tcp_endpoint/lib/pkgconfig/ros_tcp_endpoint.pc'
[3.604s] Level 1:colcon.colcon_core.environment:checking '/home/alberto/Documents/kia_gd_ws/install/ros_tcp_endpoint/lib/python3.10/site-packages'
[3.604s] Level 1:colcon.colcon_core.shell:create_environment_hook('ros_tcp_endpoint', 'pythonpath')
[3.606s] INFO:colcon.colcon_core.shell:Creating environment hook '/home/alberto/Documents/kia_gd_ws/install/ros_tcp_endpoint/share/ros_tcp_endpoint/hook/pythonpath.ps1'
[3.610s] INFO:colcon.colcon_core.shell:Creating environment descriptor '/home/alberto/Documents/kia_gd_ws/install/ros_tcp_endpoint/share/ros_tcp_endpoint/hook/pythonpath.dsv'
[3.614s] INFO:colcon.colcon_core.shell:Creating environment hook '/home/alberto/Documents/kia_gd_ws/install/ros_tcp_endpoint/share/ros_tcp_endpoint/hook/pythonpath.sh'
[3.616s] Level 1:colcon.colcon_core.environment:checking '/home/alberto/Documents/kia_gd_ws/install/ros_tcp_endpoint/bin'
[3.617s] Level 1:colcon.colcon_core.environment:create_environment_scripts_only(ros_tcp_endpoint)
[3.618s] INFO:colcon.colcon_core.shell:Creating package script '/home/alberto/Documents/kia_gd_ws/install/ros_tcp_endpoint/share/ros_tcp_endpoint/package.ps1'
[3.619s] INFO:colcon.colcon_core.shell:Creating package descriptor '/home/alberto/Documents/kia_gd_ws/install/ros_tcp_endpoint/share/ros_tcp_endpoint/package.dsv'
[3.622s] INFO:colcon.colcon_core.shell:Creating package script '/home/alberto/Documents/kia_gd_ws/install/ros_tcp_endpoint/share/ros_tcp_endpoint/package.sh'
[3.623s] INFO:colcon.colcon_core.shell:Creating package script '/home/alberto/Documents/kia_gd_ws/install/ros_tcp_endpoint/share/ros_tcp_endpoint/package.bash'
[3.625s] INFO:colcon.colcon_core.shell:Creating package script '/home/alberto/Documents/kia_gd_ws/install/ros_tcp_endpoint/share/ros_tcp_endpoint/package.zsh'
[3.626s] Level 1:colcon.colcon_core.environment:create_file_with_runtime_dependencies(/home/alberto/Documents/kia_gd_ws/install/ros_tcp_endpoint/share/colcon-core/packages/ros_tcp_endpoint)
[3.883s] DEBUG:colcon.colcon_core.event_handler.log_command:Invoked command in '/home/alberto/Documents/kia_gd_ws/build/ur_ros_rtde_tutorials' returned '0': CMAKE_PREFIX_PATH=/home/alberto/Documents/kia_gd_ws/install/ur_ros_rtde:/home/alberto/Documents/kia_gd_ws/install/ur_ros_rtde_simple_clients:/home/alberto/Documents/kia_gd_ws/install/ur_ros_rtde_msgs:/home/alberto/Documents/kia_gd_ws/install/ur_ros_rtde_tutorials:/home/alberto/Documents/kia_gd_ws/install/ur_ros_rtde_gripper_commands:/home/alberto/Documents/kia_gd_ws/install/ur:/home/alberto/Documents/kia_gd_ws/install/ur_calibration:/home/alberto/Documents/kia_gd_ws/install/ur_robot_driver:/home/alberto/Documents/kia_gd_ws/install/ur_moveit_config:/home/alberto/Documents/kia_gd_ws/install/ur_bringup:/home/alberto/Documents/kia_gd_ws/install/ur_controllers:/home/alberto/Documents/kia_gd_ws/install/ur_dashboard_msgs:/home/alberto/Documents/kia_gd_ws/install/simple_ur10e_moveit_config:/home/alberto/Documents/kia_gd_ws/install/simple_ur10e_description:/home/alberto/Documents/kia_gd_ws/install/kia_gd:/home/alberto/Documents/sub_alberto/install/uuv_visualization:/home/alberto/Documents/sub_alberto/install/uuv_vision:/home/alberto/Documents/sub_alberto/install/uuv_navigation:/home/alberto/Documents/sub_alberto/install/uuv_mission:/home/alberto/Documents/sub_alberto/install/uuv_master:/home/alberto/Documents/sub_alberto/install/uuv_control:/home/alberto/install/vectornav:/home/alberto/install/vectornav_msgs:/home/alberto/install/uuv_teleop:/home/alberto/install/uuv_description:/home/alberto/install/sub:/home/alberto/install/pid:/home/alberto/Documents/kia_gd_ws/install/ros_tcp_endpoint:/home/alberto/ros2_ws/install/docker_test:/opt/ros/humble:/home/alberto/install/catkin:/home/alberto/ros2_ws/install/sub:/home/alberto/ros2_ws/install/pid:/home/alberto/ros2_ws/install/catkin:/home/alberto/uuv/install/uuv LD_LIBRARY_PATH=/home/alberto/Documents/kia_gd_ws/install/ur_ros_rtde/lib:/home/alberto/Documents/kia_gd_ws/install/ur_ros_rtde_msgs/lib:/home/alberto/Documents/kia_gd_ws/install/ur_ros_rtde_tutorials/lib:/home/alberto/Documents/kia_gd_ws/install/ur_ros_rtde_gripper_commands/lib:/home/alberto/Documents/kia_gd_ws/install/ur_robot_driver/lib:/home/alberto/Documents/kia_gd_ws/install/ur_controllers/lib:/home/alberto/Documents/kia_gd_ws/install/ur_dashboard_msgs/lib:/home/alberto/install/vectornav/lib:/home/alberto/install/vectornav_msgs/lib:/opt/ros/humble/opt/rviz_ogre_vendor/lib:/opt/ros/humble/lib/x86_64-linux-gnu:/opt/ros/humble/lib /usr/bin/cmake --build /home/alberto/Documents/kia_gd_ws/build/ur_ros_rtde_tutorials -- -j8 -l8
[3.887s] DEBUG:colcon.colcon_core.event_handler.log_command:Invoking command in '/home/alberto/Documents/kia_gd_ws/build/ur_ros_rtde_tutorials': CMAKE_PREFIX_PATH=/home/alberto/Documents/kia_gd_ws/install/ur_ros_rtde:/home/alberto/Documents/kia_gd_ws/install/ur_ros_rtde_simple_clients:/home/alberto/Documents/kia_gd_ws/install/ur_ros_rtde_msgs:/home/alberto/Documents/kia_gd_ws/install/ur_ros_rtde_tutorials:/home/alberto/Documents/kia_gd_ws/install/ur_ros_rtde_gripper_commands:/home/alberto/Documents/kia_gd_ws/install/ur:/home/alberto/Documents/kia_gd_ws/install/ur_calibration:/home/alberto/Documents/kia_gd_ws/install/ur_robot_driver:/home/alberto/Documents/kia_gd_ws/install/ur_moveit_config:/home/alberto/Documents/kia_gd_ws/install/ur_bringup:/home/alberto/Documents/kia_gd_ws/install/ur_controllers:/home/alberto/Documents/kia_gd_ws/install/ur_dashboard_msgs:/home/alberto/Documents/kia_gd_ws/install/simple_ur10e_moveit_config:/home/alberto/Documents/kia_gd_ws/install/simple_ur10e_description:/home/alberto/Documents/kia_gd_ws/install/kia_gd:/home/alberto/Documents/sub_alberto/install/uuv_visualization:/home/alberto/Documents/sub_alberto/install/uuv_vision:/home/alberto/Documents/sub_alberto/install/uuv_navigation:/home/alberto/Documents/sub_alberto/install/uuv_mission:/home/alberto/Documents/sub_alberto/install/uuv_master:/home/alberto/Documents/sub_alberto/install/uuv_control:/home/alberto/install/vectornav:/home/alberto/install/vectornav_msgs:/home/alberto/install/uuv_teleop:/home/alberto/install/uuv_description:/home/alberto/install/sub:/home/alberto/install/pid:/home/alberto/Documents/kia_gd_ws/install/ros_tcp_endpoint:/home/alberto/ros2_ws/install/docker_test:/opt/ros/humble:/home/alberto/install/catkin:/home/alberto/ros2_ws/install/sub:/home/alberto/ros2_ws/install/pid:/home/alberto/ros2_ws/install/catkin:/home/alberto/uuv/install/uuv LD_LIBRARY_PATH=/home/alberto/Documents/kia_gd_ws/install/ur_ros_rtde/lib:/home/alberto/Documents/kia_gd_ws/install/ur_ros_rtde_msgs/lib:/home/alberto/Documents/kia_gd_ws/install/ur_ros_rtde_tutorials/lib:/home/alberto/Documents/kia_gd_ws/install/ur_ros_rtde_gripper_commands/lib:/home/alberto/Documents/kia_gd_ws/install/ur_robot_driver/lib:/home/alberto/Documents/kia_gd_ws/install/ur_controllers/lib:/home/alberto/Documents/kia_gd_ws/install/ur_dashboard_msgs/lib:/home/alberto/install/vectornav/lib:/home/alberto/install/vectornav_msgs/lib:/opt/ros/humble/opt/rviz_ogre_vendor/lib:/opt/ros/humble/lib/x86_64-linux-gnu:/opt/ros/humble/lib /usr/bin/cmake --install /home/alberto/Documents/kia_gd_ws/build/ur_ros_rtde_tutorials
[3.894s] DEBUG:colcon.colcon_core.event_handler.log_command:Invoked command in '/home/alberto/Documents/kia_gd_ws/build/ur_ros_rtde_gripper_commands' returned '0': CMAKE_PREFIX_PATH=/home/alberto/Documents/kia_gd_ws/install/ur_ros_rtde:/home/alberto/Documents/kia_gd_ws/install/ur_ros_rtde_simple_clients:/home/alberto/Documents/kia_gd_ws/install/ur_ros_rtde_msgs:/home/alberto/Documents/kia_gd_ws/install/ur_ros_rtde_tutorials:/home/alberto/Documents/kia_gd_ws/install/ur_ros_rtde_gripper_commands:/home/alberto/Documents/kia_gd_ws/install/ur:/home/alberto/Documents/kia_gd_ws/install/ur_calibration:/home/alberto/Documents/kia_gd_ws/install/ur_robot_driver:/home/alberto/Documents/kia_gd_ws/install/ur_moveit_config:/home/alberto/Documents/kia_gd_ws/install/ur_bringup:/home/alberto/Documents/kia_gd_ws/install/ur_controllers:/home/alberto/Documents/kia_gd_ws/install/ur_dashboard_msgs:/home/alberto/Documents/kia_gd_ws/install/simple_ur10e_moveit_config:/home/alberto/Documents/kia_gd_ws/install/simple_ur10e_description:/home/alberto/Documents/kia_gd_ws/install/kia_gd:/home/alberto/Documents/sub_alberto/install/uuv_visualization:/home/alberto/Documents/sub_alberto/install/uuv_vision:/home/alberto/Documents/sub_alberto/install/uuv_navigation:/home/alberto/Documents/sub_alberto/install/uuv_mission:/home/alberto/Documents/sub_alberto/install/uuv_master:/home/alberto/Documents/sub_alberto/install/uuv_control:/home/alberto/install/vectornav:/home/alberto/install/vectornav_msgs:/home/alberto/install/uuv_teleop:/home/alberto/install/uuv_description:/home/alberto/install/sub:/home/alberto/install/pid:/home/alberto/Documents/kia_gd_ws/install/ros_tcp_endpoint:/home/alberto/ros2_ws/install/docker_test:/opt/ros/humble:/home/alberto/install/catkin:/home/alberto/ros2_ws/install/sub:/home/alberto/ros2_ws/install/pid:/home/alberto/ros2_ws/install/catkin:/home/alberto/uuv/install/uuv LD_LIBRARY_PATH=/home/alberto/Documents/kia_gd_ws/install/ur_ros_rtde/lib:/home/alberto/Documents/kia_gd_ws/install/ur_ros_rtde_msgs/lib:/home/alberto/Documents/kia_gd_ws/install/ur_ros_rtde_tutorials/lib:/home/alberto/Documents/kia_gd_ws/install/ur_ros_rtde_gripper_commands/lib:/home/alberto/Documents/kia_gd_ws/install/ur_robot_driver/lib:/home/alberto/Documents/kia_gd_ws/install/ur_controllers/lib:/home/alberto/Documents/kia_gd_ws/install/ur_dashboard_msgs/lib:/home/alberto/install/vectornav/lib:/home/alberto/install/vectornav_msgs/lib:/opt/ros/humble/opt/rviz_ogre_vendor/lib:/opt/ros/humble/lib/x86_64-linux-gnu:/opt/ros/humble/lib /usr/bin/cmake --build /home/alberto/Documents/kia_gd_ws/build/ur_ros_rtde_gripper_commands -- -j8 -l8
[3.900s] DEBUG:colcon.colcon_core.event_handler.log_command:Invoking command in '/home/alberto/Documents/kia_gd_ws/build/ur_ros_rtde_gripper_commands': CMAKE_PREFIX_PATH=/home/alberto/Documents/kia_gd_ws/install/ur_ros_rtde:/home/alberto/Documents/kia_gd_ws/install/ur_ros_rtde_simple_clients:/home/alberto/Documents/kia_gd_ws/install/ur_ros_rtde_msgs:/home/alberto/Documents/kia_gd_ws/install/ur_ros_rtde_tutorials:/home/alberto/Documents/kia_gd_ws/install/ur_ros_rtde_gripper_commands:/home/alberto/Documents/kia_gd_ws/install/ur:/home/alberto/Documents/kia_gd_ws/install/ur_calibration:/home/alberto/Documents/kia_gd_ws/install/ur_robot_driver:/home/alberto/Documents/kia_gd_ws/install/ur_moveit_config:/home/alberto/Documents/kia_gd_ws/install/ur_bringup:/home/alberto/Documents/kia_gd_ws/install/ur_controllers:/home/alberto/Documents/kia_gd_ws/install/ur_dashboard_msgs:/home/alberto/Documents/kia_gd_ws/install/simple_ur10e_moveit_config:/home/alberto/Documents/kia_gd_ws/install/simple_ur10e_description:/home/alberto/Documents/kia_gd_ws/install/kia_gd:/home/alberto/Documents/sub_alberto/install/uuv_visualization:/home/alberto/Documents/sub_alberto/install/uuv_vision:/home/alberto/Documents/sub_alberto/install/uuv_navigation:/home/alberto/Documents/sub_alberto/install/uuv_mission:/home/alberto/Documents/sub_alberto/install/uuv_master:/home/alberto/Documents/sub_alberto/install/uuv_control:/home/alberto/install/vectornav:/home/alberto/install/vectornav_msgs:/home/alberto/install/uuv_teleop:/home/alberto/install/uuv_description:/home/alberto/install/sub:/home/alberto/install/pid:/home/alberto/Documents/kia_gd_ws/install/ros_tcp_endpoint:/home/alberto/ros2_ws/install/docker_test:/opt/ros/humble:/home/alberto/install/catkin:/home/alberto/ros2_ws/install/sub:/home/alberto/ros2_ws/install/pid:/home/alberto/ros2_ws/install/catkin:/home/alberto/uuv/install/uuv LD_LIBRARY_PATH=/home/alberto/Documents/kia_gd_ws/install/ur_ros_rtde/lib:/home/alberto/Documents/kia_gd_ws/install/ur_ros_rtde_msgs/lib:/home/alberto/Documents/kia_gd_ws/install/ur_ros_rtde_tutorials/lib:/home/alberto/Documents/kia_gd_ws/install/ur_ros_rtde_gripper_commands/lib:/home/alberto/Documents/kia_gd_ws/install/ur_robot_driver/lib:/home/alberto/Documents/kia_gd_ws/install/ur_controllers/lib:/home/alberto/Documents/kia_gd_ws/install/ur_dashboard_msgs/lib:/home/alberto/install/vectornav/lib:/home/alberto/install/vectornav_msgs/lib:/opt/ros/humble/opt/rviz_ogre_vendor/lib:/opt/ros/humble/lib/x86_64-linux-gnu:/opt/ros/humble/lib /usr/bin/cmake --install /home/alberto/Documents/kia_gd_ws/build/ur_ros_rtde_gripper_commands
[4.007s] Level 1:colcon.colcon_core.environment:create_environment_scripts_only(ur_ros_rtde_tutorials)
[4.007s] Level 1:colcon.colcon_core.environment:checking '/home/alberto/Documents/kia_gd_ws/install/ur_ros_rtde_tutorials' for CMake module files
[4.011s] Level 1:colcon.colcon_core.environment:checking '/home/alberto/Documents/kia_gd_ws/install/ur_ros_rtde_tutorials' for CMake config files
[4.012s] Level 1:colcon.colcon_core.shell:create_environment_hook('ur_ros_rtde_tutorials', 'cmake_prefix_path')
[4.012s] INFO:colcon.colcon_core.shell:Creating environment hook '/home/alberto/Documents/kia_gd_ws/install/ur_ros_rtde_tutorials/share/ur_ros_rtde_tutorials/hook/cmake_prefix_path.ps1'
[4.013s] INFO:colcon.colcon_core.shell:Creating environment descriptor '/home/alberto/Documents/kia_gd_ws/install/ur_ros_rtde_tutorials/share/ur_ros_rtde_tutorials/hook/cmake_prefix_path.dsv'
[4.014s] INFO:colcon.colcon_core.shell:Creating environment hook '/home/alberto/Documents/kia_gd_ws/install/ur_ros_rtde_tutorials/share/ur_ros_rtde_tutorials/hook/cmake_prefix_path.sh'
[4.017s] DEBUG:colcon.colcon_core.event_handler.log_command:Invoked command in '/home/alberto/Documents/kia_gd_ws/build/ur_ros_rtde_tutorials' returned '0': CMAKE_PREFIX_PATH=/home/alberto/Documents/kia_gd_ws/install/ur_ros_rtde:/home/alberto/Documents/kia_gd_ws/install/ur_ros_rtde_simple_clients:/home/alberto/Documents/kia_gd_ws/install/ur_ros_rtde_msgs:/home/alberto/Documents/kia_gd_ws/install/ur_ros_rtde_tutorials:/home/alberto/Documents/kia_gd_ws/install/ur_ros_rtde_gripper_commands:/home/alberto/Documents/kia_gd_ws/install/ur:/home/alberto/Documents/kia_gd_ws/install/ur_calibration:/home/alberto/Documents/kia_gd_ws/install/ur_robot_driver:/home/alberto/Documents/kia_gd_ws/install/ur_moveit_config:/home/alberto/Documents/kia_gd_ws/install/ur_bringup:/home/alberto/Documents/kia_gd_ws/install/ur_controllers:/home/alberto/Documents/kia_gd_ws/install/ur_dashboard_msgs:/home/alberto/Documents/kia_gd_ws/install/simple_ur10e_moveit_config:/home/alberto/Documents/kia_gd_ws/install/simple_ur10e_description:/home/alberto/Documents/kia_gd_ws/install/kia_gd:/home/alberto/Documents/sub_alberto/install/uuv_visualization:/home/alberto/Documents/sub_alberto/install/uuv_vision:/home/alberto/Documents/sub_alberto/install/uuv_navigation:/home/alberto/Documents/sub_alberto/install/uuv_mission:/home/alberto/Documents/sub_alberto/install/uuv_master:/home/alberto/Documents/sub_alberto/install/uuv_control:/home/alberto/install/vectornav:/home/alberto/install/vectornav_msgs:/home/alberto/install/uuv_teleop:/home/alberto/install/uuv_description:/home/alberto/install/sub:/home/alberto/install/pid:/home/alberto/Documents/kia_gd_ws/install/ros_tcp_endpoint:/home/alberto/ros2_ws/install/docker_test:/opt/ros/humble:/home/alberto/install/catkin:/home/alberto/ros2_ws/install/sub:/home/alberto/ros2_ws/install/pid:/home/alberto/ros2_ws/install/catkin:/home/alberto/uuv/install/uuv LD_LIBRARY_PATH=/home/alberto/Documents/kia_gd_ws/install/ur_ros_rtde/lib:/home/alberto/Documents/kia_gd_ws/install/ur_ros_rtde_msgs/lib:/home/alberto/Documents/kia_gd_ws/install/ur_ros_rtde_tutorials/lib:/home/alberto/Documents/kia_gd_ws/install/ur_ros_rtde_gripper_commands/lib:/home/alberto/Documents/kia_gd_ws/install/ur_robot_driver/lib:/home/alberto/Documents/kia_gd_ws/install/ur_controllers/lib:/home/alberto/Documents/kia_gd_ws/install/ur_dashboard_msgs/lib:/home/alberto/install/vectornav/lib:/home/alberto/install/vectornav_msgs/lib:/opt/ros/humble/opt/rviz_ogre_vendor/lib:/opt/ros/humble/lib/x86_64-linux-gnu:/opt/ros/humble/lib /usr/bin/cmake --install /home/alberto/Documents/kia_gd_ws/build/ur_ros_rtde_tutorials
[4.018s] Level 1:colcon.colcon_core.environment:checking '/home/alberto/Documents/kia_gd_ws/install/ur_ros_rtde_tutorials/lib'
[4.021s] Level 1:colcon.colcon_core.shell:create_environment_hook('ur_ros_rtde_tutorials', 'ld_library_path_lib')
[4.021s] INFO:colcon.colcon_core.shell:Creating environment hook '/home/alberto/Documents/kia_gd_ws/install/ur_ros_rtde_tutorials/share/ur_ros_rtde_tutorials/hook/ld_library_path_lib.ps1'
[4.022s] INFO:colcon.colcon_core.shell:Creating environment descriptor '/home/alberto/Documents/kia_gd_ws/install/ur_ros_rtde_tutorials/share/ur_ros_rtde_tutorials/hook/ld_library_path_lib.dsv'
[4.023s] INFO:colcon.colcon_core.shell:Creating environment hook '/home/alberto/Documents/kia_gd_ws/install/ur_ros_rtde_tutorials/share/ur_ros_rtde_tutorials/hook/ld_library_path_lib.sh'
[4.025s] Level 1:colcon.colcon_core.environment:checking '/home/alberto/Documents/kia_gd_ws/install/ur_ros_rtde_tutorials/bin'
[4.026s] Level 1:colcon.colcon_core.environment:checking '/home/alberto/Documents/kia_gd_ws/install/ur_ros_rtde_tutorials/lib/pkgconfig/ur_ros_rtde_tutorials.pc'
[4.027s] Level 1:colcon.colcon_core.environment:checking '/home/alberto/Documents/kia_gd_ws/install/ur_ros_rtde_tutorials/lib/python3.10/site-packages'
[4.027s] Level 1:colcon.colcon_core.environment:checking '/home/alberto/Documents/kia_gd_ws/install/ur_ros_rtde_tutorials/bin'
[4.028s] INFO:colcon.colcon_core.shell:Creating package script '/home/alberto/Documents/kia_gd_ws/install/ur_ros_rtde_tutorials/share/ur_ros_rtde_tutorials/package.ps1'
[4.031s] INFO:colcon.colcon_core.shell:Creating package descriptor '/home/alberto/Documents/kia_gd_ws/install/ur_ros_rtde_tutorials/share/ur_ros_rtde_tutorials/package.dsv'
[4.034s] INFO:colcon.colcon_core.shell:Creating package script '/home/alberto/Documents/kia_gd_ws/install/ur_ros_rtde_tutorials/share/ur_ros_rtde_tutorials/package.sh'
[4.035s] INFO:colcon.colcon_core.shell:Creating package script '/home/alberto/Documents/kia_gd_ws/install/ur_ros_rtde_tutorials/share/ur_ros_rtde_tutorials/package.bash'
[4.036s] INFO:colcon.colcon_core.shell:Creating package script '/home/alberto/Documents/kia_gd_ws/install/ur_ros_rtde_tutorials/share/ur_ros_rtde_tutorials/package.zsh'
[4.036s] Level 1:colcon.colcon_core.environment:create_file_with_runtime_dependencies(/home/alberto/Documents/kia_gd_ws/install/ur_ros_rtde_tutorials/share/colcon-core/packages/ur_ros_rtde_tutorials)
[4.037s] Level 1:colcon.colcon_core.environment:create_environment_scripts_only(ur_ros_rtde_tutorials)
[4.038s] Level 1:colcon.colcon_core.environment:checking '/home/alberto/Documents/kia_gd_ws/install/ur_ros_rtde_tutorials' for CMake module files
[4.038s] Level 1:colcon.colcon_core.environment:checking '/home/alberto/Documents/kia_gd_ws/install/ur_ros_rtde_tutorials' for CMake config files
[4.039s] Level 1:colcon.colcon_core.shell:create_environment_hook('ur_ros_rtde_tutorials', 'cmake_prefix_path')
[4.039s] INFO:colcon.colcon_core.shell:Creating environment hook '/home/alberto/Documents/kia_gd_ws/install/ur_ros_rtde_tutorials/share/ur_ros_rtde_tutorials/hook/cmake_prefix_path.ps1'
[4.040s] INFO:colcon.colcon_core.shell:Creating environment descriptor '/home/alberto/Documents/kia_gd_ws/install/ur_ros_rtde_tutorials/share/ur_ros_rtde_tutorials/hook/cmake_prefix_path.dsv'
[4.041s] INFO:colcon.colcon_core.shell:Creating environment hook '/home/alberto/Documents/kia_gd_ws/install/ur_ros_rtde_tutorials/share/ur_ros_rtde_tutorials/hook/cmake_prefix_path.sh'
[4.041s] Level 1:colcon.colcon_core.environment:checking '/home/alberto/Documents/kia_gd_ws/install/ur_ros_rtde_tutorials/lib'
[4.041s] Level 1:colcon.colcon_core.shell:create_environment_hook('ur_ros_rtde_tutorials', 'ld_library_path_lib')
[4.042s] INFO:colcon.colcon_core.shell:Creating environment hook '/home/alberto/Documents/kia_gd_ws/install/ur_ros_rtde_tutorials/share/ur_ros_rtde_tutorials/hook/ld_library_path_lib.ps1'
[4.042s] INFO:colcon.colcon_core.shell:Creating environment descriptor '/home/alberto/Documents/kia_gd_ws/install/ur_ros_rtde_tutorials/share/ur_ros_rtde_tutorials/hook/ld_library_path_lib.dsv'
[4.043s] INFO:colcon.colcon_core.shell:Creating environment hook '/home/alberto/Documents/kia_gd_ws/install/ur_ros_rtde_tutorials/share/ur_ros_rtde_tutorials/hook/ld_library_path_lib.sh'
[4.043s] Level 1:colcon.colcon_core.environment:checking '/home/alberto/Documents/kia_gd_ws/install/ur_ros_rtde_tutorials/bin'
[4.043s] Level 1:colcon.colcon_core.environment:checking '/home/alberto/Documents/kia_gd_ws/install/ur_ros_rtde_tutorials/lib/pkgconfig/ur_ros_rtde_tutorials.pc'
[4.043s] Level 1:colcon.colcon_core.environment:checking '/home/alberto/Documents/kia_gd_ws/install/ur_ros_rtde_tutorials/lib/python3.10/site-packages'
[4.044s] Level 1:colcon.colcon_core.environment:checking '/home/alberto/Documents/kia_gd_ws/install/ur_ros_rtde_tutorials/bin'
[4.044s] INFO:colcon.colcon_core.shell:Creating package script '/home/alberto/Documents/kia_gd_ws/install/ur_ros_rtde_tutorials/share/ur_ros_rtde_tutorials/package.ps1'
[4.045s] INFO:colcon.colcon_core.shell:Creating package descriptor '/home/alberto/Documents/kia_gd_ws/install/ur_ros_rtde_tutorials/share/ur_ros_rtde_tutorials/package.dsv'
[4.046s] INFO:colcon.colcon_core.shell:Creating package script '/home/alberto/Documents/kia_gd_ws/install/ur_ros_rtde_tutorials/share/ur_ros_rtde_tutorials/package.sh'
[4.047s] INFO:colcon.colcon_core.shell:Creating package script '/home/alberto/Documents/kia_gd_ws/install/ur_ros_rtde_tutorials/share/ur_ros_rtde_tutorials/package.bash'
[4.047s] INFO:colcon.colcon_core.shell:Creating package script '/home/alberto/Documents/kia_gd_ws/install/ur_ros_rtde_tutorials/share/ur_ros_rtde_tutorials/package.zsh'
[4.048s] Level 1:colcon.colcon_core.environment:create_file_with_runtime_dependencies(/home/alberto/Documents/kia_gd_ws/install/ur_ros_rtde_tutorials/share/colcon-core/packages/ur_ros_rtde_tutorials)
[4.050s] Level 1:colcon.colcon_core.environment:create_environment_scripts_only(ur_ros_rtde_gripper_commands)
[4.050s] Level 1:colcon.colcon_core.environment:checking '/home/alberto/Documents/kia_gd_ws/install/ur_ros_rtde_gripper_commands' for CMake module files
[4.051s] DEBUG:colcon.colcon_core.event_handler.log_command:Invoked command in '/home/alberto/Documents/kia_gd_ws/build/ur_ros_rtde_gripper_commands' returned '0': CMAKE_PREFIX_PATH=/home/alberto/Documents/kia_gd_ws/install/ur_ros_rtde:/home/alberto/Documents/kia_gd_ws/install/ur_ros_rtde_simple_clients:/home/alberto/Documents/kia_gd_ws/install/ur_ros_rtde_msgs:/home/alberto/Documents/kia_gd_ws/install/ur_ros_rtde_tutorials:/home/alberto/Documents/kia_gd_ws/install/ur_ros_rtde_gripper_commands:/home/alberto/Documents/kia_gd_ws/install/ur:/home/alberto/Documents/kia_gd_ws/install/ur_calibration:/home/alberto/Documents/kia_gd_ws/install/ur_robot_driver:/home/alberto/Documents/kia_gd_ws/install/ur_moveit_config:/home/alberto/Documents/kia_gd_ws/install/ur_bringup:/home/alberto/Documents/kia_gd_ws/install/ur_controllers:/home/alberto/Documents/kia_gd_ws/install/ur_dashboard_msgs:/home/alberto/Documents/kia_gd_ws/install/simple_ur10e_moveit_config:/home/alberto/Documents/kia_gd_ws/install/simple_ur10e_description:/home/alberto/Documents/kia_gd_ws/install/kia_gd:/home/alberto/Documents/sub_alberto/install/uuv_visualization:/home/alberto/Documents/sub_alberto/install/uuv_vision:/home/alberto/Documents/sub_alberto/install/uuv_navigation:/home/alberto/Documents/sub_alberto/install/uuv_mission:/home/alberto/Documents/sub_alberto/install/uuv_master:/home/alberto/Documents/sub_alberto/install/uuv_control:/home/alberto/install/vectornav:/home/alberto/install/vectornav_msgs:/home/alberto/install/uuv_teleop:/home/alberto/install/uuv_description:/home/alberto/install/sub:/home/alberto/install/pid:/home/alberto/Documents/kia_gd_ws/install/ros_tcp_endpoint:/home/alberto/ros2_ws/install/docker_test:/opt/ros/humble:/home/alberto/install/catkin:/home/alberto/ros2_ws/install/sub:/home/alberto/ros2_ws/install/pid:/home/alberto/ros2_ws/install/catkin:/home/alberto/uuv/install/uuv LD_LIBRARY_PATH=/home/alberto/Documents/kia_gd_ws/install/ur_ros_rtde/lib:/home/alberto/Documents/kia_gd_ws/install/ur_ros_rtde_msgs/lib:/home/alberto/Documents/kia_gd_ws/install/ur_ros_rtde_tutorials/lib:/home/alberto/Documents/kia_gd_ws/install/ur_ros_rtde_gripper_commands/lib:/home/alberto/Documents/kia_gd_ws/install/ur_robot_driver/lib:/home/alberto/Documents/kia_gd_ws/install/ur_controllers/lib:/home/alberto/Documents/kia_gd_ws/install/ur_dashboard_msgs/lib:/home/alberto/install/vectornav/lib:/home/alberto/install/vectornav_msgs/lib:/opt/ros/humble/opt/rviz_ogre_vendor/lib:/opt/ros/humble/lib/x86_64-linux-gnu:/opt/ros/humble/lib /usr/bin/cmake --install /home/alberto/Documents/kia_gd_ws/build/ur_ros_rtde_gripper_commands
[4.052s] Level 1:colcon.colcon_core.environment:checking '/home/alberto/Documents/kia_gd_ws/install/ur_ros_rtde_gripper_commands' for CMake config files
[4.053s] Level 1:colcon.colcon_core.shell:create_environment_hook('ur_ros_rtde_gripper_commands', 'cmake_prefix_path')
[4.053s] INFO:colcon.colcon_core.shell:Creating environment hook '/home/alberto/Documents/kia_gd_ws/install/ur_ros_rtde_gripper_commands/share/ur_ros_rtde_gripper_commands/hook/cmake_prefix_path.ps1'
[4.053s] INFO:colcon.colcon_core.shell:Creating environment descriptor '/home/alberto/Documents/kia_gd_ws/install/ur_ros_rtde_gripper_commands/share/ur_ros_rtde_gripper_commands/hook/cmake_prefix_path.dsv'
[4.054s] INFO:colcon.colcon_core.shell:Creating environment hook '/home/alberto/Documents/kia_gd_ws/install/ur_ros_rtde_gripper_commands/share/ur_ros_rtde_gripper_commands/hook/cmake_prefix_path.sh'
[4.055s] Level 1:colcon.colcon_core.environment:checking '/home/alberto/Documents/kia_gd_ws/install/ur_ros_rtde_gripper_commands/lib'
[4.055s] Level 1:colcon.colcon_core.shell:create_environment_hook('ur_ros_rtde_gripper_commands', 'ld_library_path_lib')
[4.055s] INFO:colcon.colcon_core.shell:Creating environment hook '/home/alberto/Documents/kia_gd_ws/install/ur_ros_rtde_gripper_commands/share/ur_ros_rtde_gripper_commands/hook/ld_library_path_lib.ps1'
[4.056s] INFO:colcon.colcon_core.shell:Creating environment descriptor '/home/alberto/Documents/kia_gd_ws/install/ur_ros_rtde_gripper_commands/share/ur_ros_rtde_gripper_commands/hook/ld_library_path_lib.dsv'
[4.056s] INFO:colcon.colcon_core.shell:Creating environment hook '/home/alberto/Documents/kia_gd_ws/install/ur_ros_rtde_gripper_commands/share/ur_ros_rtde_gripper_commands/hook/ld_library_path_lib.sh'
[4.057s] Level 1:colcon.colcon_core.environment:checking '/home/alberto/Documents/kia_gd_ws/install/ur_ros_rtde_gripper_commands/bin'
[4.057s] Level 1:colcon.colcon_core.environment:checking '/home/alberto/Documents/kia_gd_ws/install/ur_ros_rtde_gripper_commands/lib/pkgconfig/ur_ros_rtde_gripper_commands.pc'
[4.057s] Level 1:colcon.colcon_core.environment:checking '/home/alberto/Documents/kia_gd_ws/install/ur_ros_rtde_gripper_commands/lib/python3.10/site-packages'
[4.057s] Level 1:colcon.colcon_core.environment:checking '/home/alberto/Documents/kia_gd_ws/install/ur_ros_rtde_gripper_commands/bin'
[4.058s] INFO:colcon.colcon_core.shell:Creating package script '/home/alberto/Documents/kia_gd_ws/install/ur_ros_rtde_gripper_commands/share/ur_ros_rtde_gripper_commands/package.ps1'
[4.059s] INFO:colcon.colcon_core.shell:Creating package descriptor '/home/alberto/Documents/kia_gd_ws/install/ur_ros_rtde_gripper_commands/share/ur_ros_rtde_gripper_commands/package.dsv'
[4.059s] INFO:colcon.colcon_core.shell:Creating package script '/home/alberto/Documents/kia_gd_ws/install/ur_ros_rtde_gripper_commands/share/ur_ros_rtde_gripper_commands/package.sh'
[4.060s] INFO:colcon.colcon_core.shell:Creating package script '/home/alberto/Documents/kia_gd_ws/install/ur_ros_rtde_gripper_commands/share/ur_ros_rtde_gripper_commands/package.bash'
[4.061s] INFO:colcon.colcon_core.shell:Creating package script '/home/alberto/Documents/kia_gd_ws/install/ur_ros_rtde_gripper_commands/share/ur_ros_rtde_gripper_commands/package.zsh'
[4.062s] Level 1:colcon.colcon_core.environment:create_file_with_runtime_dependencies(/home/alberto/Documents/kia_gd_ws/install/ur_ros_rtde_gripper_commands/share/colcon-core/packages/ur_ros_rtde_gripper_commands)
[4.064s] Level 1:colcon.colcon_core.environment:create_environment_scripts_only(ur_ros_rtde_gripper_commands)
[4.065s] Level 1:colcon.colcon_core.environment:checking '/home/alberto/Documents/kia_gd_ws/install/ur_ros_rtde_gripper_commands' for CMake module files
[4.066s] Level 1:colcon.colcon_core.environment:checking '/home/alberto/Documents/kia_gd_ws/install/ur_ros_rtde_gripper_commands' for CMake config files
[4.067s] Level 1:colcon.colcon_core.shell:create_environment_hook('ur_ros_rtde_gripper_commands', 'cmake_prefix_path')
[4.068s] INFO:colcon.colcon_core.shell:Creating environment hook '/home/alberto/Documents/kia_gd_ws/install/ur_ros_rtde_gripper_commands/share/ur_ros_rtde_gripper_commands/hook/cmake_prefix_path.ps1'
[4.069s] INFO:colcon.colcon_core.shell:Creating environment descriptor '/home/alberto/Documents/kia_gd_ws/install/ur_ros_rtde_gripper_commands/share/ur_ros_rtde_gripper_commands/hook/cmake_prefix_path.dsv'
[4.069s] INFO:colcon.colcon_core.shell:Creating environment hook '/home/alberto/Documents/kia_gd_ws/install/ur_ros_rtde_gripper_commands/share/ur_ros_rtde_gripper_commands/hook/cmake_prefix_path.sh'
[4.070s] Level 1:colcon.colcon_core.environment:checking '/home/alberto/Documents/kia_gd_ws/install/ur_ros_rtde_gripper_commands/lib'
[4.071s] Level 1:colcon.colcon_core.shell:create_environment_hook('ur_ros_rtde_gripper_commands', 'ld_library_path_lib')
[4.071s] INFO:colcon.colcon_core.shell:Creating environment hook '/home/alberto/Documents/kia_gd_ws/install/ur_ros_rtde_gripper_commands/share/ur_ros_rtde_gripper_commands/hook/ld_library_path_lib.ps1'
[4.072s] INFO:colcon.colcon_core.shell:Creating environment descriptor '/home/alberto/Documents/kia_gd_ws/install/ur_ros_rtde_gripper_commands/share/ur_ros_rtde_gripper_commands/hook/ld_library_path_lib.dsv'
[4.072s] INFO:colcon.colcon_core.shell:Creating environment hook '/home/alberto/Documents/kia_gd_ws/install/ur_ros_rtde_gripper_commands/share/ur_ros_rtde_gripper_commands/hook/ld_library_path_lib.sh'
[4.073s] Level 1:colcon.colcon_core.environment:checking '/home/alberto/Documents/kia_gd_ws/install/ur_ros_rtde_gripper_commands/bin'
[4.073s] Level 1:colcon.colcon_core.environment:checking '/home/alberto/Documents/kia_gd_ws/install/ur_ros_rtde_gripper_commands/lib/pkgconfig/ur_ros_rtde_gripper_commands.pc'
[4.073s] Level 1:colcon.colcon_core.environment:checking '/home/alberto/Documents/kia_gd_ws/install/ur_ros_rtde_gripper_commands/lib/python3.10/site-packages'
[4.074s] Level 1:colcon.colcon_core.environment:checking '/home/alberto/Documents/kia_gd_ws/install/ur_ros_rtde_gripper_commands/bin'
[4.075s] INFO:colcon.colcon_core.shell:Creating package script '/home/alberto/Documents/kia_gd_ws/install/ur_ros_rtde_gripper_commands/share/ur_ros_rtde_gripper_commands/package.ps1'
[4.076s] INFO:colcon.colcon_core.shell:Creating package descriptor '/home/alberto/Documents/kia_gd_ws/install/ur_ros_rtde_gripper_commands/share/ur_ros_rtde_gripper_commands/package.dsv'
[4.077s] INFO:colcon.colcon_core.shell:Creating package script '/home/alberto/Documents/kia_gd_ws/install/ur_ros_rtde_gripper_commands/share/ur_ros_rtde_gripper_commands/package.sh'
[4.077s] INFO:colcon.colcon_core.shell:Creating package script '/home/alberto/Documents/kia_gd_ws/install/ur_ros_rtde_gripper_commands/share/ur_ros_rtde_gripper_commands/package.bash'
[4.078s] INFO:colcon.colcon_core.shell:Creating package script '/home/alberto/Documents/kia_gd_ws/install/ur_ros_rtde_gripper_commands/share/ur_ros_rtde_gripper_commands/package.zsh'
[4.079s] Level 1:colcon.colcon_core.environment:create_file_with_runtime_dependencies(/home/alberto/Documents/kia_gd_ws/install/ur_ros_rtde_gripper_commands/share/colcon-core/packages/ur_ros_rtde_gripper_commands)
[4.079s] DEBUG:colcon.colcon_parallel_executor.executor.parallel:closing loop
[4.080s] DEBUG:colcon.colcon_parallel_executor.executor.parallel:loop closed
[4.080s] DEBUG:colcon.colcon_parallel_executor.executor.parallel:run_until_complete finished with '0'
[4.080s] DEBUG:colcon.colcon_core.event_reactor:joining thread
[4.088s] INFO:colcon.colcon_core.plugin_system:Skipping extension 'colcon_notification.desktop_notification.terminal_notifier': Not used on non-Darwin systems
[4.088s] INFO:colcon.colcon_core.plugin_system:Skipping extension 'colcon_notification.desktop_notification.win32': Not used on non-Windows systems
[4.088s] INFO:colcon.colcon_notification.desktop_notification:Sending desktop notification using 'notify2'
[4.104s] DEBUG:colcon.colcon_core.event_reactor:joined thread
[4.105s] INFO:colcon.colcon_core.shell:Creating prefix script '/home/alberto/Documents/kia_gd_ws/install/local_setup.ps1'
[4.107s] INFO:colcon.colcon_core.shell:Creating prefix util module '/home/alberto/Documents/kia_gd_ws/install/_local_setup_util_ps1.py'
[4.110s] INFO:colcon.colcon_core.shell:Creating prefix chain script '/home/alberto/Documents/kia_gd_ws/install/setup.ps1'
[4.114s] INFO:colcon.colcon_core.shell:Creating prefix script '/home/alberto/Documents/kia_gd_ws/install/local_setup.sh'
[4.116s] INFO:colcon.colcon_core.shell:Creating prefix util module '/home/alberto/Documents/kia_gd_ws/install/_local_setup_util_sh.py'
[4.117s] INFO:colcon.colcon_core.shell:Creating prefix chain script '/home/alberto/Documents/kia_gd_ws/install/setup.sh'
[4.121s] INFO:colcon.colcon_core.shell:Creating prefix script '/home/alberto/Documents/kia_gd_ws/install/local_setup.bash'
[4.122s] INFO:colcon.colcon_core.shell:Creating prefix chain script '/home/alberto/Documents/kia_gd_ws/install/setup.bash'
[4.126s] INFO:colcon.colcon_core.shell:Creating prefix script '/home/alberto/Documents/kia_gd_ws/install/local_setup.zsh'
[4.127s] INFO:colcon.colcon_core.shell:Creating prefix chain script '/home/alberto/Documents/kia_gd_ws/install/setup.zsh'
