[0.152s] DEBUG:colcon:Command line arguments: ['/usr/bin/colcon', 'build']
[0.152s] DEBUG:colcon:Parsed command line arguments: Namespace(log_base=None, log_level=None, verb_name='build', build_base='build', install_base='install', merge_install=False, symlink_install=False, test_result_base=None, continue_on_error=False, executor='parallel', parallel_workers=8, event_handlers=None, ignore_user_meta=False, metas=['./colcon.meta'], base_paths=['.'], packages_ignore=None, packages_ignore_regex=None, paths=None, packages_up_to=None, packages_up_to_regex=None, packages_above=None, packages_above_and_dependencies=None, packages_above_depth=None, packages_select_by_dep=None, packages_skip_by_dep=None, packages_skip_up_to=None, packages_select_build_failed=False, packages_skip_build_finished=False, packages_select_test_failures=False, packages_skip_test_passed=False, packages_select=None, packages_skip=None, packages_select_regex=None, packages_skip_regex=None, packages_start=None, packages_end=None, allow_overriding=[], cmake_args=None, cmake_target=None, cmake_target_skip_unavailable=False, cmake_clean_cache=False, cmake_clean_first=False, cmake_force_configure=False, ament_cmake_args=None, catkin_cmake_args=None, catkin_skip_building_tests=False, mixin_files=None, mixin=None, verb_parser=<colcon_mixin.mixin.mixin_argument.MixinArgumentDecorator object at 0x7f9a3af39ba0>, verb_extension=<colcon_core.verb.build.BuildVerb object at 0x7f9a3af395d0>, main=<bound method BuildVerb.main of <colcon_core.verb.build.BuildVerb object at 0x7f9a3af395d0>>, mixin_verb=('build',))
[0.206s] Level 1:colcon.colcon_core.package_discovery:discover_packages(colcon_meta) check parameters
[0.206s] Level 1:colcon.colcon_core.package_discovery:discover_packages(recursive) check parameters
[0.206s] Level 1:colcon.colcon_core.package_discovery:discover_packages(ignore) check parameters
[0.206s] Level 1:colcon.colcon_core.package_discovery:discover_packages(path) check parameters
[0.206s] Level 1:colcon.colcon_core.package_discovery:discover_packages(colcon_meta) discover
[0.206s] Level 1:colcon.colcon_core.package_discovery:discover_packages(recursive) discover
[0.206s] INFO:colcon.colcon_core.package_discovery:Crawling recursively for packages in '/home/alberto/Documents/kia_gd_ws'
[0.206s] Level 1:colcon.colcon_core.package_identification:_identify(.) by extensions ['ignore', 'ignore_ament_install']
[0.206s] Level 1:colcon.colcon_core.package_identification:_identify(.) by extension 'ignore'
[0.207s] Level 1:colcon.colcon_core.package_identification:_identify(.) by extension 'ignore_ament_install'
[0.207s] Level 1:colcon.colcon_core.package_identification:_identify(.) by extensions ['colcon_pkg']
[0.207s] Level 1:colcon.colcon_core.package_identification:_identify(.) by extension 'colcon_pkg'
[0.207s] Level 1:colcon.colcon_core.package_identification:_identify(.) by extensions ['colcon_meta']
[0.207s] Level 1:colcon.colcon_core.package_identification:_identify(.) by extension 'colcon_meta'
[0.207s] Level 1:colcon.colcon_core.package_identification:_identify(.) by extensions ['ros']
[0.207s] Level 1:colcon.colcon_core.package_identification:_identify(.) by extension 'ros'
[0.243s] Level 1:colcon.colcon_core.package_identification:_identify(.) by extensions ['cmake', 'python']
[0.243s] Level 1:colcon.colcon_core.package_identification:_identify(.) by extension 'cmake'
[0.243s] Level 1:colcon.colcon_core.package_identification:_identify(.) by extension 'python'
[0.243s] Level 1:colcon.colcon_core.package_identification:_identify(.) by extensions ['python_setup_py']
[0.243s] Level 1:colcon.colcon_core.package_identification:_identify(.) by extension 'python_setup_py'
[0.243s] Level 1:colcon.colcon_core.package_identification:_identify(build) by extensions ['ignore', 'ignore_ament_install']
[0.244s] Level 1:colcon.colcon_core.package_identification:_identify(build) by extension 'ignore'
[0.244s] Level 1:colcon.colcon_core.package_identification:_identify(build) ignored
[0.244s] Level 1:colcon.colcon_core.package_identification:_identify(install) by extensions ['ignore', 'ignore_ament_install']
[0.244s] Level 1:colcon.colcon_core.package_identification:_identify(install) by extension 'ignore'
[0.244s] Level 1:colcon.colcon_core.package_identification:_identify(install) ignored
[0.245s] Level 1:colcon.colcon_core.package_identification:_identify(log) by extensions ['ignore', 'ignore_ament_install']
[0.245s] Level 1:colcon.colcon_core.package_identification:_identify(log) by extension 'ignore'
[0.245s] Level 1:colcon.colcon_core.package_identification:_identify(log) ignored
[0.245s] Level 1:colcon.colcon_core.package_identification:_identify(src) by extensions ['ignore', 'ignore_ament_install']
[0.245s] Level 1:colcon.colcon_core.package_identification:_identify(src) by extension 'ignore'
[0.245s] Level 1:colcon.colcon_core.package_identification:_identify(src) by extension 'ignore_ament_install'
[0.245s] Level 1:colcon.colcon_core.package_identification:_identify(src) by extensions ['colcon_pkg']
[0.246s] Level 1:colcon.colcon_core.package_identification:_identify(src) by extension 'colcon_pkg'
[0.246s] Level 1:colcon.colcon_core.package_identification:_identify(src) by extensions ['colcon_meta']
[0.246s] Level 1:colcon.colcon_core.package_identification:_identify(src) by extension 'colcon_meta'
[0.246s] Level 1:colcon.colcon_core.package_identification:_identify(src) by extensions ['ros']
[0.246s] Level 1:colcon.colcon_core.package_identification:_identify(src) by extension 'ros'
[0.246s] Level 1:colcon.colcon_core.package_identification:_identify(src) by extensions ['cmake', 'python']
[0.246s] Level 1:colcon.colcon_core.package_identification:_identify(src) by extension 'cmake'
[0.246s] Level 1:colcon.colcon_core.package_identification:_identify(src) by extension 'python'
[0.246s] Level 1:colcon.colcon_core.package_identification:_identify(src) by extensions ['python_setup_py']
[0.246s] Level 1:colcon.colcon_core.package_identification:_identify(src) by extension 'python_setup_py'
[0.246s] Level 1:colcon.colcon_core.package_identification:_identify(src/ROS-TCP-Endpoint) by extensions ['ignore', 'ignore_ament_install']
[0.246s] Level 1:colcon.colcon_core.package_identification:_identify(src/ROS-TCP-Endpoint) by extension 'ignore'
[0.246s] Level 1:colcon.colcon_core.package_identification:_identify(src/ROS-TCP-Endpoint) by extension 'ignore_ament_install'
[0.246s] Level 1:colcon.colcon_core.package_identification:_identify(src/ROS-TCP-Endpoint) by extensions ['colcon_pkg']
[0.246s] Level 1:colcon.colcon_core.package_identification:_identify(src/ROS-TCP-Endpoint) by extension 'colcon_pkg'
[0.247s] Level 1:colcon.colcon_core.package_identification:_identify(src/ROS-TCP-Endpoint) by extensions ['colcon_meta']
[0.247s] Level 1:colcon.colcon_core.package_identification:_identify(src/ROS-TCP-Endpoint) by extension 'colcon_meta'
[0.247s] Level 1:colcon.colcon_core.package_identification:_identify(src/ROS-TCP-Endpoint) by extensions ['ros']
[0.247s] Level 1:colcon.colcon_core.package_identification:_identify(src/ROS-TCP-Endpoint) by extension 'ros'
[0.250s] DEBUG:colcon.colcon_core.package_identification:Package 'src/ROS-TCP-Endpoint' with type 'ros.ament_python' and name 'ros_tcp_endpoint'
[0.250s] Level 1:colcon.colcon_core.package_identification:_identify(src/kia_gd) by extensions ['ignore', 'ignore_ament_install']
[0.251s] Level 1:colcon.colcon_core.package_identification:_identify(src/kia_gd) by extension 'ignore'
[0.251s] Level 1:colcon.colcon_core.package_identification:_identify(src/kia_gd) by extension 'ignore_ament_install'
[0.251s] Level 1:colcon.colcon_core.package_identification:_identify(src/kia_gd) by extensions ['colcon_pkg']
[0.251s] Level 1:colcon.colcon_core.package_identification:_identify(src/kia_gd) by extension 'colcon_pkg'
[0.251s] Level 1:colcon.colcon_core.package_identification:_identify(src/kia_gd) by extensions ['colcon_meta']
[0.251s] Level 1:colcon.colcon_core.package_identification:_identify(src/kia_gd) by extension 'colcon_meta'
[0.251s] Level 1:colcon.colcon_core.package_identification:_identify(src/kia_gd) by extensions ['ros']
[0.251s] Level 1:colcon.colcon_core.package_identification:_identify(src/kia_gd) by extension 'ros'
[0.253s] DEBUG:colcon.colcon_core.package_identification:Package 'src/kia_gd' with type 'ros.ament_cmake' and name 'kia_gd'
[0.253s] Level 1:colcon.colcon_core.package_identification:_identify(src/ur_ros_rtde) by extensions ['ignore', 'ignore_ament_install']
[0.253s] Level 1:colcon.colcon_core.package_identification:_identify(src/ur_ros_rtde) by extension 'ignore'
[0.253s] Level 1:colcon.colcon_core.package_identification:_identify(src/ur_ros_rtde) by extension 'ignore_ament_install'
[0.253s] Level 1:colcon.colcon_core.package_identification:_identify(src/ur_ros_rtde) by extensions ['colcon_pkg']
[0.253s] Level 1:colcon.colcon_core.package_identification:_identify(src/ur_ros_rtde) by extension 'colcon_pkg'
[0.253s] Level 1:colcon.colcon_core.package_identification:_identify(src/ur_ros_rtde) by extensions ['colcon_meta']
[0.253s] Level 1:colcon.colcon_core.package_identification:_identify(src/ur_ros_rtde) by extension 'colcon_meta'
[0.253s] Level 1:colcon.colcon_core.package_identification:_identify(src/ur_ros_rtde) by extensions ['ros']
[0.253s] Level 1:colcon.colcon_core.package_identification:_identify(src/ur_ros_rtde) by extension 'ros'
[0.254s] Level 1:colcon.colcon_core.package_identification:_identify(src/ur_ros_rtde) by extensions ['cmake', 'python']
[0.254s] Level 1:colcon.colcon_core.package_identification:_identify(src/ur_ros_rtde) by extension 'cmake'
[0.254s] Level 1:colcon.colcon_core.package_identification:_identify(src/ur_ros_rtde) by extension 'python'
[0.254s] Level 1:colcon.colcon_core.package_identification:_identify(src/ur_ros_rtde) by extensions ['python_setup_py']
[0.254s] Level 1:colcon.colcon_core.package_identification:_identify(src/ur_ros_rtde) by extension 'python_setup_py'
[0.254s] Level 1:colcon.colcon_core.package_identification:_identify(src/ur_ros_rtde/build) by extensions ['ignore', 'ignore_ament_install']
[0.254s] Level 1:colcon.colcon_core.package_identification:_identify(src/ur_ros_rtde/build) by extension 'ignore'
[0.254s] Level 1:colcon.colcon_core.package_identification:_identify(src/ur_ros_rtde/build) ignored
[0.254s] Level 1:colcon.colcon_core.package_identification:_identify(src/ur_ros_rtde/images) by extensions ['ignore', 'ignore_ament_install']
[0.255s] Level 1:colcon.colcon_core.package_identification:_identify(src/ur_ros_rtde/images) by extension 'ignore'
[0.255s] Level 1:colcon.colcon_core.package_identification:_identify(src/ur_ros_rtde/images) by extension 'ignore_ament_install'
[0.255s] Level 1:colcon.colcon_core.package_identification:_identify(src/ur_ros_rtde/images) by extensions ['colcon_pkg']
[0.255s] Level 1:colcon.colcon_core.package_identification:_identify(src/ur_ros_rtde/images) by extension 'colcon_pkg'
[0.255s] Level 1:colcon.colcon_core.package_identification:_identify(src/ur_ros_rtde/images) by extensions ['colcon_meta']
[0.255s] Level 1:colcon.colcon_core.package_identification:_identify(src/ur_ros_rtde/images) by extension 'colcon_meta'
[0.255s] Level 1:colcon.colcon_core.package_identification:_identify(src/ur_ros_rtde/images) by extensions ['ros']
[0.255s] Level 1:colcon.colcon_core.package_identification:_identify(src/ur_ros_rtde/images) by extension 'ros'
[0.255s] Level 1:colcon.colcon_core.package_identification:_identify(src/ur_ros_rtde/images) by extensions ['cmake', 'python']
[0.255s] Level 1:colcon.colcon_core.package_identification:_identify(src/ur_ros_rtde/images) by extension 'cmake'
[0.255s] Level 1:colcon.colcon_core.package_identification:_identify(src/ur_ros_rtde/images) by extension 'python'
[0.255s] Level 1:colcon.colcon_core.package_identification:_identify(src/ur_ros_rtde/images) by extensions ['python_setup_py']
[0.255s] Level 1:colcon.colcon_core.package_identification:_identify(src/ur_ros_rtde/images) by extension 'python_setup_py'
[0.255s] Level 1:colcon.colcon_core.package_identification:_identify(src/ur_ros_rtde/install) by extensions ['ignore', 'ignore_ament_install']
[0.256s] Level 1:colcon.colcon_core.package_identification:_identify(src/ur_ros_rtde/install) by extension 'ignore'
[0.256s] Level 1:colcon.colcon_core.package_identification:_identify(src/ur_ros_rtde/install) ignored
[0.256s] Level 1:colcon.colcon_core.package_identification:_identify(src/ur_ros_rtde/log) by extensions ['ignore', 'ignore_ament_install']
[0.256s] Level 1:colcon.colcon_core.package_identification:_identify(src/ur_ros_rtde/log) by extension 'ignore'
[0.256s] Level 1:colcon.colcon_core.package_identification:_identify(src/ur_ros_rtde/log) ignored
[0.256s] Level 1:colcon.colcon_core.package_identification:_identify(src/ur_ros_rtde/simple_ur10e_description) by extensions ['ignore', 'ignore_ament_install']
[0.256s] Level 1:colcon.colcon_core.package_identification:_identify(src/ur_ros_rtde/simple_ur10e_description) by extension 'ignore'
[0.256s] Level 1:colcon.colcon_core.package_identification:_identify(src/ur_ros_rtde/simple_ur10e_description) by extension 'ignore_ament_install'
[0.256s] Level 1:colcon.colcon_core.package_identification:_identify(src/ur_ros_rtde/simple_ur10e_description) by extensions ['colcon_pkg']
[0.256s] Level 1:colcon.colcon_core.package_identification:_identify(src/ur_ros_rtde/simple_ur10e_description) by extension 'colcon_pkg'
[0.256s] Level 1:colcon.colcon_core.package_identification:_identify(src/ur_ros_rtde/simple_ur10e_description) by extensions ['colcon_meta']
[0.256s] Level 1:colcon.colcon_core.package_identification:_identify(src/ur_ros_rtde/simple_ur10e_description) by extension 'colcon_meta'
[0.257s] Level 1:colcon.colcon_core.package_identification:_identify(src/ur_ros_rtde/simple_ur10e_description) by extensions ['ros']
[0.257s] Level 1:colcon.colcon_core.package_identification:_identify(src/ur_ros_rtde/simple_ur10e_description) by extension 'ros'
[0.257s] DEBUG:colcon.colcon_core.package_identification:Package 'src/ur_ros_rtde/simple_ur10e_description' with type 'ros.ament_cmake' and name 'simple_ur10e_description'
[0.258s] Level 1:colcon.colcon_core.package_identification:_identify(src/ur_ros_rtde/simple_ur10e_moveit_config) by extensions ['ignore', 'ignore_ament_install']
[0.258s] Level 1:colcon.colcon_core.package_identification:_identify(src/ur_ros_rtde/simple_ur10e_moveit_config) by extension 'ignore'
[0.258s] Level 1:colcon.colcon_core.package_identification:_identify(src/ur_ros_rtde/simple_ur10e_moveit_config) by extension 'ignore_ament_install'
[0.258s] Level 1:colcon.colcon_core.package_identification:_identify(src/ur_ros_rtde/simple_ur10e_moveit_config) by extensions ['colcon_pkg']
[0.258s] Level 1:colcon.colcon_core.package_identification:_identify(src/ur_ros_rtde/simple_ur10e_moveit_config) by extension 'colcon_pkg'
[0.258s] Level 1:colcon.colcon_core.package_identification:_identify(src/ur_ros_rtde/simple_ur10e_moveit_config) by extensions ['colcon_meta']
[0.258s] Level 1:colcon.colcon_core.package_identification:_identify(src/ur_ros_rtde/simple_ur10e_moveit_config) by extension 'colcon_meta'
[0.258s] Level 1:colcon.colcon_core.package_identification:_identify(src/ur_ros_rtde/simple_ur10e_moveit_config) by extensions ['ros']
[0.258s] Level 1:colcon.colcon_core.package_identification:_identify(src/ur_ros_rtde/simple_ur10e_moveit_config) by extension 'ros'
[0.259s] DEBUG:colcon.colcon_core.package_identification:Package 'src/ur_ros_rtde/simple_ur10e_moveit_config' with type 'ros.ament_cmake' and name 'simple_ur10e_moveit_config'
[0.259s] Level 1:colcon.colcon_core.package_identification:_identify(src/ur_ros_rtde/ur_ros_rtde) by extensions ['ignore', 'ignore_ament_install']
[0.259s] Level 1:colcon.colcon_core.package_identification:_identify(src/ur_ros_rtde/ur_ros_rtde) by extension 'ignore'
[0.260s] Level 1:colcon.colcon_core.package_identification:_identify(src/ur_ros_rtde/ur_ros_rtde) by extension 'ignore_ament_install'
[0.260s] Level 1:colcon.colcon_core.package_identification:_identify(src/ur_ros_rtde/ur_ros_rtde) by extensions ['colcon_pkg']
[0.260s] Level 1:colcon.colcon_core.package_identification:_identify(src/ur_ros_rtde/ur_ros_rtde) by extension 'colcon_pkg'
[0.260s] Level 1:colcon.colcon_core.package_identification:_identify(src/ur_ros_rtde/ur_ros_rtde) by extensions ['colcon_meta']
[0.260s] Level 1:colcon.colcon_core.package_identification:_identify(src/ur_ros_rtde/ur_ros_rtde) by extension 'colcon_meta'
[0.260s] Level 1:colcon.colcon_core.package_identification:_identify(src/ur_ros_rtde/ur_ros_rtde) by extensions ['ros']
[0.260s] Level 1:colcon.colcon_core.package_identification:_identify(src/ur_ros_rtde/ur_ros_rtde) by extension 'ros'
[0.261s] DEBUG:colcon.colcon_core.package_identification:Package 'src/ur_ros_rtde/ur_ros_rtde' with type 'ros.ament_cmake' and name 'ur_ros_rtde'
[0.261s] Level 1:colcon.colcon_core.package_identification:_identify(src/ur_ros_rtde/ur_ros_rtde_gripper_commands) by extensions ['ignore', 'ignore_ament_install']
[0.261s] Level 1:colcon.colcon_core.package_identification:_identify(src/ur_ros_rtde/ur_ros_rtde_gripper_commands) by extension 'ignore'
[0.261s] Level 1:colcon.colcon_core.package_identification:_identify(src/ur_ros_rtde/ur_ros_rtde_gripper_commands) by extension 'ignore_ament_install'
[0.261s] Level 1:colcon.colcon_core.package_identification:_identify(src/ur_ros_rtde/ur_ros_rtde_gripper_commands) by extensions ['colcon_pkg']
[0.261s] Level 1:colcon.colcon_core.package_identification:_identify(src/ur_ros_rtde/ur_ros_rtde_gripper_commands) by extension 'colcon_pkg'
[0.261s] Level 1:colcon.colcon_core.package_identification:_identify(src/ur_ros_rtde/ur_ros_rtde_gripper_commands) by extensions ['colcon_meta']
[0.261s] Level 1:colcon.colcon_core.package_identification:_identify(src/ur_ros_rtde/ur_ros_rtde_gripper_commands) by extension 'colcon_meta'
[0.261s] Level 1:colcon.colcon_core.package_identification:_identify(src/ur_ros_rtde/ur_ros_rtde_gripper_commands) by extensions ['ros']
[0.261s] Level 1:colcon.colcon_core.package_identification:_identify(src/ur_ros_rtde/ur_ros_rtde_gripper_commands) by extension 'ros'
[0.262s] DEBUG:colcon.colcon_core.package_identification:Package 'src/ur_ros_rtde/ur_ros_rtde_gripper_commands' with type 'ros.ament_cmake' and name 'ur_ros_rtde_gripper_commands'
[0.262s] Level 1:colcon.colcon_core.package_identification:_identify(src/ur_ros_rtde/ur_ros_rtde_msgs) by extensions ['ignore', 'ignore_ament_install']
[0.262s] Level 1:colcon.colcon_core.package_identification:_identify(src/ur_ros_rtde/ur_ros_rtde_msgs) by extension 'ignore'
[0.263s] Level 1:colcon.colcon_core.package_identification:_identify(src/ur_ros_rtde/ur_ros_rtde_msgs) by extension 'ignore_ament_install'
[0.263s] Level 1:colcon.colcon_core.package_identification:_identify(src/ur_ros_rtde/ur_ros_rtde_msgs) by extensions ['colcon_pkg']
[0.263s] Level 1:colcon.colcon_core.package_identification:_identify(src/ur_ros_rtde/ur_ros_rtde_msgs) by extension 'colcon_pkg'
[0.263s] Level 1:colcon.colcon_core.package_identification:_identify(src/ur_ros_rtde/ur_ros_rtde_msgs) by extensions ['colcon_meta']
[0.263s] Level 1:colcon.colcon_core.package_identification:_identify(src/ur_ros_rtde/ur_ros_rtde_msgs) by extension 'colcon_meta'
[0.263s] Level 1:colcon.colcon_core.package_identification:_identify(src/ur_ros_rtde/ur_ros_rtde_msgs) by extensions ['ros']
[0.263s] Level 1:colcon.colcon_core.package_identification:_identify(src/ur_ros_rtde/ur_ros_rtde_msgs) by extension 'ros'
[0.264s] DEBUG:colcon.colcon_core.package_identification:Package 'src/ur_ros_rtde/ur_ros_rtde_msgs' with type 'ros.ament_cmake' and name 'ur_ros_rtde_msgs'
[0.264s] Level 1:colcon.colcon_core.package_identification:_identify(src/ur_ros_rtde/ur_ros_rtde_simple_clients) by extensions ['ignore', 'ignore_ament_install']
[0.264s] Level 1:colcon.colcon_core.package_identification:_identify(src/ur_ros_rtde/ur_ros_rtde_simple_clients) by extension 'ignore'
[0.264s] Level 1:colcon.colcon_core.package_identification:_identify(src/ur_ros_rtde/ur_ros_rtde_simple_clients) by extension 'ignore_ament_install'
[0.264s] Level 1:colcon.colcon_core.package_identification:_identify(src/ur_ros_rtde/ur_ros_rtde_simple_clients) by extensions ['colcon_pkg']
[0.264s] Level 1:colcon.colcon_core.package_identification:_identify(src/ur_ros_rtde/ur_ros_rtde_simple_clients) by extension 'colcon_pkg'
[0.264s] Level 1:colcon.colcon_core.package_identification:_identify(src/ur_ros_rtde/ur_ros_rtde_simple_clients) by extensions ['colcon_meta']
[0.264s] Level 1:colcon.colcon_core.package_identification:_identify(src/ur_ros_rtde/ur_ros_rtde_simple_clients) by extension 'colcon_meta'
[0.265s] Level 1:colcon.colcon_core.package_identification:_identify(src/ur_ros_rtde/ur_ros_rtde_simple_clients) by extensions ['ros']
[0.265s] Level 1:colcon.colcon_core.package_identification:_identify(src/ur_ros_rtde/ur_ros_rtde_simple_clients) by extension 'ros'
[0.265s] DEBUG:colcon.colcon_core.package_identification:Package 'src/ur_ros_rtde/ur_ros_rtde_simple_clients' with type 'ros.ament_cmake' and name 'ur_ros_rtde_simple_clients'
[0.266s] Level 1:colcon.colcon_core.package_identification:_identify(src/ur_ros_rtde/ur_ros_rtde_tutorials) by extensions ['ignore', 'ignore_ament_install']
[0.266s] Level 1:colcon.colcon_core.package_identification:_identify(src/ur_ros_rtde/ur_ros_rtde_tutorials) by extension 'ignore'
[0.266s] Level 1:colcon.colcon_core.package_identification:_identify(src/ur_ros_rtde/ur_ros_rtde_tutorials) by extension 'ignore_ament_install'
[0.266s] Level 1:colcon.colcon_core.package_identification:_identify(src/ur_ros_rtde/ur_ros_rtde_tutorials) by extensions ['colcon_pkg']
[0.266s] Level 1:colcon.colcon_core.package_identification:_identify(src/ur_ros_rtde/ur_ros_rtde_tutorials) by extension 'colcon_pkg'
[0.266s] Level 1:colcon.colcon_core.package_identification:_identify(src/ur_ros_rtde/ur_ros_rtde_tutorials) by extensions ['colcon_meta']
[0.266s] Level 1:colcon.colcon_core.package_identification:_identify(src/ur_ros_rtde/ur_ros_rtde_tutorials) by extension 'colcon_meta'
[0.266s] Level 1:colcon.colcon_core.package_identification:_identify(src/ur_ros_rtde/ur_ros_rtde_tutorials) by extensions ['ros']
[0.266s] Level 1:colcon.colcon_core.package_identification:_identify(src/ur_ros_rtde/ur_ros_rtde_tutorials) by extension 'ros'
[0.267s] DEBUG:colcon.colcon_core.package_identification:Package 'src/ur_ros_rtde/ur_ros_rtde_tutorials' with type 'ros.ament_cmake' and name 'ur_ros_rtde_tutorials'
[0.267s] Level 1:colcon.colcon_core.package_identification:_identify(ursim_programs) by extensions ['ignore', 'ignore_ament_install']
[0.267s] Level 1:colcon.colcon_core.package_identification:_identify(ursim_programs) by extension 'ignore'
[0.267s] Level 1:colcon.colcon_core.package_identification:_identify(ursim_programs) by extension 'ignore_ament_install'
[0.268s] Level 1:colcon.colcon_core.package_identification:_identify(ursim_programs) by extensions ['colcon_pkg']
[0.268s] Level 1:colcon.colcon_core.package_identification:_identify(ursim_programs) by extension 'colcon_pkg'
[0.268s] Level 1:colcon.colcon_core.package_identification:_identify(ursim_programs) by extensions ['colcon_meta']
[0.268s] Level 1:colcon.colcon_core.package_identification:_identify(ursim_programs) by extension 'colcon_meta'
[0.268s] Level 1:colcon.colcon_core.package_identification:_identify(ursim_programs) by extensions ['ros']
[0.268s] Level 1:colcon.colcon_core.package_identification:_identify(ursim_programs) by extension 'ros'
[0.268s] Level 1:colcon.colcon_core.package_identification:_identify(ursim_programs) by extensions ['cmake', 'python']
[0.268s] Level 1:colcon.colcon_core.package_identification:_identify(ursim_programs) by extension 'cmake'
[0.268s] Level 1:colcon.colcon_core.package_identification:_identify(ursim_programs) by extension 'python'
[0.268s] Level 1:colcon.colcon_core.package_identification:_identify(ursim_programs) by extensions ['python_setup_py']
[0.268s] Level 1:colcon.colcon_core.package_identification:_identify(ursim_programs) by extension 'python_setup_py'
[0.268s] Level 1:colcon.colcon_core.package_discovery:discover_packages(recursive) using defaults
[0.268s] Level 1:colcon.colcon_core.package_discovery:discover_packages(ignore) discover
[0.268s] Level 1:colcon.colcon_core.package_discovery:discover_packages(ignore) using defaults
[0.268s] Level 1:colcon.colcon_core.package_discovery:discover_packages(path) discover
[0.268s] Level 1:colcon.colcon_core.package_discovery:discover_packages(path) using defaults
[0.296s] Level 1:colcon.colcon_core.package_discovery:discover_packages(prefix_path) check parameters
[0.297s] Level 1:colcon.colcon_core.package_discovery:discover_packages(prefix_path) discover
[0.300s] DEBUG:colcon.colcon_installed_package_information.package_discovery:Found 6 installed packages in /home/alberto/Documents/sub_alberto/install
[0.302s] DEBUG:colcon.colcon_installed_package_information.package_discovery:Found 17 installed packages in /home/alberto/Documents/kia_gd_ws/install
[0.303s] DEBUG:colcon.colcon_installed_package_information.package_discovery:Found 8 installed packages in /home/alberto/install
[0.304s] DEBUG:colcon.colcon_installed_package_information.package_discovery:Found 4 installed packages in /home/alberto/ros2_ws/install
[0.305s] DEBUG:colcon.colcon_installed_package_information.package_discovery:Found 1 installed packages in /home/alberto/uuv/install
[0.307s] DEBUG:colcon.colcon_installed_package_information.package_discovery:Found 334 installed packages in /opt/ros/humble
[0.309s] Level 1:colcon.colcon_core.package_discovery:discover_packages(prefix_path) using defaults
[0.381s] Level 5:colcon.colcon_core.verb:set package 'kia_gd' build argument 'cmake_args' from command line to 'None'
[0.382s] Level 5:colcon.colcon_core.verb:set package 'kia_gd' build argument 'cmake_target' from command line to 'None'
[0.382s] Level 5:colcon.colcon_core.verb:set package 'kia_gd' build argument 'cmake_target_skip_unavailable' from command line to 'False'
[0.382s] Level 5:colcon.colcon_core.verb:set package 'kia_gd' build argument 'cmake_clean_cache' from command line to 'False'
[0.382s] Level 5:colcon.colcon_core.verb:set package 'kia_gd' build argument 'cmake_clean_first' from command line to 'False'
[0.382s] Level 5:colcon.colcon_core.verb:set package 'kia_gd' build argument 'cmake_force_configure' from command line to 'False'
[0.382s] Level 5:colcon.colcon_core.verb:set package 'kia_gd' build argument 'ament_cmake_args' from command line to 'None'
[0.382s] Level 5:colcon.colcon_core.verb:set package 'kia_gd' build argument 'catkin_cmake_args' from command line to 'None'
[0.382s] Level 5:colcon.colcon_core.verb:set package 'kia_gd' build argument 'catkin_skip_building_tests' from command line to 'False'
[0.382s] DEBUG:colcon.colcon_core.verb:Building package 'kia_gd' with the following arguments: {'ament_cmake_args': None, 'build_base': '/home/alberto/Documents/kia_gd_ws/build/kia_gd', 'catkin_cmake_args': None, 'catkin_skip_building_tests': False, 'cmake_args': None, 'cmake_clean_cache': False, 'cmake_clean_first': False, 'cmake_force_configure': False, 'cmake_target': None, 'cmake_target_skip_unavailable': False, 'install_base': '/home/alberto/Documents/kia_gd_ws/install/kia_gd', 'merge_install': False, 'path': '/home/alberto/Documents/kia_gd_ws/src/kia_gd', 'symlink_install': False, 'test_result_base': None}
[0.382s] Level 5:colcon.colcon_core.verb:set package 'ros_tcp_endpoint' build argument 'cmake_args' from command line to 'None'
[0.382s] Level 5:colcon.colcon_core.verb:set package 'ros_tcp_endpoint' build argument 'cmake_target' from command line to 'None'
[0.382s] Level 5:colcon.colcon_core.verb:set package 'ros_tcp_endpoint' build argument 'cmake_target_skip_unavailable' from command line to 'False'
[0.382s] Level 5:colcon.colcon_core.verb:set package 'ros_tcp_endpoint' build argument 'cmake_clean_cache' from command line to 'False'
[0.382s] Level 5:colcon.colcon_core.verb:set package 'ros_tcp_endpoint' build argument 'cmake_clean_first' from command line to 'False'
[0.382s] Level 5:colcon.colcon_core.verb:set package 'ros_tcp_endpoint' build argument 'cmake_force_configure' from command line to 'False'
[0.382s] Level 5:colcon.colcon_core.verb:set package 'ros_tcp_endpoint' build argument 'ament_cmake_args' from command line to 'None'
[0.383s] Level 5:colcon.colcon_core.verb:set package 'ros_tcp_endpoint' build argument 'catkin_cmake_args' from command line to 'None'
[0.383s] Level 5:colcon.colcon_core.verb:set package 'ros_tcp_endpoint' build argument 'catkin_skip_building_tests' from command line to 'False'
[0.383s] DEBUG:colcon.colcon_core.verb:Building package 'ros_tcp_endpoint' with the following arguments: {'ament_cmake_args': None, 'build_base': '/home/alberto/Documents/kia_gd_ws/build/ros_tcp_endpoint', 'catkin_cmake_args': None, 'catkin_skip_building_tests': False, 'cmake_args': None, 'cmake_clean_cache': False, 'cmake_clean_first': False, 'cmake_force_configure': False, 'cmake_target': None, 'cmake_target_skip_unavailable': False, 'install_base': '/home/alberto/Documents/kia_gd_ws/install/ros_tcp_endpoint', 'merge_install': False, 'path': '/home/alberto/Documents/kia_gd_ws/src/ROS-TCP-Endpoint', 'symlink_install': False, 'test_result_base': None}
[0.383s] Level 5:colcon.colcon_core.verb:set package 'simple_ur10e_description' build argument 'cmake_args' from command line to 'None'
[0.383s] Level 5:colcon.colcon_core.verb:set package 'simple_ur10e_description' build argument 'cmake_target' from command line to 'None'
[0.383s] Level 5:colcon.colcon_core.verb:set package 'simple_ur10e_description' build argument 'cmake_target_skip_unavailable' from command line to 'False'
[0.383s] Level 5:colcon.colcon_core.verb:set package 'simple_ur10e_description' build argument 'cmake_clean_cache' from command line to 'False'
[0.383s] Level 5:colcon.colcon_core.verb:set package 'simple_ur10e_description' build argument 'cmake_clean_first' from command line to 'False'
[0.383s] Level 5:colcon.colcon_core.verb:set package 'simple_ur10e_description' build argument 'cmake_force_configure' from command line to 'False'
[0.383s] Level 5:colcon.colcon_core.verb:set package 'simple_ur10e_description' build argument 'ament_cmake_args' from command line to 'None'
[0.383s] Level 5:colcon.colcon_core.verb:set package 'simple_ur10e_description' build argument 'catkin_cmake_args' from command line to 'None'
[0.383s] Level 5:colcon.colcon_core.verb:set package 'simple_ur10e_description' build argument 'catkin_skip_building_tests' from command line to 'False'
[0.384s] DEBUG:colcon.colcon_core.verb:Building package 'simple_ur10e_description' with the following arguments: {'ament_cmake_args': None, 'build_base': '/home/alberto/Documents/kia_gd_ws/build/simple_ur10e_description', 'catkin_cmake_args': None, 'catkin_skip_building_tests': False, 'cmake_args': None, 'cmake_clean_cache': False, 'cmake_clean_first': False, 'cmake_force_configure': False, 'cmake_target': None, 'cmake_target_skip_unavailable': False, 'install_base': '/home/alberto/Documents/kia_gd_ws/install/simple_ur10e_description', 'merge_install': False, 'path': '/home/alberto/Documents/kia_gd_ws/src/ur_ros_rtde/simple_ur10e_description', 'symlink_install': False, 'test_result_base': None}
[0.384s] Level 5:colcon.colcon_core.verb:set package 'ur_ros_rtde_msgs' build argument 'cmake_args' from command line to 'None'
[0.384s] Level 5:colcon.colcon_core.verb:set package 'ur_ros_rtde_msgs' build argument 'cmake_target' from command line to 'None'
[0.384s] Level 5:colcon.colcon_core.verb:set package 'ur_ros_rtde_msgs' build argument 'cmake_target_skip_unavailable' from command line to 'False'
[0.384s] Level 5:colcon.colcon_core.verb:set package 'ur_ros_rtde_msgs' build argument 'cmake_clean_cache' from command line to 'False'
[0.384s] Level 5:colcon.colcon_core.verb:set package 'ur_ros_rtde_msgs' build argument 'cmake_clean_first' from command line to 'False'
[0.384s] Level 5:colcon.colcon_core.verb:set package 'ur_ros_rtde_msgs' build argument 'cmake_force_configure' from command line to 'False'
[0.384s] Level 5:colcon.colcon_core.verb:set package 'ur_ros_rtde_msgs' build argument 'ament_cmake_args' from command line to 'None'
[0.384s] Level 5:colcon.colcon_core.verb:set package 'ur_ros_rtde_msgs' build argument 'catkin_cmake_args' from command line to 'None'
[0.384s] Level 5:colcon.colcon_core.verb:set package 'ur_ros_rtde_msgs' build argument 'catkin_skip_building_tests' from command line to 'False'
[0.384s] DEBUG:colcon.colcon_core.verb:Building package 'ur_ros_rtde_msgs' with the following arguments: {'ament_cmake_args': None, 'build_base': '/home/alberto/Documents/kia_gd_ws/build/ur_ros_rtde_msgs', 'catkin_cmake_args': None, 'catkin_skip_building_tests': False, 'cmake_args': None, 'cmake_clean_cache': False, 'cmake_clean_first': False, 'cmake_force_configure': False, 'cmake_target': None, 'cmake_target_skip_unavailable': False, 'install_base': '/home/alberto/Documents/kia_gd_ws/install/ur_ros_rtde_msgs', 'merge_install': False, 'path': '/home/alberto/Documents/kia_gd_ws/src/ur_ros_rtde/ur_ros_rtde_msgs', 'symlink_install': False, 'test_result_base': None}
[0.385s] Level 5:colcon.colcon_core.verb:set package 'ur_ros_rtde_simple_clients' build argument 'cmake_args' from command line to 'None'
[0.385s] Level 5:colcon.colcon_core.verb:set package 'ur_ros_rtde_simple_clients' build argument 'cmake_target' from command line to 'None'
[0.385s] Level 5:colcon.colcon_core.verb:set package 'ur_ros_rtde_simple_clients' build argument 'cmake_target_skip_unavailable' from command line to 'False'
[0.385s] Level 5:colcon.colcon_core.verb:set package 'ur_ros_rtde_simple_clients' build argument 'cmake_clean_cache' from command line to 'False'
[0.385s] Level 5:colcon.colcon_core.verb:set package 'ur_ros_rtde_simple_clients' build argument 'cmake_clean_first' from command line to 'False'
[0.385s] Level 5:colcon.colcon_core.verb:set package 'ur_ros_rtde_simple_clients' build argument 'cmake_force_configure' from command line to 'False'
[0.385s] Level 5:colcon.colcon_core.verb:set package 'ur_ros_rtde_simple_clients' build argument 'ament_cmake_args' from command line to 'None'
[0.385s] Level 5:colcon.colcon_core.verb:set package 'ur_ros_rtde_simple_clients' build argument 'catkin_cmake_args' from command line to 'None'
[0.385s] Level 5:colcon.colcon_core.verb:set package 'ur_ros_rtde_simple_clients' build argument 'catkin_skip_building_tests' from command line to 'False'
[0.385s] DEBUG:colcon.colcon_core.verb:Building package 'ur_ros_rtde_simple_clients' with the following arguments: {'ament_cmake_args': None, 'build_base': '/home/alberto/Documents/kia_gd_ws/build/ur_ros_rtde_simple_clients', 'catkin_cmake_args': None, 'catkin_skip_building_tests': False, 'cmake_args': None, 'cmake_clean_cache': False, 'cmake_clean_first': False, 'cmake_force_configure': False, 'cmake_target': None, 'cmake_target_skip_unavailable': False, 'install_base': '/home/alberto/Documents/kia_gd_ws/install/ur_ros_rtde_simple_clients', 'merge_install': False, 'path': '/home/alberto/Documents/kia_gd_ws/src/ur_ros_rtde/ur_ros_rtde_simple_clients', 'symlink_install': False, 'test_result_base': None}
[0.386s] Level 5:colcon.colcon_core.verb:set package 'simple_ur10e_moveit_config' build argument 'cmake_args' from command line to 'None'
[0.386s] Level 5:colcon.colcon_core.verb:set package 'simple_ur10e_moveit_config' build argument 'cmake_target' from command line to 'None'
[0.386s] Level 5:colcon.colcon_core.verb:set package 'simple_ur10e_moveit_config' build argument 'cmake_target_skip_unavailable' from command line to 'False'
[0.386s] Level 5:colcon.colcon_core.verb:set package 'simple_ur10e_moveit_config' build argument 'cmake_clean_cache' from command line to 'False'
[0.386s] Level 5:colcon.colcon_core.verb:set package 'simple_ur10e_moveit_config' build argument 'cmake_clean_first' from command line to 'False'
[0.386s] Level 5:colcon.colcon_core.verb:set package 'simple_ur10e_moveit_config' build argument 'cmake_force_configure' from command line to 'False'
[0.386s] Level 5:colcon.colcon_core.verb:set package 'simple_ur10e_moveit_config' build argument 'ament_cmake_args' from command line to 'None'
[0.386s] Level 5:colcon.colcon_core.verb:set package 'simple_ur10e_moveit_config' build argument 'catkin_cmake_args' from command line to 'None'
[0.386s] Level 5:colcon.colcon_core.verb:set package 'simple_ur10e_moveit_config' build argument 'catkin_skip_building_tests' from command line to 'False'
[0.386s] DEBUG:colcon.colcon_core.verb:Building package 'simple_ur10e_moveit_config' with the following arguments: {'ament_cmake_args': None, 'build_base': '/home/alberto/Documents/kia_gd_ws/build/simple_ur10e_moveit_config', 'catkin_cmake_args': None, 'catkin_skip_building_tests': False, 'cmake_args': None, 'cmake_clean_cache': False, 'cmake_clean_first': False, 'cmake_force_configure': False, 'cmake_target': None, 'cmake_target_skip_unavailable': False, 'install_base': '/home/alberto/Documents/kia_gd_ws/install/simple_ur10e_moveit_config', 'merge_install': False, 'path': '/home/alberto/Documents/kia_gd_ws/src/ur_ros_rtde/simple_ur10e_moveit_config', 'symlink_install': False, 'test_result_base': None}
[0.386s] Level 5:colcon.colcon_core.verb:set package 'ur_ros_rtde' build argument 'cmake_args' from command line to 'None'
[0.386s] Level 5:colcon.colcon_core.verb:set package 'ur_ros_rtde' build argument 'cmake_target' from command line to 'None'
[0.386s] Level 5:colcon.colcon_core.verb:set package 'ur_ros_rtde' build argument 'cmake_target_skip_unavailable' from command line to 'False'
[0.386s] Level 5:colcon.colcon_core.verb:set package 'ur_ros_rtde' build argument 'cmake_clean_cache' from command line to 'False'
[0.386s] Level 5:colcon.colcon_core.verb:set package 'ur_ros_rtde' build argument 'cmake_clean_first' from command line to 'False'
[0.386s] Level 5:colcon.colcon_core.verb:set package 'ur_ros_rtde' build argument 'cmake_force_configure' from command line to 'False'
[0.387s] Level 5:colcon.colcon_core.verb:set package 'ur_ros_rtde' build argument 'ament_cmake_args' from command line to 'None'
[0.387s] Level 5:colcon.colcon_core.verb:set package 'ur_ros_rtde' build argument 'catkin_cmake_args' from command line to 'None'
[0.387s] Level 5:colcon.colcon_core.verb:set package 'ur_ros_rtde' build argument 'catkin_skip_building_tests' from command line to 'False'
[0.387s] DEBUG:colcon.colcon_core.verb:Building package 'ur_ros_rtde' with the following arguments: {'ament_cmake_args': None, 'build_base': '/home/alberto/Documents/kia_gd_ws/build/ur_ros_rtde', 'catkin_cmake_args': None, 'catkin_skip_building_tests': False, 'cmake_args': None, 'cmake_clean_cache': False, 'cmake_clean_first': False, 'cmake_force_configure': False, 'cmake_target': None, 'cmake_target_skip_unavailable': False, 'install_base': '/home/alberto/Documents/kia_gd_ws/install/ur_ros_rtde', 'merge_install': False, 'path': '/home/alberto/Documents/kia_gd_ws/src/ur_ros_rtde/ur_ros_rtde', 'symlink_install': False, 'test_result_base': None}
[0.387s] Level 5:colcon.colcon_core.verb:set package 'ur_ros_rtde_gripper_commands' build argument 'cmake_args' from command line to 'None'
[0.387s] Level 5:colcon.colcon_core.verb:set package 'ur_ros_rtde_gripper_commands' build argument 'cmake_target' from command line to 'None'
[0.387s] Level 5:colcon.colcon_core.verb:set package 'ur_ros_rtde_gripper_commands' build argument 'cmake_target_skip_unavailable' from command line to 'False'
[0.387s] Level 5:colcon.colcon_core.verb:set package 'ur_ros_rtde_gripper_commands' build argument 'cmake_clean_cache' from command line to 'False'
[0.387s] Level 5:colcon.colcon_core.verb:set package 'ur_ros_rtde_gripper_commands' build argument 'cmake_clean_first' from command line to 'False'
[0.387s] Level 5:colcon.colcon_core.verb:set package 'ur_ros_rtde_gripper_commands' build argument 'cmake_force_configure' from command line to 'False'
[0.387s] Level 5:colcon.colcon_core.verb:set package 'ur_ros_rtde_gripper_commands' build argument 'ament_cmake_args' from command line to 'None'
[0.387s] Level 5:colcon.colcon_core.verb:set package 'ur_ros_rtde_gripper_commands' build argument 'catkin_cmake_args' from command line to 'None'
[0.387s] Level 5:colcon.colcon_core.verb:set package 'ur_ros_rtde_gripper_commands' build argument 'catkin_skip_building_tests' from command line to 'False'
[0.387s] DEBUG:colcon.colcon_core.verb:Building package 'ur_ros_rtde_gripper_commands' with the following arguments: {'ament_cmake_args': None, 'build_base': '/home/alberto/Documents/kia_gd_ws/build/ur_ros_rtde_gripper_commands', 'catkin_cmake_args': None, 'catkin_skip_building_tests': False, 'cmake_args': None, 'cmake_clean_cache': False, 'cmake_clean_first': False, 'cmake_force_configure': False, 'cmake_target': None, 'cmake_target_skip_unavailable': False, 'install_base': '/home/alberto/Documents/kia_gd_ws/install/ur_ros_rtde_gripper_commands', 'merge_install': False, 'path': '/home/alberto/Documents/kia_gd_ws/src/ur_ros_rtde/ur_ros_rtde_gripper_commands', 'symlink_install': False, 'test_result_base': None}
[0.388s] Level 5:colcon.colcon_core.verb:set package 'ur_ros_rtde_tutorials' build argument 'cmake_args' from command line to 'None'
[0.388s] Level 5:colcon.colcon_core.verb:set package 'ur_ros_rtde_tutorials' build argument 'cmake_target' from command line to 'None'
[0.388s] Level 5:colcon.colcon_core.verb:set package 'ur_ros_rtde_tutorials' build argument 'cmake_target_skip_unavailable' from command line to 'False'
[0.388s] Level 5:colcon.colcon_core.verb:set package 'ur_ros_rtde_tutorials' build argument 'cmake_clean_cache' from command line to 'False'
[0.388s] Level 5:colcon.colcon_core.verb:set package 'ur_ros_rtde_tutorials' build argument 'cmake_clean_first' from command line to 'False'
[0.388s] Level 5:colcon.colcon_core.verb:set package 'ur_ros_rtde_tutorials' build argument 'cmake_force_configure' from command line to 'False'
[0.388s] Level 5:colcon.colcon_core.verb:set package 'ur_ros_rtde_tutorials' build argument 'ament_cmake_args' from command line to 'None'
[0.388s] Level 5:colcon.colcon_core.verb:set package 'ur_ros_rtde_tutorials' build argument 'catkin_cmake_args' from command line to 'None'
[0.388s] Level 5:colcon.colcon_core.verb:set package 'ur_ros_rtde_tutorials' build argument 'catkin_skip_building_tests' from command line to 'False'
[0.388s] DEBUG:colcon.colcon_core.verb:Building package 'ur_ros_rtde_tutorials' with the following arguments: {'ament_cmake_args': None, 'build_base': '/home/alberto/Documents/kia_gd_ws/build/ur_ros_rtde_tutorials', 'catkin_cmake_args': None, 'catkin_skip_building_tests': False, 'cmake_args': None, 'cmake_clean_cache': False, 'cmake_clean_first': False, 'cmake_force_configure': False, 'cmake_target': None, 'cmake_target_skip_unavailable': False, 'install_base': '/home/alberto/Documents/kia_gd_ws/install/ur_ros_rtde_tutorials', 'merge_install': False, 'path': '/home/alberto/Documents/kia_gd_ws/src/ur_ros_rtde/ur_ros_rtde_tutorials', 'symlink_install': False, 'test_result_base': None}
[0.388s] INFO:colcon.colcon_core.executor:Executing jobs using 'parallel' executor
[0.390s] DEBUG:colcon.colcon_parallel_executor.executor.parallel:run_until_complete
[0.390s] INFO:colcon.colcon_ros.task.ament_cmake.build:Building ROS package in '/home/alberto/Documents/kia_gd_ws/src/ur_ros_rtde/ur_ros_rtde_msgs' with build type 'ament_cmake'
[0.390s] INFO:colcon.colcon_cmake.task.cmake.build:Building CMake package in '/home/alberto/Documents/kia_gd_ws/src/ur_ros_rtde/ur_ros_rtde_msgs'
[0.394s] INFO:colcon.colcon_core.plugin_system:Skipping extension 'colcon_core.shell.bat': Not used on non-Windows systems
[0.394s] INFO:colcon.colcon_core.shell:Skip shell extension 'powershell' for command environment: Not usable outside of PowerShell
[0.394s] DEBUG:colcon.colcon_core.shell:Skip shell extension 'dsv' for command environment
[0.403s] INFO:colcon.colcon_ros.task.ament_cmake.build:Building ROS package in '/home/alberto/Documents/kia_gd_ws/src/ur_ros_rtde/ur_ros_rtde_simple_clients' with build type 'ament_cmake'
[0.403s] INFO:colcon.colcon_cmake.task.cmake.build:Building CMake package in '/home/alberto/Documents/kia_gd_ws/src/ur_ros_rtde/ur_ros_rtde_simple_clients'
[0.404s] INFO:colcon.colcon_core.shell:Skip shell extension 'powershell' for command environment: Not usable outside of PowerShell
[0.404s] DEBUG:colcon.colcon_core.shell:Skip shell extension 'dsv' for command environment
[0.412s] INFO:colcon.colcon_ros.task.ament_cmake.build:Building ROS package in '/home/alberto/Documents/kia_gd_ws/src/ur_ros_rtde/simple_ur10e_description' with build type 'ament_cmake'
[0.413s] INFO:colcon.colcon_cmake.task.cmake.build:Building CMake package in '/home/alberto/Documents/kia_gd_ws/src/ur_ros_rtde/simple_ur10e_description'
[0.413s] INFO:colcon.colcon_core.shell:Skip shell extension 'powershell' for command environment: Not usable outside of PowerShell
[0.413s] DEBUG:colcon.colcon_core.shell:Skip shell extension 'dsv' for command environment
[0.420s] INFO:colcon.colcon_ros.task.ament_cmake.build:Building ROS package in '/home/alberto/Documents/kia_gd_ws/src/kia_gd' with build type 'ament_cmake'
[0.420s] INFO:colcon.colcon_cmake.task.cmake.build:Building CMake package in '/home/alberto/Documents/kia_gd_ws/src/kia_gd'
[0.421s] INFO:colcon.colcon_core.shell:Skip shell extension 'powershell' for command environment: Not usable outside of PowerShell
[0.421s] DEBUG:colcon.colcon_core.shell:Skip shell extension 'dsv' for command environment
[0.431s] INFO:colcon.colcon_ros.task.ament_python.build:Building ROS package in '/home/alberto/Documents/kia_gd_ws/src/ROS-TCP-Endpoint' with build type 'ament_python'
[0.431s] Level 1:colcon.colcon_core.shell:create_environment_hook('ros_tcp_endpoint', 'ament_prefix_path')
[0.431s] INFO:colcon.colcon_core.shell:Creating environment hook '/home/alberto/Documents/kia_gd_ws/install/ros_tcp_endpoint/share/ros_tcp_endpoint/hook/ament_prefix_path.ps1'
[0.433s] INFO:colcon.colcon_core.shell:Creating environment descriptor '/home/alberto/Documents/kia_gd_ws/install/ros_tcp_endpoint/share/ros_tcp_endpoint/hook/ament_prefix_path.dsv'
[0.433s] INFO:colcon.colcon_core.shell:Creating environment hook '/home/alberto/Documents/kia_gd_ws/install/ros_tcp_endpoint/share/ros_tcp_endpoint/hook/ament_prefix_path.sh'
[0.435s] INFO:colcon.colcon_core.shell:Skip shell extension 'powershell' for command environment: Not usable outside of PowerShell
[0.435s] DEBUG:colcon.colcon_core.shell:Skip shell extension 'dsv' for command environment
[0.448s] DEBUG:colcon.colcon_core.event_handler.log_command:Invoking command in '/home/alberto/Documents/kia_gd_ws/build/ur_ros_rtde_msgs': CMAKE_PREFIX_PATH=/home/alberto/Documents/kia_gd_ws/install/ur_ros_rtde_tutorials:/home/alberto/Documents/kia_gd_ws/install/ur_ros_rtde:/home/alberto/Documents/kia_gd_ws/install/ur_ros_rtde_simple_clients:/home/alberto/Documents/kia_gd_ws/install/ur_ros_rtde_gripper_commands:/home/alberto/Documents/kia_gd_ws/install/ur_ros_rtde_msgs:/home/alberto/Documents/kia_gd_ws/install/ur:/home/alberto/Documents/kia_gd_ws/install/ur_calibration:/home/alberto/Documents/kia_gd_ws/install/ur_robot_driver:/home/alberto/Documents/kia_gd_ws/install/ur_moveit_config:/home/alberto/Documents/kia_gd_ws/install/ur_bringup:/home/alberto/Documents/kia_gd_ws/install/ur_controllers:/home/alberto/Documents/kia_gd_ws/install/ur_dashboard_msgs:/home/alberto/Documents/kia_gd_ws/install/simple_ur10e_moveit_config:/home/alberto/Documents/kia_gd_ws/install/simple_ur10e_description:/home/alberto/Documents/kia_gd_ws/install/kia_gd:/home/alberto/Documents/sub_alberto/install/uuv_visualization:/home/alberto/Documents/sub_alberto/install/uuv_vision:/home/alberto/Documents/sub_alberto/install/uuv_navigation:/home/alberto/Documents/sub_alberto/install/uuv_mission:/home/alberto/Documents/sub_alberto/install/uuv_master:/home/alberto/Documents/sub_alberto/install/uuv_control:/home/alberto/install/vectornav:/home/alberto/install/vectornav_msgs:/home/alberto/install/uuv_teleop:/home/alberto/install/uuv_description:/home/alberto/install/sub:/home/alberto/install/pid:/home/alberto/Documents/kia_gd_ws/install/ros_tcp_endpoint:/home/alberto/ros2_ws/install/docker_test:/opt/ros/humble:/home/alberto/install/catkin:/home/alberto/ros2_ws/install/sub:/home/alberto/ros2_ws/install/pid:/home/alberto/ros2_ws/install/catkin:/home/alberto/uuv/install/uuv /usr/bin/cmake --build /home/alberto/Documents/kia_gd_ws/build/ur_ros_rtde_msgs -- -j8 -l8
[0.452s] DEBUG:colcon.colcon_core.event_handler.log_command:Invoking command in '/home/alberto/Documents/kia_gd_ws/build/ur_ros_rtde_simple_clients': CMAKE_PREFIX_PATH=/home/alberto/Documents/kia_gd_ws/install/ur_ros_rtde_tutorials:/home/alberto/Documents/kia_gd_ws/install/ur_ros_rtde:/home/alberto/Documents/kia_gd_ws/install/ur_ros_rtde_simple_clients:/home/alberto/Documents/kia_gd_ws/install/ur_ros_rtde_gripper_commands:/home/alberto/Documents/kia_gd_ws/install/ur_ros_rtde_msgs:/home/alberto/Documents/kia_gd_ws/install/ur:/home/alberto/Documents/kia_gd_ws/install/ur_calibration:/home/alberto/Documents/kia_gd_ws/install/ur_robot_driver:/home/alberto/Documents/kia_gd_ws/install/ur_moveit_config:/home/alberto/Documents/kia_gd_ws/install/ur_bringup:/home/alberto/Documents/kia_gd_ws/install/ur_controllers:/home/alberto/Documents/kia_gd_ws/install/ur_dashboard_msgs:/home/alberto/Documents/kia_gd_ws/install/simple_ur10e_moveit_config:/home/alberto/Documents/kia_gd_ws/install/simple_ur10e_description:/home/alberto/Documents/kia_gd_ws/install/kia_gd:/home/alberto/Documents/sub_alberto/install/uuv_visualization:/home/alberto/Documents/sub_alberto/install/uuv_vision:/home/alberto/Documents/sub_alberto/install/uuv_navigation:/home/alberto/Documents/sub_alberto/install/uuv_mission:/home/alberto/Documents/sub_alberto/install/uuv_master:/home/alberto/Documents/sub_alberto/install/uuv_control:/home/alberto/install/vectornav:/home/alberto/install/vectornav_msgs:/home/alberto/install/uuv_teleop:/home/alberto/install/uuv_description:/home/alberto/install/sub:/home/alberto/install/pid:/home/alberto/Documents/kia_gd_ws/install/ros_tcp_endpoint:/home/alberto/ros2_ws/install/docker_test:/opt/ros/humble:/home/alberto/install/catkin:/home/alberto/ros2_ws/install/sub:/home/alberto/ros2_ws/install/pid:/home/alberto/ros2_ws/install/catkin:/home/alberto/uuv/install/uuv /usr/bin/cmake --build /home/alberto/Documents/kia_gd_ws/build/ur_ros_rtde_simple_clients -- -j8 -l8
[0.456s] DEBUG:colcon.colcon_core.event_handler.log_command:Invoking command in '/home/alberto/Documents/kia_gd_ws/build/simple_ur10e_description': CMAKE_PREFIX_PATH=/home/alberto/Documents/kia_gd_ws/install/ur_ros_rtde_tutorials:/home/alberto/Documents/kia_gd_ws/install/ur_ros_rtde:/home/alberto/Documents/kia_gd_ws/install/ur_ros_rtde_simple_clients:/home/alberto/Documents/kia_gd_ws/install/ur_ros_rtde_gripper_commands:/home/alberto/Documents/kia_gd_ws/install/ur_ros_rtde_msgs:/home/alberto/Documents/kia_gd_ws/install/ur:/home/alberto/Documents/kia_gd_ws/install/ur_calibration:/home/alberto/Documents/kia_gd_ws/install/ur_robot_driver:/home/alberto/Documents/kia_gd_ws/install/ur_moveit_config:/home/alberto/Documents/kia_gd_ws/install/ur_bringup:/home/alberto/Documents/kia_gd_ws/install/ur_controllers:/home/alberto/Documents/kia_gd_ws/install/ur_dashboard_msgs:/home/alberto/Documents/kia_gd_ws/install/simple_ur10e_moveit_config:/home/alberto/Documents/kia_gd_ws/install/simple_ur10e_description:/home/alberto/Documents/kia_gd_ws/install/kia_gd:/home/alberto/Documents/sub_alberto/install/uuv_visualization:/home/alberto/Documents/sub_alberto/install/uuv_vision:/home/alberto/Documents/sub_alberto/install/uuv_navigation:/home/alberto/Documents/sub_alberto/install/uuv_mission:/home/alberto/Documents/sub_alberto/install/uuv_master:/home/alberto/Documents/sub_alberto/install/uuv_control:/home/alberto/install/vectornav:/home/alberto/install/vectornav_msgs:/home/alberto/install/uuv_teleop:/home/alberto/install/uuv_description:/home/alberto/install/sub:/home/alberto/install/pid:/home/alberto/Documents/kia_gd_ws/install/ros_tcp_endpoint:/home/alberto/ros2_ws/install/docker_test:/opt/ros/humble:/home/alberto/install/catkin:/home/alberto/ros2_ws/install/sub:/home/alberto/ros2_ws/install/pid:/home/alberto/ros2_ws/install/catkin:/home/alberto/uuv/install/uuv /usr/bin/cmake --build /home/alberto/Documents/kia_gd_ws/build/simple_ur10e_description -- -j8 -l8
[0.465s] DEBUG:colcon.colcon_core.event_handler.log_command:Invoking command in '/home/alberto/Documents/kia_gd_ws/build/kia_gd': CMAKE_PREFIX_PATH=/home/alberto/Documents/kia_gd_ws/install/ur_ros_rtde_tutorials:/home/alberto/Documents/kia_gd_ws/install/ur_ros_rtde:/home/alberto/Documents/kia_gd_ws/install/ur_ros_rtde_simple_clients:/home/alberto/Documents/kia_gd_ws/install/ur_ros_rtde_gripper_commands:/home/alberto/Documents/kia_gd_ws/install/ur_ros_rtde_msgs:/home/alberto/Documents/kia_gd_ws/install/ur:/home/alberto/Documents/kia_gd_ws/install/ur_calibration:/home/alberto/Documents/kia_gd_ws/install/ur_robot_driver:/home/alberto/Documents/kia_gd_ws/install/ur_moveit_config:/home/alberto/Documents/kia_gd_ws/install/ur_bringup:/home/alberto/Documents/kia_gd_ws/install/ur_controllers:/home/alberto/Documents/kia_gd_ws/install/ur_dashboard_msgs:/home/alberto/Documents/kia_gd_ws/install/simple_ur10e_moveit_config:/home/alberto/Documents/kia_gd_ws/install/simple_ur10e_description:/home/alberto/Documents/kia_gd_ws/install/kia_gd:/home/alberto/Documents/sub_alberto/install/uuv_visualization:/home/alberto/Documents/sub_alberto/install/uuv_vision:/home/alberto/Documents/sub_alberto/install/uuv_navigation:/home/alberto/Documents/sub_alberto/install/uuv_mission:/home/alberto/Documents/sub_alberto/install/uuv_master:/home/alberto/Documents/sub_alberto/install/uuv_control:/home/alberto/install/vectornav:/home/alberto/install/vectornav_msgs:/home/alberto/install/uuv_teleop:/home/alberto/install/uuv_description:/home/alberto/install/sub:/home/alberto/install/pid:/home/alberto/Documents/kia_gd_ws/install/ros_tcp_endpoint:/home/alberto/ros2_ws/install/docker_test:/opt/ros/humble:/home/alberto/install/catkin:/home/alberto/ros2_ws/install/sub:/home/alberto/ros2_ws/install/pid:/home/alberto/ros2_ws/install/catkin:/home/alberto/uuv/install/uuv /usr/bin/cmake --build /home/alberto/Documents/kia_gd_ws/build/kia_gd -- -j8 -l8
[1.022s] INFO:colcon.colcon_core.task.python.build:Building Python package in '/home/alberto/Documents/kia_gd_ws/src/ROS-TCP-Endpoint'
[1.023s] INFO:colcon.colcon_core.shell:Skip shell extension 'powershell' for command environment: Not usable outside of PowerShell
[1.023s] DEBUG:colcon.colcon_core.shell:Skip shell extension 'dsv' for command environment
[1.050s] DEBUG:colcon.colcon_core.event_handler.log_command:Invoked command in '/home/alberto/Documents/kia_gd_ws/build/kia_gd' returned '0': CMAKE_PREFIX_PATH=/home/alberto/Documents/kia_gd_ws/install/ur_ros_rtde_tutorials:/home/alberto/Documents/kia_gd_ws/install/ur_ros_rtde:/home/alberto/Documents/kia_gd_ws/install/ur_ros_rtde_simple_clients:/home/alberto/Documents/kia_gd_ws/install/ur_ros_rtde_gripper_commands:/home/alberto/Documents/kia_gd_ws/install/ur_ros_rtde_msgs:/home/alberto/Documents/kia_gd_ws/install/ur:/home/alberto/Documents/kia_gd_ws/install/ur_calibration:/home/alberto/Documents/kia_gd_ws/install/ur_robot_driver:/home/alberto/Documents/kia_gd_ws/install/ur_moveit_config:/home/alberto/Documents/kia_gd_ws/install/ur_bringup:/home/alberto/Documents/kia_gd_ws/install/ur_controllers:/home/alberto/Documents/kia_gd_ws/install/ur_dashboard_msgs:/home/alberto/Documents/kia_gd_ws/install/simple_ur10e_moveit_config:/home/alberto/Documents/kia_gd_ws/install/simple_ur10e_description:/home/alberto/Documents/kia_gd_ws/install/kia_gd:/home/alberto/Documents/sub_alberto/install/uuv_visualization:/home/alberto/Documents/sub_alberto/install/uuv_vision:/home/alberto/Documents/sub_alberto/install/uuv_navigation:/home/alberto/Documents/sub_alberto/install/uuv_mission:/home/alberto/Documents/sub_alberto/install/uuv_master:/home/alberto/Documents/sub_alberto/install/uuv_control:/home/alberto/install/vectornav:/home/alberto/install/vectornav_msgs:/home/alberto/install/uuv_teleop:/home/alberto/install/uuv_description:/home/alberto/install/sub:/home/alberto/install/pid:/home/alberto/Documents/kia_gd_ws/install/ros_tcp_endpoint:/home/alberto/ros2_ws/install/docker_test:/opt/ros/humble:/home/alberto/install/catkin:/home/alberto/ros2_ws/install/sub:/home/alberto/ros2_ws/install/pid:/home/alberto/ros2_ws/install/catkin:/home/alberto/uuv/install/uuv /usr/bin/cmake --build /home/alberto/Documents/kia_gd_ws/build/kia_gd -- -j8 -l8
[1.071s] DEBUG:colcon.colcon_core.event_handler.log_command:Invoking command in '/home/alberto/Documents/kia_gd_ws/build/kia_gd': CMAKE_PREFIX_PATH=/home/alberto/Documents/kia_gd_ws/install/ur_ros_rtde_tutorials:/home/alberto/Documents/kia_gd_ws/install/ur_ros_rtde:/home/alberto/Documents/kia_gd_ws/install/ur_ros_rtde_simple_clients:/home/alberto/Documents/kia_gd_ws/install/ur_ros_rtde_gripper_commands:/home/alberto/Documents/kia_gd_ws/install/ur_ros_rtde_msgs:/home/alberto/Documents/kia_gd_ws/install/ur:/home/alberto/Documents/kia_gd_ws/install/ur_calibration:/home/alberto/Documents/kia_gd_ws/install/ur_robot_driver:/home/alberto/Documents/kia_gd_ws/install/ur_moveit_config:/home/alberto/Documents/kia_gd_ws/install/ur_bringup:/home/alberto/Documents/kia_gd_ws/install/ur_controllers:/home/alberto/Documents/kia_gd_ws/install/ur_dashboard_msgs:/home/alberto/Documents/kia_gd_ws/install/simple_ur10e_moveit_config:/home/alberto/Documents/kia_gd_ws/install/simple_ur10e_description:/home/alberto/Documents/kia_gd_ws/install/kia_gd:/home/alberto/Documents/sub_alberto/install/uuv_visualization:/home/alberto/Documents/sub_alberto/install/uuv_vision:/home/alberto/Documents/sub_alberto/install/uuv_navigation:/home/alberto/Documents/sub_alberto/install/uuv_mission:/home/alberto/Documents/sub_alberto/install/uuv_master:/home/alberto/Documents/sub_alberto/install/uuv_control:/home/alberto/install/vectornav:/home/alberto/install/vectornav_msgs:/home/alberto/install/uuv_teleop:/home/alberto/install/uuv_description:/home/alberto/install/sub:/home/alberto/install/pid:/home/alberto/Documents/kia_gd_ws/install/ros_tcp_endpoint:/home/alberto/ros2_ws/install/docker_test:/opt/ros/humble:/home/alberto/install/catkin:/home/alberto/ros2_ws/install/sub:/home/alberto/ros2_ws/install/pid:/home/alberto/ros2_ws/install/catkin:/home/alberto/uuv/install/uuv /usr/bin/cmake --install /home/alberto/Documents/kia_gd_ws/build/kia_gd
[1.083s] DEBUG:colcon.colcon_core.event_handler.log_command:Invoked command in '/home/alberto/Documents/kia_gd_ws/build/simple_ur10e_description' returned '0': CMAKE_PREFIX_PATH=/home/alberto/Documents/kia_gd_ws/install/ur_ros_rtde_tutorials:/home/alberto/Documents/kia_gd_ws/install/ur_ros_rtde:/home/alberto/Documents/kia_gd_ws/install/ur_ros_rtde_simple_clients:/home/alberto/Documents/kia_gd_ws/install/ur_ros_rtde_gripper_commands:/home/alberto/Documents/kia_gd_ws/install/ur_ros_rtde_msgs:/home/alberto/Documents/kia_gd_ws/install/ur:/home/alberto/Documents/kia_gd_ws/install/ur_calibration:/home/alberto/Documents/kia_gd_ws/install/ur_robot_driver:/home/alberto/Documents/kia_gd_ws/install/ur_moveit_config:/home/alberto/Documents/kia_gd_ws/install/ur_bringup:/home/alberto/Documents/kia_gd_ws/install/ur_controllers:/home/alberto/Documents/kia_gd_ws/install/ur_dashboard_msgs:/home/alberto/Documents/kia_gd_ws/install/simple_ur10e_moveit_config:/home/alberto/Documents/kia_gd_ws/install/simple_ur10e_description:/home/alberto/Documents/kia_gd_ws/install/kia_gd:/home/alberto/Documents/sub_alberto/install/uuv_visualization:/home/alberto/Documents/sub_alberto/install/uuv_vision:/home/alberto/Documents/sub_alberto/install/uuv_navigation:/home/alberto/Documents/sub_alberto/install/uuv_mission:/home/alberto/Documents/sub_alberto/install/uuv_master:/home/alberto/Documents/sub_alberto/install/uuv_control:/home/alberto/install/vectornav:/home/alberto/install/vectornav_msgs:/home/alberto/install/uuv_teleop:/home/alberto/install/uuv_description:/home/alberto/install/sub:/home/alberto/install/pid:/home/alberto/Documents/kia_gd_ws/install/ros_tcp_endpoint:/home/alberto/ros2_ws/install/docker_test:/opt/ros/humble:/home/alberto/install/catkin:/home/alberto/ros2_ws/install/sub:/home/alberto/ros2_ws/install/pid:/home/alberto/ros2_ws/install/catkin:/home/alberto/uuv/install/uuv /usr/bin/cmake --build /home/alberto/Documents/kia_gd_ws/build/simple_ur10e_description -- -j8 -l8
[1.087s] DEBUG:colcon.colcon_core.event_handler.log_command:Invoking command in '/home/alberto/Documents/kia_gd_ws/build/simple_ur10e_description': CMAKE_PREFIX_PATH=/home/alberto/Documents/kia_gd_ws/install/ur_ros_rtde_tutorials:/home/alberto/Documents/kia_gd_ws/install/ur_ros_rtde:/home/alberto/Documents/kia_gd_ws/install/ur_ros_rtde_simple_clients:/home/alberto/Documents/kia_gd_ws/install/ur_ros_rtde_gripper_commands:/home/alberto/Documents/kia_gd_ws/install/ur_ros_rtde_msgs:/home/alberto/Documents/kia_gd_ws/install/ur:/home/alberto/Documents/kia_gd_ws/install/ur_calibration:/home/alberto/Documents/kia_gd_ws/install/ur_robot_driver:/home/alberto/Documents/kia_gd_ws/install/ur_moveit_config:/home/alberto/Documents/kia_gd_ws/install/ur_bringup:/home/alberto/Documents/kia_gd_ws/install/ur_controllers:/home/alberto/Documents/kia_gd_ws/install/ur_dashboard_msgs:/home/alberto/Documents/kia_gd_ws/install/simple_ur10e_moveit_config:/home/alberto/Documents/kia_gd_ws/install/simple_ur10e_description:/home/alberto/Documents/kia_gd_ws/install/kia_gd:/home/alberto/Documents/sub_alberto/install/uuv_visualization:/home/alberto/Documents/sub_alberto/install/uuv_vision:/home/alberto/Documents/sub_alberto/install/uuv_navigation:/home/alberto/Documents/sub_alberto/install/uuv_mission:/home/alberto/Documents/sub_alberto/install/uuv_master:/home/alberto/Documents/sub_alberto/install/uuv_control:/home/alberto/install/vectornav:/home/alberto/install/vectornav_msgs:/home/alberto/install/uuv_teleop:/home/alberto/install/uuv_description:/home/alberto/install/sub:/home/alberto/install/pid:/home/alberto/Documents/kia_gd_ws/install/ros_tcp_endpoint:/home/alberto/ros2_ws/install/docker_test:/opt/ros/humble:/home/alberto/install/catkin:/home/alberto/ros2_ws/install/sub:/home/alberto/ros2_ws/install/pid:/home/alberto/ros2_ws/install/catkin:/home/alberto/uuv/install/uuv /usr/bin/cmake --install /home/alberto/Documents/kia_gd_ws/build/simple_ur10e_description
[1.097s] DEBUG:colcon.colcon_core.event_handler.log_command:Invoked command in '/home/alberto/Documents/kia_gd_ws/build/ur_ros_rtde_simple_clients' returned '0': CMAKE_PREFIX_PATH=/home/alberto/Documents/kia_gd_ws/install/ur_ros_rtde_tutorials:/home/alberto/Documents/kia_gd_ws/install/ur_ros_rtde:/home/alberto/Documents/kia_gd_ws/install/ur_ros_rtde_simple_clients:/home/alberto/Documents/kia_gd_ws/install/ur_ros_rtde_gripper_commands:/home/alberto/Documents/kia_gd_ws/install/ur_ros_rtde_msgs:/home/alberto/Documents/kia_gd_ws/install/ur:/home/alberto/Documents/kia_gd_ws/install/ur_calibration:/home/alberto/Documents/kia_gd_ws/install/ur_robot_driver:/home/alberto/Documents/kia_gd_ws/install/ur_moveit_config:/home/alberto/Documents/kia_gd_ws/install/ur_bringup:/home/alberto/Documents/kia_gd_ws/install/ur_controllers:/home/alberto/Documents/kia_gd_ws/install/ur_dashboard_msgs:/home/alberto/Documents/kia_gd_ws/install/simple_ur10e_moveit_config:/home/alberto/Documents/kia_gd_ws/install/simple_ur10e_description:/home/alberto/Documents/kia_gd_ws/install/kia_gd:/home/alberto/Documents/sub_alberto/install/uuv_visualization:/home/alberto/Documents/sub_alberto/install/uuv_vision:/home/alberto/Documents/sub_alberto/install/uuv_navigation:/home/alberto/Documents/sub_alberto/install/uuv_mission:/home/alberto/Documents/sub_alberto/install/uuv_master:/home/alberto/Documents/sub_alberto/install/uuv_control:/home/alberto/install/vectornav:/home/alberto/install/vectornav_msgs:/home/alberto/install/uuv_teleop:/home/alberto/install/uuv_description:/home/alberto/install/sub:/home/alberto/install/pid:/home/alberto/Documents/kia_gd_ws/install/ros_tcp_endpoint:/home/alberto/ros2_ws/install/docker_test:/opt/ros/humble:/home/alberto/install/catkin:/home/alberto/ros2_ws/install/sub:/home/alberto/ros2_ws/install/pid:/home/alberto/ros2_ws/install/catkin:/home/alberto/uuv/install/uuv /usr/bin/cmake --build /home/alberto/Documents/kia_gd_ws/build/ur_ros_rtde_simple_clients -- -j8 -l8
[1.103s] DEBUG:colcon.colcon_core.event_handler.log_command:Invoking command in '/home/alberto/Documents/kia_gd_ws/build/ur_ros_rtde_simple_clients': CMAKE_PREFIX_PATH=/home/alberto/Documents/kia_gd_ws/install/ur_ros_rtde_tutorials:/home/alberto/Documents/kia_gd_ws/install/ur_ros_rtde:/home/alberto/Documents/kia_gd_ws/install/ur_ros_rtde_simple_clients:/home/alberto/Documents/kia_gd_ws/install/ur_ros_rtde_gripper_commands:/home/alberto/Documents/kia_gd_ws/install/ur_ros_rtde_msgs:/home/alberto/Documents/kia_gd_ws/install/ur:/home/alberto/Documents/kia_gd_ws/install/ur_calibration:/home/alberto/Documents/kia_gd_ws/install/ur_robot_driver:/home/alberto/Documents/kia_gd_ws/install/ur_moveit_config:/home/alberto/Documents/kia_gd_ws/install/ur_bringup:/home/alberto/Documents/kia_gd_ws/install/ur_controllers:/home/alberto/Documents/kia_gd_ws/install/ur_dashboard_msgs:/home/alberto/Documents/kia_gd_ws/install/simple_ur10e_moveit_config:/home/alberto/Documents/kia_gd_ws/install/simple_ur10e_description:/home/alberto/Documents/kia_gd_ws/install/kia_gd:/home/alberto/Documents/sub_alberto/install/uuv_visualization:/home/alberto/Documents/sub_alberto/install/uuv_vision:/home/alberto/Documents/sub_alberto/install/uuv_navigation:/home/alberto/Documents/sub_alberto/install/uuv_mission:/home/alberto/Documents/sub_alberto/install/uuv_master:/home/alberto/Documents/sub_alberto/install/uuv_control:/home/alberto/install/vectornav:/home/alberto/install/vectornav_msgs:/home/alberto/install/uuv_teleop:/home/alberto/install/uuv_description:/home/alberto/install/sub:/home/alberto/install/pid:/home/alberto/Documents/kia_gd_ws/install/ros_tcp_endpoint:/home/alberto/ros2_ws/install/docker_test:/opt/ros/humble:/home/alberto/install/catkin:/home/alberto/ros2_ws/install/sub:/home/alberto/ros2_ws/install/pid:/home/alberto/ros2_ws/install/catkin:/home/alberto/uuv/install/uuv /usr/bin/cmake --install /home/alberto/Documents/kia_gd_ws/build/ur_ros_rtde_simple_clients
[1.119s] Level 1:colcon.colcon_core.environment:create_environment_scripts_only(simple_ur10e_description)
[1.127s] Level 1:colcon.colcon_core.environment:checking '/home/alberto/Documents/kia_gd_ws/install/simple_ur10e_description' for CMake module files
[1.147s] Level 1:colcon.colcon_core.environment:checking '/home/alberto/Documents/kia_gd_ws/install/simple_ur10e_description' for CMake config files
[1.148s] Level 1:colcon.colcon_core.shell:create_environment_hook('simple_ur10e_description', 'cmake_prefix_path')
[1.149s] INFO:colcon.colcon_core.shell:Creating environment hook '/home/alberto/Documents/kia_gd_ws/install/simple_ur10e_description/share/simple_ur10e_description/hook/cmake_prefix_path.ps1'
[1.156s] INFO:colcon.colcon_core.shell:Creating environment descriptor '/home/alberto/Documents/kia_gd_ws/install/simple_ur10e_description/share/simple_ur10e_description/hook/cmake_prefix_path.dsv'
[1.157s] INFO:colcon.colcon_core.shell:Creating environment hook '/home/alberto/Documents/kia_gd_ws/install/simple_ur10e_description/share/simple_ur10e_description/hook/cmake_prefix_path.sh'
[1.159s] Level 1:colcon.colcon_core.environment:checking '/home/alberto/Documents/kia_gd_ws/install/simple_ur10e_description/bin'
[1.159s] Level 1:colcon.colcon_core.environment:checking '/home/alberto/Documents/kia_gd_ws/install/simple_ur10e_description/lib/pkgconfig/simple_ur10e_description.pc'
[1.160s] Level 1:colcon.colcon_core.environment:checking '/home/alberto/Documents/kia_gd_ws/install/simple_ur10e_description/lib/python3.10/site-packages'
[1.161s] Level 1:colcon.colcon_core.environment:checking '/home/alberto/Documents/kia_gd_ws/install/simple_ur10e_description/bin'
[1.162s] INFO:colcon.colcon_core.shell:Creating package script '/home/alberto/Documents/kia_gd_ws/install/simple_ur10e_description/share/simple_ur10e_description/package.ps1'
[1.165s] INFO:colcon.colcon_core.shell:Creating package descriptor '/home/alberto/Documents/kia_gd_ws/install/simple_ur10e_description/share/simple_ur10e_description/package.dsv'
[1.167s] INFO:colcon.colcon_core.shell:Creating package script '/home/alberto/Documents/kia_gd_ws/install/simple_ur10e_description/share/simple_ur10e_description/package.sh'
[1.169s] INFO:colcon.colcon_core.shell:Creating package script '/home/alberto/Documents/kia_gd_ws/install/simple_ur10e_description/share/simple_ur10e_description/package.bash'
[1.175s] INFO:colcon.colcon_core.shell:Creating package script '/home/alberto/Documents/kia_gd_ws/install/simple_ur10e_description/share/simple_ur10e_description/package.zsh'
[1.177s] DEBUG:colcon.colcon_core.event_handler.log_command:Invoked command in '/home/alberto/Documents/kia_gd_ws/build/simple_ur10e_description' returned '0': CMAKE_PREFIX_PATH=/home/alberto/Documents/kia_gd_ws/install/ur_ros_rtde_tutorials:/home/alberto/Documents/kia_gd_ws/install/ur_ros_rtde:/home/alberto/Documents/kia_gd_ws/install/ur_ros_rtde_simple_clients:/home/alberto/Documents/kia_gd_ws/install/ur_ros_rtde_gripper_commands:/home/alberto/Documents/kia_gd_ws/install/ur_ros_rtde_msgs:/home/alberto/Documents/kia_gd_ws/install/ur:/home/alberto/Documents/kia_gd_ws/install/ur_calibration:/home/alberto/Documents/kia_gd_ws/install/ur_robot_driver:/home/alberto/Documents/kia_gd_ws/install/ur_moveit_config:/home/alberto/Documents/kia_gd_ws/install/ur_bringup:/home/alberto/Documents/kia_gd_ws/install/ur_controllers:/home/alberto/Documents/kia_gd_ws/install/ur_dashboard_msgs:/home/alberto/Documents/kia_gd_ws/install/simple_ur10e_moveit_config:/home/alberto/Documents/kia_gd_ws/install/simple_ur10e_description:/home/alberto/Documents/kia_gd_ws/install/kia_gd:/home/alberto/Documents/sub_alberto/install/uuv_visualization:/home/alberto/Documents/sub_alberto/install/uuv_vision:/home/alberto/Documents/sub_alberto/install/uuv_navigation:/home/alberto/Documents/sub_alberto/install/uuv_mission:/home/alberto/Documents/sub_alberto/install/uuv_master:/home/alberto/Documents/sub_alberto/install/uuv_control:/home/alberto/install/vectornav:/home/alberto/install/vectornav_msgs:/home/alberto/install/uuv_teleop:/home/alberto/install/uuv_description:/home/alberto/install/sub:/home/alberto/install/pid:/home/alberto/Documents/kia_gd_ws/install/ros_tcp_endpoint:/home/alberto/ros2_ws/install/docker_test:/opt/ros/humble:/home/alberto/install/catkin:/home/alberto/ros2_ws/install/sub:/home/alberto/ros2_ws/install/pid:/home/alberto/ros2_ws/install/catkin:/home/alberto/uuv/install/uuv /usr/bin/cmake --install /home/alberto/Documents/kia_gd_ws/build/simple_ur10e_description
[1.178s] Level 1:colcon.colcon_core.environment:create_file_with_runtime_dependencies(/home/alberto/Documents/kia_gd_ws/install/simple_ur10e_description/share/colcon-core/packages/simple_ur10e_description)
[1.182s] Level 1:colcon.colcon_core.environment:create_environment_scripts_only(simple_ur10e_description)
[1.182s] Level 1:colcon.colcon_core.environment:checking '/home/alberto/Documents/kia_gd_ws/install/simple_ur10e_description' for CMake module files
[1.184s] Level 1:colcon.colcon_core.environment:checking '/home/alberto/Documents/kia_gd_ws/install/simple_ur10e_description' for CMake config files
[1.185s] Level 1:colcon.colcon_core.shell:create_environment_hook('simple_ur10e_description', 'cmake_prefix_path')
[1.185s] INFO:colcon.colcon_core.shell:Creating environment hook '/home/alberto/Documents/kia_gd_ws/install/simple_ur10e_description/share/simple_ur10e_description/hook/cmake_prefix_path.ps1'
[1.187s] INFO:colcon.colcon_core.shell:Creating environment descriptor '/home/alberto/Documents/kia_gd_ws/install/simple_ur10e_description/share/simple_ur10e_description/hook/cmake_prefix_path.dsv'
[1.189s] INFO:colcon.colcon_core.shell:Creating environment hook '/home/alberto/Documents/kia_gd_ws/install/simple_ur10e_description/share/simple_ur10e_description/hook/cmake_prefix_path.sh'
[1.190s] Level 1:colcon.colcon_core.environment:checking '/home/alberto/Documents/kia_gd_ws/install/simple_ur10e_description/bin'
[1.190s] Level 1:colcon.colcon_core.environment:checking '/home/alberto/Documents/kia_gd_ws/install/simple_ur10e_description/lib/pkgconfig/simple_ur10e_description.pc'
[1.191s] Level 1:colcon.colcon_core.environment:checking '/home/alberto/Documents/kia_gd_ws/install/simple_ur10e_description/lib/python3.10/site-packages'
[1.191s] Level 1:colcon.colcon_core.environment:checking '/home/alberto/Documents/kia_gd_ws/install/simple_ur10e_description/bin'
[1.192s] INFO:colcon.colcon_core.shell:Creating package script '/home/alberto/Documents/kia_gd_ws/install/simple_ur10e_description/share/simple_ur10e_description/package.ps1'
[1.193s] INFO:colcon.colcon_core.shell:Creating package descriptor '/home/alberto/Documents/kia_gd_ws/install/simple_ur10e_description/share/simple_ur10e_description/package.dsv'
[1.194s] INFO:colcon.colcon_core.shell:Creating package script '/home/alberto/Documents/kia_gd_ws/install/simple_ur10e_description/share/simple_ur10e_description/package.sh'
[1.195s] INFO:colcon.colcon_core.shell:Creating package script '/home/alberto/Documents/kia_gd_ws/install/simple_ur10e_description/share/simple_ur10e_description/package.bash'
[1.196s] INFO:colcon.colcon_core.shell:Creating package script '/home/alberto/Documents/kia_gd_ws/install/simple_ur10e_description/share/simple_ur10e_description/package.zsh'
[1.197s] Level 1:colcon.colcon_core.environment:create_file_with_runtime_dependencies(/home/alberto/Documents/kia_gd_ws/install/simple_ur10e_description/share/colcon-core/packages/simple_ur10e_description)
[1.198s] INFO:colcon.colcon_ros.task.ament_cmake.build:Building ROS package in '/home/alberto/Documents/kia_gd_ws/src/ur_ros_rtde/simple_ur10e_moveit_config' with build type 'ament_cmake'
[1.198s] INFO:colcon.colcon_cmake.task.cmake.build:Building CMake package in '/home/alberto/Documents/kia_gd_ws/src/ur_ros_rtde/simple_ur10e_moveit_config'
[1.199s] INFO:colcon.colcon_core.shell:Skip shell extension 'powershell' for command environment: Not usable outside of PowerShell
[1.199s] DEBUG:colcon.colcon_core.shell:Skip shell extension 'dsv' for command environment
[1.223s] Level 1:colcon.colcon_core.environment:create_environment_scripts_only(ur_ros_rtde_simple_clients)
[1.224s] Level 1:colcon.colcon_core.environment:checking '/home/alberto/Documents/kia_gd_ws/install/ur_ros_rtde_simple_clients' for CMake module files
[1.225s] DEBUG:colcon.colcon_core.event_handler.log_command:Invoked command in '/home/alberto/Documents/kia_gd_ws/build/ur_ros_rtde_simple_clients' returned '0': CMAKE_PREFIX_PATH=/home/alberto/Documents/kia_gd_ws/install/ur_ros_rtde_tutorials:/home/alberto/Documents/kia_gd_ws/install/ur_ros_rtde:/home/alberto/Documents/kia_gd_ws/install/ur_ros_rtde_simple_clients:/home/alberto/Documents/kia_gd_ws/install/ur_ros_rtde_gripper_commands:/home/alberto/Documents/kia_gd_ws/install/ur_ros_rtde_msgs:/home/alberto/Documents/kia_gd_ws/install/ur:/home/alberto/Documents/kia_gd_ws/install/ur_calibration:/home/alberto/Documents/kia_gd_ws/install/ur_robot_driver:/home/alberto/Documents/kia_gd_ws/install/ur_moveit_config:/home/alberto/Documents/kia_gd_ws/install/ur_bringup:/home/alberto/Documents/kia_gd_ws/install/ur_controllers:/home/alberto/Documents/kia_gd_ws/install/ur_dashboard_msgs:/home/alberto/Documents/kia_gd_ws/install/simple_ur10e_moveit_config:/home/alberto/Documents/kia_gd_ws/install/simple_ur10e_description:/home/alberto/Documents/kia_gd_ws/install/kia_gd:/home/alberto/Documents/sub_alberto/install/uuv_visualization:/home/alberto/Documents/sub_alberto/install/uuv_vision:/home/alberto/Documents/sub_alberto/install/uuv_navigation:/home/alberto/Documents/sub_alberto/install/uuv_mission:/home/alberto/Documents/sub_alberto/install/uuv_master:/home/alberto/Documents/sub_alberto/install/uuv_control:/home/alberto/install/vectornav:/home/alberto/install/vectornav_msgs:/home/alberto/install/uuv_teleop:/home/alberto/install/uuv_description:/home/alberto/install/sub:/home/alberto/install/pid:/home/alberto/Documents/kia_gd_ws/install/ros_tcp_endpoint:/home/alberto/ros2_ws/install/docker_test:/opt/ros/humble:/home/alberto/install/catkin:/home/alberto/ros2_ws/install/sub:/home/alberto/ros2_ws/install/pid:/home/alberto/ros2_ws/install/catkin:/home/alberto/uuv/install/uuv /usr/bin/cmake --install /home/alberto/Documents/kia_gd_ws/build/ur_ros_rtde_simple_clients
[1.226s] Level 1:colcon.colcon_core.environment:checking '/home/alberto/Documents/kia_gd_ws/install/ur_ros_rtde_simple_clients' for CMake config files
[1.226s] Level 1:colcon.colcon_core.shell:create_environment_hook('ur_ros_rtde_simple_clients', 'cmake_prefix_path')
[1.227s] INFO:colcon.colcon_core.shell:Creating environment hook '/home/alberto/Documents/kia_gd_ws/install/ur_ros_rtde_simple_clients/share/ur_ros_rtde_simple_clients/hook/cmake_prefix_path.ps1'
[1.227s] INFO:colcon.colcon_core.shell:Creating environment descriptor '/home/alberto/Documents/kia_gd_ws/install/ur_ros_rtde_simple_clients/share/ur_ros_rtde_simple_clients/hook/cmake_prefix_path.dsv'
[1.228s] INFO:colcon.colcon_core.shell:Creating environment hook '/home/alberto/Documents/kia_gd_ws/install/ur_ros_rtde_simple_clients/share/ur_ros_rtde_simple_clients/hook/cmake_prefix_path.sh'
[1.230s] Level 1:colcon.colcon_core.environment:checking '/home/alberto/Documents/kia_gd_ws/install/ur_ros_rtde_simple_clients/bin'
[1.230s] Level 1:colcon.colcon_core.environment:checking '/home/alberto/Documents/kia_gd_ws/install/ur_ros_rtde_simple_clients/lib/pkgconfig/ur_ros_rtde_simple_clients.pc'
[1.230s] Level 1:colcon.colcon_core.environment:checking '/home/alberto/Documents/kia_gd_ws/install/ur_ros_rtde_simple_clients/lib/python3.10/site-packages'
[1.231s] Level 1:colcon.colcon_core.environment:checking '/home/alberto/Documents/kia_gd_ws/install/ur_ros_rtde_simple_clients/bin'
[1.232s] INFO:colcon.colcon_core.shell:Creating package script '/home/alberto/Documents/kia_gd_ws/install/ur_ros_rtde_simple_clients/share/ur_ros_rtde_simple_clients/package.ps1'
[1.233s] INFO:colcon.colcon_core.shell:Creating package descriptor '/home/alberto/Documents/kia_gd_ws/install/ur_ros_rtde_simple_clients/share/ur_ros_rtde_simple_clients/package.dsv'
[1.233s] INFO:colcon.colcon_core.shell:Creating package script '/home/alberto/Documents/kia_gd_ws/install/ur_ros_rtde_simple_clients/share/ur_ros_rtde_simple_clients/package.sh'
[1.234s] INFO:colcon.colcon_core.shell:Creating package script '/home/alberto/Documents/kia_gd_ws/install/ur_ros_rtde_simple_clients/share/ur_ros_rtde_simple_clients/package.bash'
[1.235s] INFO:colcon.colcon_core.shell:Creating package script '/home/alberto/Documents/kia_gd_ws/install/ur_ros_rtde_simple_clients/share/ur_ros_rtde_simple_clients/package.zsh'
[1.236s] Level 1:colcon.colcon_core.environment:create_file_with_runtime_dependencies(/home/alberto/Documents/kia_gd_ws/install/ur_ros_rtde_simple_clients/share/colcon-core/packages/ur_ros_rtde_simple_clients)
[1.239s] Level 1:colcon.colcon_core.environment:create_environment_scripts_only(ur_ros_rtde_simple_clients)
[1.240s] Level 1:colcon.colcon_core.environment:checking '/home/alberto/Documents/kia_gd_ws/install/ur_ros_rtde_simple_clients' for CMake module files
[1.241s] Level 1:colcon.colcon_core.environment:checking '/home/alberto/Documents/kia_gd_ws/install/ur_ros_rtde_simple_clients' for CMake config files
[1.241s] Level 1:colcon.colcon_core.shell:create_environment_hook('ur_ros_rtde_simple_clients', 'cmake_prefix_path')
[1.242s] INFO:colcon.colcon_core.shell:Creating environment hook '/home/alberto/Documents/kia_gd_ws/install/ur_ros_rtde_simple_clients/share/ur_ros_rtde_simple_clients/hook/cmake_prefix_path.ps1'
[1.243s] INFO:colcon.colcon_core.shell:Creating environment descriptor '/home/alberto/Documents/kia_gd_ws/install/ur_ros_rtde_simple_clients/share/ur_ros_rtde_simple_clients/hook/cmake_prefix_path.dsv'
[1.245s] INFO:colcon.colcon_core.shell:Creating environment hook '/home/alberto/Documents/kia_gd_ws/install/ur_ros_rtde_simple_clients/share/ur_ros_rtde_simple_clients/hook/cmake_prefix_path.sh'
[1.247s] Level 1:colcon.colcon_core.environment:checking '/home/alberto/Documents/kia_gd_ws/install/ur_ros_rtde_simple_clients/bin'
[1.247s] Level 1:colcon.colcon_core.environment:checking '/home/alberto/Documents/kia_gd_ws/install/ur_ros_rtde_simple_clients/lib/pkgconfig/ur_ros_rtde_simple_clients.pc'
[1.247s] Level 1:colcon.colcon_core.environment:checking '/home/alberto/Documents/kia_gd_ws/install/ur_ros_rtde_simple_clients/lib/python3.10/site-packages'
[1.248s] Level 1:colcon.colcon_core.environment:checking '/home/alberto/Documents/kia_gd_ws/install/ur_ros_rtde_simple_clients/bin'
[1.248s] INFO:colcon.colcon_core.shell:Creating package script '/home/alberto/Documents/kia_gd_ws/install/ur_ros_rtde_simple_clients/share/ur_ros_rtde_simple_clients/package.ps1'
[1.250s] INFO:colcon.colcon_core.shell:Creating package descriptor '/home/alberto/Documents/kia_gd_ws/install/ur_ros_rtde_simple_clients/share/ur_ros_rtde_simple_clients/package.dsv'
[1.251s] INFO:colcon.colcon_core.shell:Creating package script '/home/alberto/Documents/kia_gd_ws/install/ur_ros_rtde_simple_clients/share/ur_ros_rtde_simple_clients/package.sh'
[1.252s] INFO:colcon.colcon_core.shell:Creating package script '/home/alberto/Documents/kia_gd_ws/install/ur_ros_rtde_simple_clients/share/ur_ros_rtde_simple_clients/package.bash'
[1.253s] INFO:colcon.colcon_core.shell:Creating package script '/home/alberto/Documents/kia_gd_ws/install/ur_ros_rtde_simple_clients/share/ur_ros_rtde_simple_clients/package.zsh'
[1.253s] Level 1:colcon.colcon_core.environment:create_file_with_runtime_dependencies(/home/alberto/Documents/kia_gd_ws/install/ur_ros_rtde_simple_clients/share/colcon-core/packages/ur_ros_rtde_simple_clients)
[1.254s] Level 1:colcon.colcon_core.environment:create_environment_scripts_only(kia_gd)
[1.254s] Level 1:colcon.colcon_core.environment:checking '/home/alberto/Documents/kia_gd_ws/install/kia_gd' for CMake module files
[1.256s] DEBUG:colcon.colcon_core.event_handler.log_command:Invoked command in '/home/alberto/Documents/kia_gd_ws/build/kia_gd' returned '0': CMAKE_PREFIX_PATH=/home/alberto/Documents/kia_gd_ws/install/ur_ros_rtde_tutorials:/home/alberto/Documents/kia_gd_ws/install/ur_ros_rtde:/home/alberto/Documents/kia_gd_ws/install/ur_ros_rtde_simple_clients:/home/alberto/Documents/kia_gd_ws/install/ur_ros_rtde_gripper_commands:/home/alberto/Documents/kia_gd_ws/install/ur_ros_rtde_msgs:/home/alberto/Documents/kia_gd_ws/install/ur:/home/alberto/Documents/kia_gd_ws/install/ur_calibration:/home/alberto/Documents/kia_gd_ws/install/ur_robot_driver:/home/alberto/Documents/kia_gd_ws/install/ur_moveit_config:/home/alberto/Documents/kia_gd_ws/install/ur_bringup:/home/alberto/Documents/kia_gd_ws/install/ur_controllers:/home/alberto/Documents/kia_gd_ws/install/ur_dashboard_msgs:/home/alberto/Documents/kia_gd_ws/install/simple_ur10e_moveit_config:/home/alberto/Documents/kia_gd_ws/install/simple_ur10e_description:/home/alberto/Documents/kia_gd_ws/install/kia_gd:/home/alberto/Documents/sub_alberto/install/uuv_visualization:/home/alberto/Documents/sub_alberto/install/uuv_vision:/home/alberto/Documents/sub_alberto/install/uuv_navigation:/home/alberto/Documents/sub_alberto/install/uuv_mission:/home/alberto/Documents/sub_alberto/install/uuv_master:/home/alberto/Documents/sub_alberto/install/uuv_control:/home/alberto/install/vectornav:/home/alberto/install/vectornav_msgs:/home/alberto/install/uuv_teleop:/home/alberto/install/uuv_description:/home/alberto/install/sub:/home/alberto/install/pid:/home/alberto/Documents/kia_gd_ws/install/ros_tcp_endpoint:/home/alberto/ros2_ws/install/docker_test:/opt/ros/humble:/home/alberto/install/catkin:/home/alberto/ros2_ws/install/sub:/home/alberto/ros2_ws/install/pid:/home/alberto/ros2_ws/install/catkin:/home/alberto/uuv/install/uuv /usr/bin/cmake --install /home/alberto/Documents/kia_gd_ws/build/kia_gd
[1.257s] Level 1:colcon.colcon_core.environment:checking '/home/alberto/Documents/kia_gd_ws/install/kia_gd' for CMake config files
[1.259s] Level 1:colcon.colcon_core.shell:create_environment_hook('kia_gd', 'cmake_prefix_path')
[1.259s] INFO:colcon.colcon_core.shell:Creating environment hook '/home/alberto/Documents/kia_gd_ws/install/kia_gd/share/kia_gd/hook/cmake_prefix_path.ps1'
[1.260s] INFO:colcon.colcon_core.shell:Creating environment descriptor '/home/alberto/Documents/kia_gd_ws/install/kia_gd/share/kia_gd/hook/cmake_prefix_path.dsv'
[1.261s] INFO:colcon.colcon_core.shell:Creating environment hook '/home/alberto/Documents/kia_gd_ws/install/kia_gd/share/kia_gd/hook/cmake_prefix_path.sh'
[1.262s] Level 1:colcon.colcon_core.environment:checking '/home/alberto/Documents/kia_gd_ws/install/kia_gd/lib'
[1.262s] Level 1:colcon.colcon_core.environment:checking '/home/alberto/Documents/kia_gd_ws/install/kia_gd/bin'
[1.263s] Level 1:colcon.colcon_core.environment:checking '/home/alberto/Documents/kia_gd_ws/install/kia_gd/lib/pkgconfig/kia_gd.pc'
[1.263s] Level 1:colcon.colcon_core.environment:checking '/home/alberto/Documents/kia_gd_ws/install/kia_gd/lib/python3.10/site-packages'
[1.263s] Level 1:colcon.colcon_core.environment:checking '/home/alberto/Documents/kia_gd_ws/install/kia_gd/bin'
[1.264s] INFO:colcon.colcon_core.shell:Creating package script '/home/alberto/Documents/kia_gd_ws/install/kia_gd/share/kia_gd/package.ps1'
[1.265s] INFO:colcon.colcon_core.shell:Creating package descriptor '/home/alberto/Documents/kia_gd_ws/install/kia_gd/share/kia_gd/package.dsv'
[1.266s] INFO:colcon.colcon_core.shell:Creating package script '/home/alberto/Documents/kia_gd_ws/install/kia_gd/share/kia_gd/package.sh'
[1.267s] INFO:colcon.colcon_core.shell:Creating package script '/home/alberto/Documents/kia_gd_ws/install/kia_gd/share/kia_gd/package.bash'
[1.270s] INFO:colcon.colcon_core.shell:Creating package script '/home/alberto/Documents/kia_gd_ws/install/kia_gd/share/kia_gd/package.zsh'
[1.272s] Level 1:colcon.colcon_core.environment:create_file_with_runtime_dependencies(/home/alberto/Documents/kia_gd_ws/install/kia_gd/share/colcon-core/packages/kia_gd)
[1.273s] Level 1:colcon.colcon_core.environment:create_environment_scripts_only(kia_gd)
[1.274s] Level 1:colcon.colcon_core.environment:checking '/home/alberto/Documents/kia_gd_ws/install/kia_gd' for CMake module files
[1.275s] Level 1:colcon.colcon_core.environment:checking '/home/alberto/Documents/kia_gd_ws/install/kia_gd' for CMake config files
[1.277s] Level 1:colcon.colcon_core.shell:create_environment_hook('kia_gd', 'cmake_prefix_path')
[1.278s] INFO:colcon.colcon_core.shell:Creating environment hook '/home/alberto/Documents/kia_gd_ws/install/kia_gd/share/kia_gd/hook/cmake_prefix_path.ps1'
[1.279s] INFO:colcon.colcon_core.shell:Creating environment descriptor '/home/alberto/Documents/kia_gd_ws/install/kia_gd/share/kia_gd/hook/cmake_prefix_path.dsv'
[1.280s] INFO:colcon.colcon_core.shell:Creating environment hook '/home/alberto/Documents/kia_gd_ws/install/kia_gd/share/kia_gd/hook/cmake_prefix_path.sh'
[1.281s] Level 1:colcon.colcon_core.environment:checking '/home/alberto/Documents/kia_gd_ws/install/kia_gd/lib'
[1.281s] Level 1:colcon.colcon_core.environment:checking '/home/alberto/Documents/kia_gd_ws/install/kia_gd/bin'
[1.281s] Level 1:colcon.colcon_core.environment:checking '/home/alberto/Documents/kia_gd_ws/install/kia_gd/lib/pkgconfig/kia_gd.pc'
[1.282s] Level 1:colcon.colcon_core.environment:checking '/home/alberto/Documents/kia_gd_ws/install/kia_gd/lib/python3.10/site-packages'
[1.282s] Level 1:colcon.colcon_core.environment:checking '/home/alberto/Documents/kia_gd_ws/install/kia_gd/bin'
[1.283s] INFO:colcon.colcon_core.shell:Creating package script '/home/alberto/Documents/kia_gd_ws/install/kia_gd/share/kia_gd/package.ps1'
[1.284s] INFO:colcon.colcon_core.shell:Creating package descriptor '/home/alberto/Documents/kia_gd_ws/install/kia_gd/share/kia_gd/package.dsv'
[1.285s] INFO:colcon.colcon_core.shell:Creating package script '/home/alberto/Documents/kia_gd_ws/install/kia_gd/share/kia_gd/package.sh'
[1.285s] INFO:colcon.colcon_core.shell:Creating package script '/home/alberto/Documents/kia_gd_ws/install/kia_gd/share/kia_gd/package.bash'
[1.286s] INFO:colcon.colcon_core.shell:Creating package script '/home/alberto/Documents/kia_gd_ws/install/kia_gd/share/kia_gd/package.zsh'
[1.287s] Level 1:colcon.colcon_core.environment:create_file_with_runtime_dependencies(/home/alberto/Documents/kia_gd_ws/install/kia_gd/share/colcon-core/packages/kia_gd)
[1.292s] DEBUG:colcon.colcon_core.event_handler.log_command:Invoking command in '/home/alberto/Documents/kia_gd_ws/build/simple_ur10e_moveit_config': CMAKE_PREFIX_PATH=/home/alberto/Documents/kia_gd_ws/install/simple_ur10e_description:/home/alberto/Documents/kia_gd_ws/install/ur_ros_rtde_tutorials:/home/alberto/Documents/kia_gd_ws/install/ur_ros_rtde:/home/alberto/Documents/kia_gd_ws/install/ur_ros_rtde_simple_clients:/home/alberto/Documents/kia_gd_ws/install/ur_ros_rtde_gripper_commands:/home/alberto/Documents/kia_gd_ws/install/ur_ros_rtde_msgs:/home/alberto/Documents/kia_gd_ws/install/ur:/home/alberto/Documents/kia_gd_ws/install/ur_calibration:/home/alberto/Documents/kia_gd_ws/install/ur_robot_driver:/home/alberto/Documents/kia_gd_ws/install/ur_moveit_config:/home/alberto/Documents/kia_gd_ws/install/ur_bringup:/home/alberto/Documents/kia_gd_ws/install/ur_controllers:/home/alberto/Documents/kia_gd_ws/install/ur_dashboard_msgs:/home/alberto/Documents/kia_gd_ws/install/simple_ur10e_moveit_config:/home/alberto/Documents/kia_gd_ws/install/kia_gd:/home/alberto/Documents/sub_alberto/install/uuv_visualization:/home/alberto/Documents/sub_alberto/install/uuv_vision:/home/alberto/Documents/sub_alberto/install/uuv_navigation:/home/alberto/Documents/sub_alberto/install/uuv_mission:/home/alberto/Documents/sub_alberto/install/uuv_master:/home/alberto/Documents/sub_alberto/install/uuv_control:/home/alberto/install/vectornav:/home/alberto/install/vectornav_msgs:/home/alberto/install/uuv_teleop:/home/alberto/install/uuv_description:/home/alberto/install/sub:/home/alberto/install/pid:/home/alberto/Documents/kia_gd_ws/install/ros_tcp_endpoint:/home/alberto/ros2_ws/install/docker_test:/opt/ros/humble:/home/alberto/install/catkin:/home/alberto/ros2_ws/install/sub:/home/alberto/ros2_ws/install/pid:/home/alberto/ros2_ws/install/catkin:/home/alberto/uuv/install/uuv /usr/bin/cmake --build /home/alberto/Documents/kia_gd_ws/build/simple_ur10e_moveit_config -- -j8 -l8
[1.374s] DEBUG:colcon.colcon_core.event_handler.log_command:Invoked command in '/home/alberto/Documents/kia_gd_ws/build/simple_ur10e_moveit_config' returned '0': CMAKE_PREFIX_PATH=/home/alberto/Documents/kia_gd_ws/install/simple_ur10e_description:/home/alberto/Documents/kia_gd_ws/install/ur_ros_rtde_tutorials:/home/alberto/Documents/kia_gd_ws/install/ur_ros_rtde:/home/alberto/Documents/kia_gd_ws/install/ur_ros_rtde_simple_clients:/home/alberto/Documents/kia_gd_ws/install/ur_ros_rtde_gripper_commands:/home/alberto/Documents/kia_gd_ws/install/ur_ros_rtde_msgs:/home/alberto/Documents/kia_gd_ws/install/ur:/home/alberto/Documents/kia_gd_ws/install/ur_calibration:/home/alberto/Documents/kia_gd_ws/install/ur_robot_driver:/home/alberto/Documents/kia_gd_ws/install/ur_moveit_config:/home/alberto/Documents/kia_gd_ws/install/ur_bringup:/home/alberto/Documents/kia_gd_ws/install/ur_controllers:/home/alberto/Documents/kia_gd_ws/install/ur_dashboard_msgs:/home/alberto/Documents/kia_gd_ws/install/simple_ur10e_moveit_config:/home/alberto/Documents/kia_gd_ws/install/kia_gd:/home/alberto/Documents/sub_alberto/install/uuv_visualization:/home/alberto/Documents/sub_alberto/install/uuv_vision:/home/alberto/Documents/sub_alberto/install/uuv_navigation:/home/alberto/Documents/sub_alberto/install/uuv_mission:/home/alberto/Documents/sub_alberto/install/uuv_master:/home/alberto/Documents/sub_alberto/install/uuv_control:/home/alberto/install/vectornav:/home/alberto/install/vectornav_msgs:/home/alberto/install/uuv_teleop:/home/alberto/install/uuv_description:/home/alberto/install/sub:/home/alberto/install/pid:/home/alberto/Documents/kia_gd_ws/install/ros_tcp_endpoint:/home/alberto/ros2_ws/install/docker_test:/opt/ros/humble:/home/alberto/install/catkin:/home/alberto/ros2_ws/install/sub:/home/alberto/ros2_ws/install/pid:/home/alberto/ros2_ws/install/catkin:/home/alberto/uuv/install/uuv /usr/bin/cmake --build /home/alberto/Documents/kia_gd_ws/build/simple_ur10e_moveit_config -- -j8 -l8
[1.378s] DEBUG:colcon.colcon_core.event_handler.log_command:Invoking command in '/home/alberto/Documents/kia_gd_ws/build/simple_ur10e_moveit_config': CMAKE_PREFIX_PATH=/home/alberto/Documents/kia_gd_ws/install/simple_ur10e_description:/home/alberto/Documents/kia_gd_ws/install/ur_ros_rtde_tutorials:/home/alberto/Documents/kia_gd_ws/install/ur_ros_rtde:/home/alberto/Documents/kia_gd_ws/install/ur_ros_rtde_simple_clients:/home/alberto/Documents/kia_gd_ws/install/ur_ros_rtde_gripper_commands:/home/alberto/Documents/kia_gd_ws/install/ur_ros_rtde_msgs:/home/alberto/Documents/kia_gd_ws/install/ur:/home/alberto/Documents/kia_gd_ws/install/ur_calibration:/home/alberto/Documents/kia_gd_ws/install/ur_robot_driver:/home/alberto/Documents/kia_gd_ws/install/ur_moveit_config:/home/alberto/Documents/kia_gd_ws/install/ur_bringup:/home/alberto/Documents/kia_gd_ws/install/ur_controllers:/home/alberto/Documents/kia_gd_ws/install/ur_dashboard_msgs:/home/alberto/Documents/kia_gd_ws/install/simple_ur10e_moveit_config:/home/alberto/Documents/kia_gd_ws/install/kia_gd:/home/alberto/Documents/sub_alberto/install/uuv_visualization:/home/alberto/Documents/sub_alberto/install/uuv_vision:/home/alberto/Documents/sub_alberto/install/uuv_navigation:/home/alberto/Documents/sub_alberto/install/uuv_mission:/home/alberto/Documents/sub_alberto/install/uuv_master:/home/alberto/Documents/sub_alberto/install/uuv_control:/home/alberto/install/vectornav:/home/alberto/install/vectornav_msgs:/home/alberto/install/uuv_teleop:/home/alberto/install/uuv_description:/home/alberto/install/sub:/home/alberto/install/pid:/home/alberto/Documents/kia_gd_ws/install/ros_tcp_endpoint:/home/alberto/ros2_ws/install/docker_test:/opt/ros/humble:/home/alberto/install/catkin:/home/alberto/ros2_ws/install/sub:/home/alberto/ros2_ws/install/pid:/home/alberto/ros2_ws/install/catkin:/home/alberto/uuv/install/uuv /usr/bin/cmake --install /home/alberto/Documents/kia_gd_ws/build/simple_ur10e_moveit_config
[1.398s] Level 1:colcon.colcon_core.environment:create_environment_scripts_only(simple_ur10e_moveit_config)
[1.399s] Level 1:colcon.colcon_core.environment:checking '/home/alberto/Documents/kia_gd_ws/install/simple_ur10e_moveit_config' for CMake module files
[1.401s] Level 1:colcon.colcon_core.environment:checking '/home/alberto/Documents/kia_gd_ws/install/simple_ur10e_moveit_config' for CMake config files
[1.402s] Level 1:colcon.colcon_core.shell:create_environment_hook('simple_ur10e_moveit_config', 'cmake_prefix_path')
[1.402s] INFO:colcon.colcon_core.shell:Creating environment hook '/home/alberto/Documents/kia_gd_ws/install/simple_ur10e_moveit_config/share/simple_ur10e_moveit_config/hook/cmake_prefix_path.ps1'
[1.403s] INFO:colcon.colcon_core.shell:Creating environment descriptor '/home/alberto/Documents/kia_gd_ws/install/simple_ur10e_moveit_config/share/simple_ur10e_moveit_config/hook/cmake_prefix_path.dsv'
[1.403s] DEBUG:colcon.colcon_core.event_handler.log_command:Invoked command in '/home/alberto/Documents/kia_gd_ws/build/simple_ur10e_moveit_config' returned '0': CMAKE_PREFIX_PATH=/home/alberto/Documents/kia_gd_ws/install/simple_ur10e_description:/home/alberto/Documents/kia_gd_ws/install/ur_ros_rtde_tutorials:/home/alberto/Documents/kia_gd_ws/install/ur_ros_rtde:/home/alberto/Documents/kia_gd_ws/install/ur_ros_rtde_simple_clients:/home/alberto/Documents/kia_gd_ws/install/ur_ros_rtde_gripper_commands:/home/alberto/Documents/kia_gd_ws/install/ur_ros_rtde_msgs:/home/alberto/Documents/kia_gd_ws/install/ur:/home/alberto/Documents/kia_gd_ws/install/ur_calibration:/home/alberto/Documents/kia_gd_ws/install/ur_robot_driver:/home/alberto/Documents/kia_gd_ws/install/ur_moveit_config:/home/alberto/Documents/kia_gd_ws/install/ur_bringup:/home/alberto/Documents/kia_gd_ws/install/ur_controllers:/home/alberto/Documents/kia_gd_ws/install/ur_dashboard_msgs:/home/alberto/Documents/kia_gd_ws/install/simple_ur10e_moveit_config:/home/alberto/Documents/kia_gd_ws/install/kia_gd:/home/alberto/Documents/sub_alberto/install/uuv_visualization:/home/alberto/Documents/sub_alberto/install/uuv_vision:/home/alberto/Documents/sub_alberto/install/uuv_navigation:/home/alberto/Documents/sub_alberto/install/uuv_mission:/home/alberto/Documents/sub_alberto/install/uuv_master:/home/alberto/Documents/sub_alberto/install/uuv_control:/home/alberto/install/vectornav:/home/alberto/install/vectornav_msgs:/home/alberto/install/uuv_teleop:/home/alberto/install/uuv_description:/home/alberto/install/sub:/home/alberto/install/pid:/home/alberto/Documents/kia_gd_ws/install/ros_tcp_endpoint:/home/alberto/ros2_ws/install/docker_test:/opt/ros/humble:/home/alberto/install/catkin:/home/alberto/ros2_ws/install/sub:/home/alberto/ros2_ws/install/pid:/home/alberto/ros2_ws/install/catkin:/home/alberto/uuv/install/uuv /usr/bin/cmake --install /home/alberto/Documents/kia_gd_ws/build/simple_ur10e_moveit_config
[1.405s] INFO:colcon.colcon_core.shell:Creating environment hook '/home/alberto/Documents/kia_gd_ws/install/simple_ur10e_moveit_config/share/simple_ur10e_moveit_config/hook/cmake_prefix_path.sh'
[1.406s] Level 1:colcon.colcon_core.environment:checking '/home/alberto/Documents/kia_gd_ws/install/simple_ur10e_moveit_config/bin'
[1.406s] Level 1:colcon.colcon_core.environment:checking '/home/alberto/Documents/kia_gd_ws/install/simple_ur10e_moveit_config/lib/pkgconfig/simple_ur10e_moveit_config.pc'
[1.406s] Level 1:colcon.colcon_core.environment:checking '/home/alberto/Documents/kia_gd_ws/install/simple_ur10e_moveit_config/lib/python3.10/site-packages'
[1.407s] Level 1:colcon.colcon_core.environment:checking '/home/alberto/Documents/kia_gd_ws/install/simple_ur10e_moveit_config/bin'
[1.408s] INFO:colcon.colcon_core.shell:Creating package script '/home/alberto/Documents/kia_gd_ws/install/simple_ur10e_moveit_config/share/simple_ur10e_moveit_config/package.ps1'
[1.409s] INFO:colcon.colcon_core.shell:Creating package descriptor '/home/alberto/Documents/kia_gd_ws/install/simple_ur10e_moveit_config/share/simple_ur10e_moveit_config/package.dsv'
[1.409s] INFO:colcon.colcon_core.shell:Creating package script '/home/alberto/Documents/kia_gd_ws/install/simple_ur10e_moveit_config/share/simple_ur10e_moveit_config/package.sh'
[1.410s] INFO:colcon.colcon_core.shell:Creating package script '/home/alberto/Documents/kia_gd_ws/install/simple_ur10e_moveit_config/share/simple_ur10e_moveit_config/package.bash'
[1.411s] INFO:colcon.colcon_core.shell:Creating package script '/home/alberto/Documents/kia_gd_ws/install/simple_ur10e_moveit_config/share/simple_ur10e_moveit_config/package.zsh'
[1.411s] Level 1:colcon.colcon_core.environment:create_file_with_runtime_dependencies(/home/alberto/Documents/kia_gd_ws/install/simple_ur10e_moveit_config/share/colcon-core/packages/simple_ur10e_moveit_config)
[1.412s] Level 1:colcon.colcon_core.environment:create_environment_scripts_only(simple_ur10e_moveit_config)
[1.413s] Level 1:colcon.colcon_core.environment:checking '/home/alberto/Documents/kia_gd_ws/install/simple_ur10e_moveit_config' for CMake module files
[1.414s] Level 1:colcon.colcon_core.environment:checking '/home/alberto/Documents/kia_gd_ws/install/simple_ur10e_moveit_config' for CMake config files
[1.414s] Level 1:colcon.colcon_core.shell:create_environment_hook('simple_ur10e_moveit_config', 'cmake_prefix_path')
[1.414s] INFO:colcon.colcon_core.shell:Creating environment hook '/home/alberto/Documents/kia_gd_ws/install/simple_ur10e_moveit_config/share/simple_ur10e_moveit_config/hook/cmake_prefix_path.ps1'
[1.415s] INFO:colcon.colcon_core.shell:Creating environment descriptor '/home/alberto/Documents/kia_gd_ws/install/simple_ur10e_moveit_config/share/simple_ur10e_moveit_config/hook/cmake_prefix_path.dsv'
[1.416s] INFO:colcon.colcon_core.shell:Creating environment hook '/home/alberto/Documents/kia_gd_ws/install/simple_ur10e_moveit_config/share/simple_ur10e_moveit_config/hook/cmake_prefix_path.sh'
[1.417s] Level 1:colcon.colcon_core.environment:checking '/home/alberto/Documents/kia_gd_ws/install/simple_ur10e_moveit_config/bin'
[1.417s] Level 1:colcon.colcon_core.environment:checking '/home/alberto/Documents/kia_gd_ws/install/simple_ur10e_moveit_config/lib/pkgconfig/simple_ur10e_moveit_config.pc'
[1.417s] Level 1:colcon.colcon_core.environment:checking '/home/alberto/Documents/kia_gd_ws/install/simple_ur10e_moveit_config/lib/python3.10/site-packages'
[1.418s] Level 1:colcon.colcon_core.environment:checking '/home/alberto/Documents/kia_gd_ws/install/simple_ur10e_moveit_config/bin'
[1.419s] INFO:colcon.colcon_core.shell:Creating package script '/home/alberto/Documents/kia_gd_ws/install/simple_ur10e_moveit_config/share/simple_ur10e_moveit_config/package.ps1'
[1.419s] INFO:colcon.colcon_core.shell:Creating package descriptor '/home/alberto/Documents/kia_gd_ws/install/simple_ur10e_moveit_config/share/simple_ur10e_moveit_config/package.dsv'
[1.420s] INFO:colcon.colcon_core.shell:Creating package script '/home/alberto/Documents/kia_gd_ws/install/simple_ur10e_moveit_config/share/simple_ur10e_moveit_config/package.sh'
[1.421s] INFO:colcon.colcon_core.shell:Creating package script '/home/alberto/Documents/kia_gd_ws/install/simple_ur10e_moveit_config/share/simple_ur10e_moveit_config/package.bash'
[1.422s] INFO:colcon.colcon_core.shell:Creating package script '/home/alberto/Documents/kia_gd_ws/install/simple_ur10e_moveit_config/share/simple_ur10e_moveit_config/package.zsh'
[1.423s] Level 1:colcon.colcon_core.environment:create_file_with_runtime_dependencies(/home/alberto/Documents/kia_gd_ws/install/simple_ur10e_moveit_config/share/colcon-core/packages/simple_ur10e_moveit_config)
[1.440s] DEBUG:colcon.colcon_core.event_handler.log_command:Invoked command in '/home/alberto/Documents/kia_gd_ws/build/ur_ros_rtde_msgs' returned '0': CMAKE_PREFIX_PATH=/home/alberto/Documents/kia_gd_ws/install/ur_ros_rtde_tutorials:/home/alberto/Documents/kia_gd_ws/install/ur_ros_rtde:/home/alberto/Documents/kia_gd_ws/install/ur_ros_rtde_simple_clients:/home/alberto/Documents/kia_gd_ws/install/ur_ros_rtde_gripper_commands:/home/alberto/Documents/kia_gd_ws/install/ur_ros_rtde_msgs:/home/alberto/Documents/kia_gd_ws/install/ur:/home/alberto/Documents/kia_gd_ws/install/ur_calibration:/home/alberto/Documents/kia_gd_ws/install/ur_robot_driver:/home/alberto/Documents/kia_gd_ws/install/ur_moveit_config:/home/alberto/Documents/kia_gd_ws/install/ur_bringup:/home/alberto/Documents/kia_gd_ws/install/ur_controllers:/home/alberto/Documents/kia_gd_ws/install/ur_dashboard_msgs:/home/alberto/Documents/kia_gd_ws/install/simple_ur10e_moveit_config:/home/alberto/Documents/kia_gd_ws/install/simple_ur10e_description:/home/alberto/Documents/kia_gd_ws/install/kia_gd:/home/alberto/Documents/sub_alberto/install/uuv_visualization:/home/alberto/Documents/sub_alberto/install/uuv_vision:/home/alberto/Documents/sub_alberto/install/uuv_navigation:/home/alberto/Documents/sub_alberto/install/uuv_mission:/home/alberto/Documents/sub_alberto/install/uuv_master:/home/alberto/Documents/sub_alberto/install/uuv_control:/home/alberto/install/vectornav:/home/alberto/install/vectornav_msgs:/home/alberto/install/uuv_teleop:/home/alberto/install/uuv_description:/home/alberto/install/sub:/home/alberto/install/pid:/home/alberto/Documents/kia_gd_ws/install/ros_tcp_endpoint:/home/alberto/ros2_ws/install/docker_test:/opt/ros/humble:/home/alberto/install/catkin:/home/alberto/ros2_ws/install/sub:/home/alberto/ros2_ws/install/pid:/home/alberto/ros2_ws/install/catkin:/home/alberto/uuv/install/uuv /usr/bin/cmake --build /home/alberto/Documents/kia_gd_ws/build/ur_ros_rtde_msgs -- -j8 -l8
[1.441s] DEBUG:colcon.colcon_core.event_handler.log_command:Invoking command in '/home/alberto/Documents/kia_gd_ws/build/ur_ros_rtde_msgs': CMAKE_PREFIX_PATH=/home/alberto/Documents/kia_gd_ws/install/ur_ros_rtde_tutorials:/home/alberto/Documents/kia_gd_ws/install/ur_ros_rtde:/home/alberto/Documents/kia_gd_ws/install/ur_ros_rtde_simple_clients:/home/alberto/Documents/kia_gd_ws/install/ur_ros_rtde_gripper_commands:/home/alberto/Documents/kia_gd_ws/install/ur_ros_rtde_msgs:/home/alberto/Documents/kia_gd_ws/install/ur:/home/alberto/Documents/kia_gd_ws/install/ur_calibration:/home/alberto/Documents/kia_gd_ws/install/ur_robot_driver:/home/alberto/Documents/kia_gd_ws/install/ur_moveit_config:/home/alberto/Documents/kia_gd_ws/install/ur_bringup:/home/alberto/Documents/kia_gd_ws/install/ur_controllers:/home/alberto/Documents/kia_gd_ws/install/ur_dashboard_msgs:/home/alberto/Documents/kia_gd_ws/install/simple_ur10e_moveit_config:/home/alberto/Documents/kia_gd_ws/install/simple_ur10e_description:/home/alberto/Documents/kia_gd_ws/install/kia_gd:/home/alberto/Documents/sub_alberto/install/uuv_visualization:/home/alberto/Documents/sub_alberto/install/uuv_vision:/home/alberto/Documents/sub_alberto/install/uuv_navigation:/home/alberto/Documents/sub_alberto/install/uuv_mission:/home/alberto/Documents/sub_alberto/install/uuv_master:/home/alberto/Documents/sub_alberto/install/uuv_control:/home/alberto/install/vectornav:/home/alberto/install/vectornav_msgs:/home/alberto/install/uuv_teleop:/home/alberto/install/uuv_description:/home/alberto/install/sub:/home/alberto/install/pid:/home/alberto/Documents/kia_gd_ws/install/ros_tcp_endpoint:/home/alberto/ros2_ws/install/docker_test:/opt/ros/humble:/home/alberto/install/catkin:/home/alberto/ros2_ws/install/sub:/home/alberto/ros2_ws/install/pid:/home/alberto/ros2_ws/install/catkin:/home/alberto/uuv/install/uuv /usr/bin/cmake --install /home/alberto/Documents/kia_gd_ws/build/ur_ros_rtde_msgs
[1.845s] Level 1:colcon.colcon_core.environment:create_environment_scripts_only(ur_ros_rtde_msgs)
[1.846s] Level 1:colcon.colcon_core.environment:checking '/home/alberto/Documents/kia_gd_ws/install/ur_ros_rtde_msgs' for CMake module files
[1.846s] DEBUG:colcon.colcon_core.event_handler.log_command:Invoked command in '/home/alberto/Documents/kia_gd_ws/build/ur_ros_rtde_msgs' returned '0': CMAKE_PREFIX_PATH=/home/alberto/Documents/kia_gd_ws/install/ur_ros_rtde_tutorials:/home/alberto/Documents/kia_gd_ws/install/ur_ros_rtde:/home/alberto/Documents/kia_gd_ws/install/ur_ros_rtde_simple_clients:/home/alberto/Documents/kia_gd_ws/install/ur_ros_rtde_gripper_commands:/home/alberto/Documents/kia_gd_ws/install/ur_ros_rtde_msgs:/home/alberto/Documents/kia_gd_ws/install/ur:/home/alberto/Documents/kia_gd_ws/install/ur_calibration:/home/alberto/Documents/kia_gd_ws/install/ur_robot_driver:/home/alberto/Documents/kia_gd_ws/install/ur_moveit_config:/home/alberto/Documents/kia_gd_ws/install/ur_bringup:/home/alberto/Documents/kia_gd_ws/install/ur_controllers:/home/alberto/Documents/kia_gd_ws/install/ur_dashboard_msgs:/home/alberto/Documents/kia_gd_ws/install/simple_ur10e_moveit_config:/home/alberto/Documents/kia_gd_ws/install/simple_ur10e_description:/home/alberto/Documents/kia_gd_ws/install/kia_gd:/home/alberto/Documents/sub_alberto/install/uuv_visualization:/home/alberto/Documents/sub_alberto/install/uuv_vision:/home/alberto/Documents/sub_alberto/install/uuv_navigation:/home/alberto/Documents/sub_alberto/install/uuv_mission:/home/alberto/Documents/sub_alberto/install/uuv_master:/home/alberto/Documents/sub_alberto/install/uuv_control:/home/alberto/install/vectornav:/home/alberto/install/vectornav_msgs:/home/alberto/install/uuv_teleop:/home/alberto/install/uuv_description:/home/alberto/install/sub:/home/alberto/install/pid:/home/alberto/Documents/kia_gd_ws/install/ros_tcp_endpoint:/home/alberto/ros2_ws/install/docker_test:/opt/ros/humble:/home/alberto/install/catkin:/home/alberto/ros2_ws/install/sub:/home/alberto/ros2_ws/install/pid:/home/alberto/ros2_ws/install/catkin:/home/alberto/uuv/install/uuv /usr/bin/cmake --install /home/alberto/Documents/kia_gd_ws/build/ur_ros_rtde_msgs
[1.847s] Level 1:colcon.colcon_core.environment:checking '/home/alberto/Documents/kia_gd_ws/install/ur_ros_rtde_msgs' for CMake config files
[1.853s] Level 1:colcon.colcon_core.shell:create_environment_hook('ur_ros_rtde_msgs', 'cmake_prefix_path')
[1.853s] INFO:colcon.colcon_core.shell:Creating environment hook '/home/alberto/Documents/kia_gd_ws/install/ur_ros_rtde_msgs/share/ur_ros_rtde_msgs/hook/cmake_prefix_path.ps1'
[1.854s] INFO:colcon.colcon_core.shell:Creating environment descriptor '/home/alberto/Documents/kia_gd_ws/install/ur_ros_rtde_msgs/share/ur_ros_rtde_msgs/hook/cmake_prefix_path.dsv'
[1.854s] INFO:colcon.colcon_core.shell:Creating environment hook '/home/alberto/Documents/kia_gd_ws/install/ur_ros_rtde_msgs/share/ur_ros_rtde_msgs/hook/cmake_prefix_path.sh'
[1.855s] Level 1:colcon.colcon_core.environment:checking '/home/alberto/Documents/kia_gd_ws/install/ur_ros_rtde_msgs/lib'
[1.855s] Level 1:colcon.colcon_core.shell:create_environment_hook('ur_ros_rtde_msgs', 'ld_library_path_lib')
[1.855s] INFO:colcon.colcon_core.shell:Creating environment hook '/home/alberto/Documents/kia_gd_ws/install/ur_ros_rtde_msgs/share/ur_ros_rtde_msgs/hook/ld_library_path_lib.ps1'
[1.856s] INFO:colcon.colcon_core.shell:Creating environment descriptor '/home/alberto/Documents/kia_gd_ws/install/ur_ros_rtde_msgs/share/ur_ros_rtde_msgs/hook/ld_library_path_lib.dsv'
[1.857s] INFO:colcon.colcon_core.shell:Creating environment hook '/home/alberto/Documents/kia_gd_ws/install/ur_ros_rtde_msgs/share/ur_ros_rtde_msgs/hook/ld_library_path_lib.sh'
[1.857s] Level 1:colcon.colcon_core.environment:checking '/home/alberto/Documents/kia_gd_ws/install/ur_ros_rtde_msgs/bin'
[1.857s] Level 1:colcon.colcon_core.environment:checking '/home/alberto/Documents/kia_gd_ws/install/ur_ros_rtde_msgs/lib/pkgconfig/ur_ros_rtde_msgs.pc'
[1.858s] Level 1:colcon.colcon_core.environment:checking '/home/alberto/Documents/kia_gd_ws/install/ur_ros_rtde_msgs/lib/python3.10/site-packages'
[1.858s] Level 1:colcon.colcon_core.environment:checking '/home/alberto/Documents/kia_gd_ws/install/ur_ros_rtde_msgs/bin'
[1.859s] INFO:colcon.colcon_core.shell:Creating package script '/home/alberto/Documents/kia_gd_ws/install/ur_ros_rtde_msgs/share/ur_ros_rtde_msgs/package.ps1'
[1.860s] INFO:colcon.colcon_core.shell:Creating package descriptor '/home/alberto/Documents/kia_gd_ws/install/ur_ros_rtde_msgs/share/ur_ros_rtde_msgs/package.dsv'
[1.860s] INFO:colcon.colcon_core.shell:Creating package script '/home/alberto/Documents/kia_gd_ws/install/ur_ros_rtde_msgs/share/ur_ros_rtde_msgs/package.sh'
[1.861s] INFO:colcon.colcon_core.shell:Creating package script '/home/alberto/Documents/kia_gd_ws/install/ur_ros_rtde_msgs/share/ur_ros_rtde_msgs/package.bash'
[1.861s] INFO:colcon.colcon_core.shell:Creating package script '/home/alberto/Documents/kia_gd_ws/install/ur_ros_rtde_msgs/share/ur_ros_rtde_msgs/package.zsh'
[1.862s] Level 1:colcon.colcon_core.environment:create_file_with_runtime_dependencies(/home/alberto/Documents/kia_gd_ws/install/ur_ros_rtde_msgs/share/colcon-core/packages/ur_ros_rtde_msgs)
[1.863s] Level 1:colcon.colcon_core.environment:create_environment_scripts_only(ur_ros_rtde_msgs)
[1.863s] Level 1:colcon.colcon_core.environment:checking '/home/alberto/Documents/kia_gd_ws/install/ur_ros_rtde_msgs' for CMake module files
[1.864s] Level 1:colcon.colcon_core.environment:checking '/home/alberto/Documents/kia_gd_ws/install/ur_ros_rtde_msgs' for CMake config files
[1.870s] Level 1:colcon.colcon_core.shell:create_environment_hook('ur_ros_rtde_msgs', 'cmake_prefix_path')
[1.870s] INFO:colcon.colcon_core.shell:Creating environment hook '/home/alberto/Documents/kia_gd_ws/install/ur_ros_rtde_msgs/share/ur_ros_rtde_msgs/hook/cmake_prefix_path.ps1'
[1.871s] INFO:colcon.colcon_core.shell:Creating environment descriptor '/home/alberto/Documents/kia_gd_ws/install/ur_ros_rtde_msgs/share/ur_ros_rtde_msgs/hook/cmake_prefix_path.dsv'
[1.871s] INFO:colcon.colcon_core.shell:Creating environment hook '/home/alberto/Documents/kia_gd_ws/install/ur_ros_rtde_msgs/share/ur_ros_rtde_msgs/hook/cmake_prefix_path.sh'
[1.872s] Level 1:colcon.colcon_core.environment:checking '/home/alberto/Documents/kia_gd_ws/install/ur_ros_rtde_msgs/lib'
[1.872s] Level 1:colcon.colcon_core.shell:create_environment_hook('ur_ros_rtde_msgs', 'ld_library_path_lib')
[1.872s] INFO:colcon.colcon_core.shell:Creating environment hook '/home/alberto/Documents/kia_gd_ws/install/ur_ros_rtde_msgs/share/ur_ros_rtde_msgs/hook/ld_library_path_lib.ps1'
[1.873s] INFO:colcon.colcon_core.shell:Creating environment descriptor '/home/alberto/Documents/kia_gd_ws/install/ur_ros_rtde_msgs/share/ur_ros_rtde_msgs/hook/ld_library_path_lib.dsv'
[1.873s] INFO:colcon.colcon_core.shell:Creating environment hook '/home/alberto/Documents/kia_gd_ws/install/ur_ros_rtde_msgs/share/ur_ros_rtde_msgs/hook/ld_library_path_lib.sh'
[1.874s] Level 1:colcon.colcon_core.environment:checking '/home/alberto/Documents/kia_gd_ws/install/ur_ros_rtde_msgs/bin'
[1.874s] Level 1:colcon.colcon_core.environment:checking '/home/alberto/Documents/kia_gd_ws/install/ur_ros_rtde_msgs/lib/pkgconfig/ur_ros_rtde_msgs.pc'
[1.874s] Level 1:colcon.colcon_core.environment:checking '/home/alberto/Documents/kia_gd_ws/install/ur_ros_rtde_msgs/lib/python3.10/site-packages'
[1.874s] Level 1:colcon.colcon_core.environment:checking '/home/alberto/Documents/kia_gd_ws/install/ur_ros_rtde_msgs/bin'
[1.875s] INFO:colcon.colcon_core.shell:Creating package script '/home/alberto/Documents/kia_gd_ws/install/ur_ros_rtde_msgs/share/ur_ros_rtde_msgs/package.ps1'
[1.876s] INFO:colcon.colcon_core.shell:Creating package descriptor '/home/alberto/Documents/kia_gd_ws/install/ur_ros_rtde_msgs/share/ur_ros_rtde_msgs/package.dsv'
[1.876s] INFO:colcon.colcon_core.shell:Creating package script '/home/alberto/Documents/kia_gd_ws/install/ur_ros_rtde_msgs/share/ur_ros_rtde_msgs/package.sh'
[1.877s] INFO:colcon.colcon_core.shell:Creating package script '/home/alberto/Documents/kia_gd_ws/install/ur_ros_rtde_msgs/share/ur_ros_rtde_msgs/package.bash'
[1.877s] INFO:colcon.colcon_core.shell:Creating package script '/home/alberto/Documents/kia_gd_ws/install/ur_ros_rtde_msgs/share/ur_ros_rtde_msgs/package.zsh'
[1.878s] Level 1:colcon.colcon_core.environment:create_file_with_runtime_dependencies(/home/alberto/Documents/kia_gd_ws/install/ur_ros_rtde_msgs/share/colcon-core/packages/ur_ros_rtde_msgs)
[1.878s] INFO:colcon.colcon_ros.task.ament_cmake.build:Building ROS package in '/home/alberto/Documents/kia_gd_ws/src/ur_ros_rtde/ur_ros_rtde' with build type 'ament_cmake'
[1.878s] INFO:colcon.colcon_cmake.task.cmake.build:Building CMake package in '/home/alberto/Documents/kia_gd_ws/src/ur_ros_rtde/ur_ros_rtde'
[1.879s] INFO:colcon.colcon_core.shell:Skip shell extension 'powershell' for command environment: Not usable outside of PowerShell
[1.879s] DEBUG:colcon.colcon_core.shell:Skip shell extension 'dsv' for command environment
[1.907s] DEBUG:colcon.colcon_core.event_handler.log_command:Invoking command in '/home/alberto/Documents/kia_gd_ws/build/ur_ros_rtde': CMAKE_PREFIX_PATH=/home/alberto/Documents/kia_gd_ws/install/ur_ros_rtde_simple_clients:/home/alberto/Documents/kia_gd_ws/install/ur_ros_rtde_msgs:/home/alberto/Documents/kia_gd_ws/install/ur_ros_rtde_tutorials:/home/alberto/Documents/kia_gd_ws/install/ur_ros_rtde:/home/alberto/Documents/kia_gd_ws/install/ur_ros_rtde_gripper_commands:/home/alberto/Documents/kia_gd_ws/install/ur:/home/alberto/Documents/kia_gd_ws/install/ur_calibration:/home/alberto/Documents/kia_gd_ws/install/ur_robot_driver:/home/alberto/Documents/kia_gd_ws/install/ur_moveit_config:/home/alberto/Documents/kia_gd_ws/install/ur_bringup:/home/alberto/Documents/kia_gd_ws/install/ur_controllers:/home/alberto/Documents/kia_gd_ws/install/ur_dashboard_msgs:/home/alberto/Documents/kia_gd_ws/install/simple_ur10e_moveit_config:/home/alberto/Documents/kia_gd_ws/install/simple_ur10e_description:/home/alberto/Documents/kia_gd_ws/install/kia_gd:/home/alberto/Documents/sub_alberto/install/uuv_visualization:/home/alberto/Documents/sub_alberto/install/uuv_vision:/home/alberto/Documents/sub_alberto/install/uuv_navigation:/home/alberto/Documents/sub_alberto/install/uuv_mission:/home/alberto/Documents/sub_alberto/install/uuv_master:/home/alberto/Documents/sub_alberto/install/uuv_control:/home/alberto/install/vectornav:/home/alberto/install/vectornav_msgs:/home/alberto/install/uuv_teleop:/home/alberto/install/uuv_description:/home/alberto/install/sub:/home/alberto/install/pid:/home/alberto/Documents/kia_gd_ws/install/ros_tcp_endpoint:/home/alberto/ros2_ws/install/docker_test:/opt/ros/humble:/home/alberto/install/catkin:/home/alberto/ros2_ws/install/sub:/home/alberto/ros2_ws/install/pid:/home/alberto/ros2_ws/install/catkin:/home/alberto/uuv/install/uuv LD_LIBRARY_PATH=/home/alberto/Documents/kia_gd_ws/install/ur_ros_rtde_msgs/lib:/home/alberto/Documents/kia_gd_ws/install/ur_ros_rtde_tutorials/lib:/home/alberto/Documents/kia_gd_ws/install/ur_ros_rtde/lib:/home/alberto/Documents/kia_gd_ws/install/ur_ros_rtde_gripper_commands/lib:/home/alberto/Documents/kia_gd_ws/install/ur_robot_driver/lib:/home/alberto/Documents/kia_gd_ws/install/ur_controllers/lib:/home/alberto/Documents/kia_gd_ws/install/ur_dashboard_msgs/lib:/home/alberto/install/vectornav/lib:/home/alberto/install/vectornav_msgs/lib:/opt/ros/humble/opt/rviz_ogre_vendor/lib:/opt/ros/humble/lib/x86_64-linux-gnu:/opt/ros/humble/lib /usr/bin/cmake --build /home/alberto/Documents/kia_gd_ws/build/ur_ros_rtde -- -j8 -l8
[2.111s] DEBUG:colcon.colcon_core.event_handler.log_command:Invoking command in '/home/alberto/Documents/kia_gd_ws/src/ROS-TCP-Endpoint': PYTHONPATH=/home/alberto/Documents/kia_gd_ws/build/ros_tcp_endpoint/prefix_override:/usr/lib/python3/dist-packages/colcon_core/task/python/colcon_distutils_commands:/home/alberto/Documents/kia_gd_ws/install/ros_tcp_endpoint/lib/python3.10/site-packages:${PYTHONPATH} /usr/bin/python3 -W ignore:setup.py install is deprecated -W ignore:easy_install command is deprecated setup.py egg_info --egg-base ../../build/ros_tcp_endpoint build --build-base /home/alberto/Documents/kia_gd_ws/build/ros_tcp_endpoint/build install --record /home/alberto/Documents/kia_gd_ws/build/ros_tcp_endpoint/install.log --install-scripts $base/lib/ros_tcp_endpoint --single-version-externally-managed install_data
[2.172s] DEBUG:colcon.colcon_core.event_handler.log_command:Invoked command in '/home/alberto/Documents/kia_gd_ws/build/ur_ros_rtde' returned '0': CMAKE_PREFIX_PATH=/home/alberto/Documents/kia_gd_ws/install/ur_ros_rtde_simple_clients:/home/alberto/Documents/kia_gd_ws/install/ur_ros_rtde_msgs:/home/alberto/Documents/kia_gd_ws/install/ur_ros_rtde_tutorials:/home/alberto/Documents/kia_gd_ws/install/ur_ros_rtde:/home/alberto/Documents/kia_gd_ws/install/ur_ros_rtde_gripper_commands:/home/alberto/Documents/kia_gd_ws/install/ur:/home/alberto/Documents/kia_gd_ws/install/ur_calibration:/home/alberto/Documents/kia_gd_ws/install/ur_robot_driver:/home/alberto/Documents/kia_gd_ws/install/ur_moveit_config:/home/alberto/Documents/kia_gd_ws/install/ur_bringup:/home/alberto/Documents/kia_gd_ws/install/ur_controllers:/home/alberto/Documents/kia_gd_ws/install/ur_dashboard_msgs:/home/alberto/Documents/kia_gd_ws/install/simple_ur10e_moveit_config:/home/alberto/Documents/kia_gd_ws/install/simple_ur10e_description:/home/alberto/Documents/kia_gd_ws/install/kia_gd:/home/alberto/Documents/sub_alberto/install/uuv_visualization:/home/alberto/Documents/sub_alberto/install/uuv_vision:/home/alberto/Documents/sub_alberto/install/uuv_navigation:/home/alberto/Documents/sub_alberto/install/uuv_mission:/home/alberto/Documents/sub_alberto/install/uuv_master:/home/alberto/Documents/sub_alberto/install/uuv_control:/home/alberto/install/vectornav:/home/alberto/install/vectornav_msgs:/home/alberto/install/uuv_teleop:/home/alberto/install/uuv_description:/home/alberto/install/sub:/home/alberto/install/pid:/home/alberto/Documents/kia_gd_ws/install/ros_tcp_endpoint:/home/alberto/ros2_ws/install/docker_test:/opt/ros/humble:/home/alberto/install/catkin:/home/alberto/ros2_ws/install/sub:/home/alberto/ros2_ws/install/pid:/home/alberto/ros2_ws/install/catkin:/home/alberto/uuv/install/uuv LD_LIBRARY_PATH=/home/alberto/Documents/kia_gd_ws/install/ur_ros_rtde_msgs/lib:/home/alberto/Documents/kia_gd_ws/install/ur_ros_rtde_tutorials/lib:/home/alberto/Documents/kia_gd_ws/install/ur_ros_rtde/lib:/home/alberto/Documents/kia_gd_ws/install/ur_ros_rtde_gripper_commands/lib:/home/alberto/Documents/kia_gd_ws/install/ur_robot_driver/lib:/home/alberto/Documents/kia_gd_ws/install/ur_controllers/lib:/home/alberto/Documents/kia_gd_ws/install/ur_dashboard_msgs/lib:/home/alberto/install/vectornav/lib:/home/alberto/install/vectornav_msgs/lib:/opt/ros/humble/opt/rviz_ogre_vendor/lib:/opt/ros/humble/lib/x86_64-linux-gnu:/opt/ros/humble/lib /usr/bin/cmake --build /home/alberto/Documents/kia_gd_ws/build/ur_ros_rtde -- -j8 -l8
[2.174s] DEBUG:colcon.colcon_core.event_handler.log_command:Invoking command in '/home/alberto/Documents/kia_gd_ws/build/ur_ros_rtde': CMAKE_PREFIX_PATH=/home/alberto/Documents/kia_gd_ws/install/ur_ros_rtde_simple_clients:/home/alberto/Documents/kia_gd_ws/install/ur_ros_rtde_msgs:/home/alberto/Documents/kia_gd_ws/install/ur_ros_rtde_tutorials:/home/alberto/Documents/kia_gd_ws/install/ur_ros_rtde:/home/alberto/Documents/kia_gd_ws/install/ur_ros_rtde_gripper_commands:/home/alberto/Documents/kia_gd_ws/install/ur:/home/alberto/Documents/kia_gd_ws/install/ur_calibration:/home/alberto/Documents/kia_gd_ws/install/ur_robot_driver:/home/alberto/Documents/kia_gd_ws/install/ur_moveit_config:/home/alberto/Documents/kia_gd_ws/install/ur_bringup:/home/alberto/Documents/kia_gd_ws/install/ur_controllers:/home/alberto/Documents/kia_gd_ws/install/ur_dashboard_msgs:/home/alberto/Documents/kia_gd_ws/install/simple_ur10e_moveit_config:/home/alberto/Documents/kia_gd_ws/install/simple_ur10e_description:/home/alberto/Documents/kia_gd_ws/install/kia_gd:/home/alberto/Documents/sub_alberto/install/uuv_visualization:/home/alberto/Documents/sub_alberto/install/uuv_vision:/home/alberto/Documents/sub_alberto/install/uuv_navigation:/home/alberto/Documents/sub_alberto/install/uuv_mission:/home/alberto/Documents/sub_alberto/install/uuv_master:/home/alberto/Documents/sub_alberto/install/uuv_control:/home/alberto/install/vectornav:/home/alberto/install/vectornav_msgs:/home/alberto/install/uuv_teleop:/home/alberto/install/uuv_description:/home/alberto/install/sub:/home/alberto/install/pid:/home/alberto/Documents/kia_gd_ws/install/ros_tcp_endpoint:/home/alberto/ros2_ws/install/docker_test:/opt/ros/humble:/home/alberto/install/catkin:/home/alberto/ros2_ws/install/sub:/home/alberto/ros2_ws/install/pid:/home/alberto/ros2_ws/install/catkin:/home/alberto/uuv/install/uuv LD_LIBRARY_PATH=/home/alberto/Documents/kia_gd_ws/install/ur_ros_rtde_msgs/lib:/home/alberto/Documents/kia_gd_ws/install/ur_ros_rtde_tutorials/lib:/home/alberto/Documents/kia_gd_ws/install/ur_ros_rtde/lib:/home/alberto/Documents/kia_gd_ws/install/ur_ros_rtde_gripper_commands/lib:/home/alberto/Documents/kia_gd_ws/install/ur_robot_driver/lib:/home/alberto/Documents/kia_gd_ws/install/ur_controllers/lib:/home/alberto/Documents/kia_gd_ws/install/ur_dashboard_msgs/lib:/home/alberto/install/vectornav/lib:/home/alberto/install/vectornav_msgs/lib:/opt/ros/humble/opt/rviz_ogre_vendor/lib:/opt/ros/humble/lib/x86_64-linux-gnu:/opt/ros/humble/lib /usr/bin/cmake --install /home/alberto/Documents/kia_gd_ws/build/ur_ros_rtde
[2.219s] Level 1:colcon.colcon_core.environment:create_environment_scripts_only(ur_ros_rtde)
[2.220s] Level 1:colcon.colcon_core.environment:checking '/home/alberto/Documents/kia_gd_ws/install/ur_ros_rtde' for CMake module files
[2.221s] Level 1:colcon.colcon_core.environment:checking '/home/alberto/Documents/kia_gd_ws/install/ur_ros_rtde' for CMake config files
[2.221s] Level 1:colcon.colcon_core.shell:create_environment_hook('ur_ros_rtde', 'cmake_prefix_path')
[2.222s] INFO:colcon.colcon_core.shell:Creating environment hook '/home/alberto/Documents/kia_gd_ws/install/ur_ros_rtde/share/ur_ros_rtde/hook/cmake_prefix_path.ps1'
[2.223s] DEBUG:colcon.colcon_core.event_handler.log_command:Invoked command in '/home/alberto/Documents/kia_gd_ws/build/ur_ros_rtde' returned '0': CMAKE_PREFIX_PATH=/home/alberto/Documents/kia_gd_ws/install/ur_ros_rtde_simple_clients:/home/alberto/Documents/kia_gd_ws/install/ur_ros_rtde_msgs:/home/alberto/Documents/kia_gd_ws/install/ur_ros_rtde_tutorials:/home/alberto/Documents/kia_gd_ws/install/ur_ros_rtde:/home/alberto/Documents/kia_gd_ws/install/ur_ros_rtde_gripper_commands:/home/alberto/Documents/kia_gd_ws/install/ur:/home/alberto/Documents/kia_gd_ws/install/ur_calibration:/home/alberto/Documents/kia_gd_ws/install/ur_robot_driver:/home/alberto/Documents/kia_gd_ws/install/ur_moveit_config:/home/alberto/Documents/kia_gd_ws/install/ur_bringup:/home/alberto/Documents/kia_gd_ws/install/ur_controllers:/home/alberto/Documents/kia_gd_ws/install/ur_dashboard_msgs:/home/alberto/Documents/kia_gd_ws/install/simple_ur10e_moveit_config:/home/alberto/Documents/kia_gd_ws/install/simple_ur10e_description:/home/alberto/Documents/kia_gd_ws/install/kia_gd:/home/alberto/Documents/sub_alberto/install/uuv_visualization:/home/alberto/Documents/sub_alberto/install/uuv_vision:/home/alberto/Documents/sub_alberto/install/uuv_navigation:/home/alberto/Documents/sub_alberto/install/uuv_mission:/home/alberto/Documents/sub_alberto/install/uuv_master:/home/alberto/Documents/sub_alberto/install/uuv_control:/home/alberto/install/vectornav:/home/alberto/install/vectornav_msgs:/home/alberto/install/uuv_teleop:/home/alberto/install/uuv_description:/home/alberto/install/sub:/home/alberto/install/pid:/home/alberto/Documents/kia_gd_ws/install/ros_tcp_endpoint:/home/alberto/ros2_ws/install/docker_test:/opt/ros/humble:/home/alberto/install/catkin:/home/alberto/ros2_ws/install/sub:/home/alberto/ros2_ws/install/pid:/home/alberto/ros2_ws/install/catkin:/home/alberto/uuv/install/uuv LD_LIBRARY_PATH=/home/alberto/Documents/kia_gd_ws/install/ur_ros_rtde_msgs/lib:/home/alberto/Documents/kia_gd_ws/install/ur_ros_rtde_tutorials/lib:/home/alberto/Documents/kia_gd_ws/install/ur_ros_rtde/lib:/home/alberto/Documents/kia_gd_ws/install/ur_ros_rtde_gripper_commands/lib:/home/alberto/Documents/kia_gd_ws/install/ur_robot_driver/lib:/home/alberto/Documents/kia_gd_ws/install/ur_controllers/lib:/home/alberto/Documents/kia_gd_ws/install/ur_dashboard_msgs/lib:/home/alberto/install/vectornav/lib:/home/alberto/install/vectornav_msgs/lib:/opt/ros/humble/opt/rviz_ogre_vendor/lib:/opt/ros/humble/lib/x86_64-linux-gnu:/opt/ros/humble/lib /usr/bin/cmake --install /home/alberto/Documents/kia_gd_ws/build/ur_ros_rtde
[2.223s] INFO:colcon.colcon_core.shell:Creating environment descriptor '/home/alberto/Documents/kia_gd_ws/install/ur_ros_rtde/share/ur_ros_rtde/hook/cmake_prefix_path.dsv'
[2.224s] INFO:colcon.colcon_core.shell:Creating environment hook '/home/alberto/Documents/kia_gd_ws/install/ur_ros_rtde/share/ur_ros_rtde/hook/cmake_prefix_path.sh'
[2.225s] Level 1:colcon.colcon_core.environment:checking '/home/alberto/Documents/kia_gd_ws/install/ur_ros_rtde/lib'
[2.225s] Level 1:colcon.colcon_core.shell:create_environment_hook('ur_ros_rtde', 'ld_library_path_lib')
[2.226s] INFO:colcon.colcon_core.shell:Creating environment hook '/home/alberto/Documents/kia_gd_ws/install/ur_ros_rtde/share/ur_ros_rtde/hook/ld_library_path_lib.ps1'
[2.226s] INFO:colcon.colcon_core.shell:Creating environment descriptor '/home/alberto/Documents/kia_gd_ws/install/ur_ros_rtde/share/ur_ros_rtde/hook/ld_library_path_lib.dsv'
[2.227s] INFO:colcon.colcon_core.shell:Creating environment hook '/home/alberto/Documents/kia_gd_ws/install/ur_ros_rtde/share/ur_ros_rtde/hook/ld_library_path_lib.sh'
[2.228s] Level 1:colcon.colcon_core.environment:checking '/home/alberto/Documents/kia_gd_ws/install/ur_ros_rtde/bin'
[2.228s] Level 1:colcon.colcon_core.environment:checking '/home/alberto/Documents/kia_gd_ws/install/ur_ros_rtde/lib/pkgconfig/ur_ros_rtde.pc'
[2.228s] Level 1:colcon.colcon_core.environment:checking '/home/alberto/Documents/kia_gd_ws/install/ur_ros_rtde/lib/python3.10/site-packages'
[2.229s] Level 1:colcon.colcon_core.environment:checking '/home/alberto/Documents/kia_gd_ws/install/ur_ros_rtde/bin'
[2.229s] INFO:colcon.colcon_core.shell:Creating package script '/home/alberto/Documents/kia_gd_ws/install/ur_ros_rtde/share/ur_ros_rtde/package.ps1'
[2.230s] INFO:colcon.colcon_core.shell:Creating package descriptor '/home/alberto/Documents/kia_gd_ws/install/ur_ros_rtde/share/ur_ros_rtde/package.dsv'
[2.231s] INFO:colcon.colcon_core.shell:Creating package script '/home/alberto/Documents/kia_gd_ws/install/ur_ros_rtde/share/ur_ros_rtde/package.sh'
[2.232s] INFO:colcon.colcon_core.shell:Creating package script '/home/alberto/Documents/kia_gd_ws/install/ur_ros_rtde/share/ur_ros_rtde/package.bash'
[2.232s] INFO:colcon.colcon_core.shell:Creating package script '/home/alberto/Documents/kia_gd_ws/install/ur_ros_rtde/share/ur_ros_rtde/package.zsh'
[2.233s] Level 1:colcon.colcon_core.environment:create_file_with_runtime_dependencies(/home/alberto/Documents/kia_gd_ws/install/ur_ros_rtde/share/colcon-core/packages/ur_ros_rtde)
[2.234s] Level 1:colcon.colcon_core.environment:create_environment_scripts_only(ur_ros_rtde)
[2.234s] Level 1:colcon.colcon_core.environment:checking '/home/alberto/Documents/kia_gd_ws/install/ur_ros_rtde' for CMake module files
[2.235s] Level 1:colcon.colcon_core.environment:checking '/home/alberto/Documents/kia_gd_ws/install/ur_ros_rtde' for CMake config files
[2.236s] Level 1:colcon.colcon_core.shell:create_environment_hook('ur_ros_rtde', 'cmake_prefix_path')
[2.237s] INFO:colcon.colcon_core.shell:Creating environment hook '/home/alberto/Documents/kia_gd_ws/install/ur_ros_rtde/share/ur_ros_rtde/hook/cmake_prefix_path.ps1'
[2.237s] INFO:colcon.colcon_core.shell:Creating environment descriptor '/home/alberto/Documents/kia_gd_ws/install/ur_ros_rtde/share/ur_ros_rtde/hook/cmake_prefix_path.dsv'
[2.238s] INFO:colcon.colcon_core.shell:Creating environment hook '/home/alberto/Documents/kia_gd_ws/install/ur_ros_rtde/share/ur_ros_rtde/hook/cmake_prefix_path.sh'
[2.239s] Level 1:colcon.colcon_core.environment:checking '/home/alberto/Documents/kia_gd_ws/install/ur_ros_rtde/lib'
[2.239s] Level 1:colcon.colcon_core.shell:create_environment_hook('ur_ros_rtde', 'ld_library_path_lib')
[2.240s] INFO:colcon.colcon_core.shell:Creating environment hook '/home/alberto/Documents/kia_gd_ws/install/ur_ros_rtde/share/ur_ros_rtde/hook/ld_library_path_lib.ps1'
[2.240s] INFO:colcon.colcon_core.shell:Creating environment descriptor '/home/alberto/Documents/kia_gd_ws/install/ur_ros_rtde/share/ur_ros_rtde/hook/ld_library_path_lib.dsv'
[2.241s] INFO:colcon.colcon_core.shell:Creating environment hook '/home/alberto/Documents/kia_gd_ws/install/ur_ros_rtde/share/ur_ros_rtde/hook/ld_library_path_lib.sh'
[2.242s] Level 1:colcon.colcon_core.environment:checking '/home/alberto/Documents/kia_gd_ws/install/ur_ros_rtde/bin'
[2.242s] Level 1:colcon.colcon_core.environment:checking '/home/alberto/Documents/kia_gd_ws/install/ur_ros_rtde/lib/pkgconfig/ur_ros_rtde.pc'
[2.242s] Level 1:colcon.colcon_core.environment:checking '/home/alberto/Documents/kia_gd_ws/install/ur_ros_rtde/lib/python3.10/site-packages'
[2.243s] Level 1:colcon.colcon_core.environment:checking '/home/alberto/Documents/kia_gd_ws/install/ur_ros_rtde/bin'
[2.244s] INFO:colcon.colcon_core.shell:Creating package script '/home/alberto/Documents/kia_gd_ws/install/ur_ros_rtde/share/ur_ros_rtde/package.ps1'
[2.245s] INFO:colcon.colcon_core.shell:Creating package descriptor '/home/alberto/Documents/kia_gd_ws/install/ur_ros_rtde/share/ur_ros_rtde/package.dsv'
[2.246s] INFO:colcon.colcon_core.shell:Creating package script '/home/alberto/Documents/kia_gd_ws/install/ur_ros_rtde/share/ur_ros_rtde/package.sh'
[2.247s] INFO:colcon.colcon_core.shell:Creating package script '/home/alberto/Documents/kia_gd_ws/install/ur_ros_rtde/share/ur_ros_rtde/package.bash'
[2.247s] INFO:colcon.colcon_core.shell:Creating package script '/home/alberto/Documents/kia_gd_ws/install/ur_ros_rtde/share/ur_ros_rtde/package.zsh'
[2.248s] Level 1:colcon.colcon_core.environment:create_file_with_runtime_dependencies(/home/alberto/Documents/kia_gd_ws/install/ur_ros_rtde/share/colcon-core/packages/ur_ros_rtde)
[2.249s] INFO:colcon.colcon_ros.task.ament_cmake.build:Building ROS package in '/home/alberto/Documents/kia_gd_ws/src/ur_ros_rtde/ur_ros_rtde_gripper_commands' with build type 'ament_cmake'
[2.250s] INFO:colcon.colcon_cmake.task.cmake.build:Building CMake package in '/home/alberto/Documents/kia_gd_ws/src/ur_ros_rtde/ur_ros_rtde_gripper_commands'
[2.250s] INFO:colcon.colcon_core.shell:Skip shell extension 'powershell' for command environment: Not usable outside of PowerShell
[2.250s] DEBUG:colcon.colcon_core.shell:Skip shell extension 'dsv' for command environment
[2.263s] INFO:colcon.colcon_ros.task.ament_cmake.build:Building ROS package in '/home/alberto/Documents/kia_gd_ws/src/ur_ros_rtde/ur_ros_rtde_tutorials' with build type 'ament_cmake'
[2.263s] INFO:colcon.colcon_cmake.task.cmake.build:Building CMake package in '/home/alberto/Documents/kia_gd_ws/src/ur_ros_rtde/ur_ros_rtde_tutorials'
[2.263s] INFO:colcon.colcon_core.shell:Skip shell extension 'powershell' for command environment: Not usable outside of PowerShell
[2.263s] DEBUG:colcon.colcon_core.shell:Skip shell extension 'dsv' for command environment
[2.287s] DEBUG:colcon.colcon_core.event_handler.log_command:Invoking command in '/home/alberto/Documents/kia_gd_ws/build/ur_ros_rtde_gripper_commands': CMAKE_PREFIX_PATH=/home/alberto/Documents/kia_gd_ws/install/ur_ros_rtde:/home/alberto/Documents/kia_gd_ws/install/ur_ros_rtde_simple_clients:/home/alberto/Documents/kia_gd_ws/install/ur_ros_rtde_msgs:/home/alberto/Documents/kia_gd_ws/install/ur_ros_rtde_tutorials:/home/alberto/Documents/kia_gd_ws/install/ur_ros_rtde_gripper_commands:/home/alberto/Documents/kia_gd_ws/install/ur:/home/alberto/Documents/kia_gd_ws/install/ur_calibration:/home/alberto/Documents/kia_gd_ws/install/ur_robot_driver:/home/alberto/Documents/kia_gd_ws/install/ur_moveit_config:/home/alberto/Documents/kia_gd_ws/install/ur_bringup:/home/alberto/Documents/kia_gd_ws/install/ur_controllers:/home/alberto/Documents/kia_gd_ws/install/ur_dashboard_msgs:/home/alberto/Documents/kia_gd_ws/install/simple_ur10e_moveit_config:/home/alberto/Documents/kia_gd_ws/install/simple_ur10e_description:/home/alberto/Documents/kia_gd_ws/install/kia_gd:/home/alberto/Documents/sub_alberto/install/uuv_visualization:/home/alberto/Documents/sub_alberto/install/uuv_vision:/home/alberto/Documents/sub_alberto/install/uuv_navigation:/home/alberto/Documents/sub_alberto/install/uuv_mission:/home/alberto/Documents/sub_alberto/install/uuv_master:/home/alberto/Documents/sub_alberto/install/uuv_control:/home/alberto/install/vectornav:/home/alberto/install/vectornav_msgs:/home/alberto/install/uuv_teleop:/home/alberto/install/uuv_description:/home/alberto/install/sub:/home/alberto/install/pid:/home/alberto/Documents/kia_gd_ws/install/ros_tcp_endpoint:/home/alberto/ros2_ws/install/docker_test:/opt/ros/humble:/home/alberto/install/catkin:/home/alberto/ros2_ws/install/sub:/home/alberto/ros2_ws/install/pid:/home/alberto/ros2_ws/install/catkin:/home/alberto/uuv/install/uuv LD_LIBRARY_PATH=/home/alberto/Documents/kia_gd_ws/install/ur_ros_rtde/lib:/home/alberto/Documents/kia_gd_ws/install/ur_ros_rtde_msgs/lib:/home/alberto/Documents/kia_gd_ws/install/ur_ros_rtde_tutorials/lib:/home/alberto/Documents/kia_gd_ws/install/ur_ros_rtde_gripper_commands/lib:/home/alberto/Documents/kia_gd_ws/install/ur_robot_driver/lib:/home/alberto/Documents/kia_gd_ws/install/ur_controllers/lib:/home/alberto/Documents/kia_gd_ws/install/ur_dashboard_msgs/lib:/home/alberto/install/vectornav/lib:/home/alberto/install/vectornav_msgs/lib:/opt/ros/humble/opt/rviz_ogre_vendor/lib:/opt/ros/humble/lib/x86_64-linux-gnu:/opt/ros/humble/lib /usr/bin/cmake --build /home/alberto/Documents/kia_gd_ws/build/ur_ros_rtde_gripper_commands -- -j8 -l8
[2.308s] DEBUG:colcon.colcon_core.event_handler.log_command:Invoking command in '/home/alberto/Documents/kia_gd_ws/build/ur_ros_rtde_tutorials': CMAKE_PREFIX_PATH=/home/alberto/Documents/kia_gd_ws/install/ur_ros_rtde:/home/alberto/Documents/kia_gd_ws/install/ur_ros_rtde_simple_clients:/home/alberto/Documents/kia_gd_ws/install/ur_ros_rtde_msgs:/home/alberto/Documents/kia_gd_ws/install/ur_ros_rtde_tutorials:/home/alberto/Documents/kia_gd_ws/install/ur_ros_rtde_gripper_commands:/home/alberto/Documents/kia_gd_ws/install/ur:/home/alberto/Documents/kia_gd_ws/install/ur_calibration:/home/alberto/Documents/kia_gd_ws/install/ur_robot_driver:/home/alberto/Documents/kia_gd_ws/install/ur_moveit_config:/home/alberto/Documents/kia_gd_ws/install/ur_bringup:/home/alberto/Documents/kia_gd_ws/install/ur_controllers:/home/alberto/Documents/kia_gd_ws/install/ur_dashboard_msgs:/home/alberto/Documents/kia_gd_ws/install/simple_ur10e_moveit_config:/home/alberto/Documents/kia_gd_ws/install/simple_ur10e_description:/home/alberto/Documents/kia_gd_ws/install/kia_gd:/home/alberto/Documents/sub_alberto/install/uuv_visualization:/home/alberto/Documents/sub_alberto/install/uuv_vision:/home/alberto/Documents/sub_alberto/install/uuv_navigation:/home/alberto/Documents/sub_alberto/install/uuv_mission:/home/alberto/Documents/sub_alberto/install/uuv_master:/home/alberto/Documents/sub_alberto/install/uuv_control:/home/alberto/install/vectornav:/home/alberto/install/vectornav_msgs:/home/alberto/install/uuv_teleop:/home/alberto/install/uuv_description:/home/alberto/install/sub:/home/alberto/install/pid:/home/alberto/Documents/kia_gd_ws/install/ros_tcp_endpoint:/home/alberto/ros2_ws/install/docker_test:/opt/ros/humble:/home/alberto/install/catkin:/home/alberto/ros2_ws/install/sub:/home/alberto/ros2_ws/install/pid:/home/alberto/ros2_ws/install/catkin:/home/alberto/uuv/install/uuv LD_LIBRARY_PATH=/home/alberto/Documents/kia_gd_ws/install/ur_ros_rtde/lib:/home/alberto/Documents/kia_gd_ws/install/ur_ros_rtde_msgs/lib:/home/alberto/Documents/kia_gd_ws/install/ur_ros_rtde_tutorials/lib:/home/alberto/Documents/kia_gd_ws/install/ur_ros_rtde_gripper_commands/lib:/home/alberto/Documents/kia_gd_ws/install/ur_robot_driver/lib:/home/alberto/Documents/kia_gd_ws/install/ur_controllers/lib:/home/alberto/Documents/kia_gd_ws/install/ur_dashboard_msgs/lib:/home/alberto/install/vectornav/lib:/home/alberto/install/vectornav_msgs/lib:/opt/ros/humble/opt/rviz_ogre_vendor/lib:/opt/ros/humble/lib/x86_64-linux-gnu:/opt/ros/humble/lib /usr/bin/cmake --build /home/alberto/Documents/kia_gd_ws/build/ur_ros_rtde_tutorials -- -j8 -l8
[3.107s] Level 1:colcon.colcon_core.environment:checking '/home/alberto/Documents/kia_gd_ws/install/ros_tcp_endpoint' for CMake module files
[3.107s] Level 1:colcon.colcon_core.environment:checking '/home/alberto/Documents/kia_gd_ws/install/ros_tcp_endpoint' for CMake config files
[3.109s] DEBUG:colcon.colcon_core.event_handler.log_command:Invoked command in '/home/alberto/Documents/kia_gd_ws/src/ROS-TCP-Endpoint' returned '0': PYTHONPATH=/home/alberto/Documents/kia_gd_ws/build/ros_tcp_endpoint/prefix_override:/usr/lib/python3/dist-packages/colcon_core/task/python/colcon_distutils_commands:/home/alberto/Documents/kia_gd_ws/install/ros_tcp_endpoint/lib/python3.10/site-packages:${PYTHONPATH} /usr/bin/python3 -W ignore:setup.py install is deprecated -W ignore:easy_install command is deprecated setup.py egg_info --egg-base ../../build/ros_tcp_endpoint build --build-base /home/alberto/Documents/kia_gd_ws/build/ros_tcp_endpoint/build install --record /home/alberto/Documents/kia_gd_ws/build/ros_tcp_endpoint/install.log --install-scripts $base/lib/ros_tcp_endpoint --single-version-externally-managed install_data
[3.109s] Level 1:colcon.colcon_core.environment:checking '/home/alberto/Documents/kia_gd_ws/install/ros_tcp_endpoint/lib'
[3.109s] Level 1:colcon.colcon_core.environment:checking '/home/alberto/Documents/kia_gd_ws/install/ros_tcp_endpoint/bin'
[3.110s] Level 1:colcon.colcon_core.environment:checking '/home/alberto/Documents/kia_gd_ws/install/ros_tcp_endpoint/lib/pkgconfig/ros_tcp_endpoint.pc'
[3.110s] Level 1:colcon.colcon_core.environment:checking '/home/alberto/Documents/kia_gd_ws/install/ros_tcp_endpoint/lib/python3.10/site-packages'
[3.110s] Level 1:colcon.colcon_core.shell:create_environment_hook('ros_tcp_endpoint', 'pythonpath')
[3.110s] INFO:colcon.colcon_core.shell:Creating environment hook '/home/alberto/Documents/kia_gd_ws/install/ros_tcp_endpoint/share/ros_tcp_endpoint/hook/pythonpath.ps1'
[3.111s] INFO:colcon.colcon_core.shell:Creating environment descriptor '/home/alberto/Documents/kia_gd_ws/install/ros_tcp_endpoint/share/ros_tcp_endpoint/hook/pythonpath.dsv'
[3.112s] INFO:colcon.colcon_core.shell:Creating environment hook '/home/alberto/Documents/kia_gd_ws/install/ros_tcp_endpoint/share/ros_tcp_endpoint/hook/pythonpath.sh'
[3.113s] Level 1:colcon.colcon_core.environment:checking '/home/alberto/Documents/kia_gd_ws/install/ros_tcp_endpoint/bin'
[3.113s] Level 1:colcon.colcon_core.environment:create_environment_scripts_only(ros_tcp_endpoint)
[3.114s] INFO:colcon.colcon_core.shell:Creating package script '/home/alberto/Documents/kia_gd_ws/install/ros_tcp_endpoint/share/ros_tcp_endpoint/package.ps1'
[3.115s] INFO:colcon.colcon_core.shell:Creating package descriptor '/home/alberto/Documents/kia_gd_ws/install/ros_tcp_endpoint/share/ros_tcp_endpoint/package.dsv'
[3.115s] INFO:colcon.colcon_core.shell:Creating package script '/home/alberto/Documents/kia_gd_ws/install/ros_tcp_endpoint/share/ros_tcp_endpoint/package.sh'
[3.116s] INFO:colcon.colcon_core.shell:Creating package script '/home/alberto/Documents/kia_gd_ws/install/ros_tcp_endpoint/share/ros_tcp_endpoint/package.bash'
[3.116s] INFO:colcon.colcon_core.shell:Creating package script '/home/alberto/Documents/kia_gd_ws/install/ros_tcp_endpoint/share/ros_tcp_endpoint/package.zsh'
[3.117s] Level 1:colcon.colcon_core.environment:create_file_with_runtime_dependencies(/home/alberto/Documents/kia_gd_ws/install/ros_tcp_endpoint/share/colcon-core/packages/ros_tcp_endpoint)
[3.207s] DEBUG:colcon.colcon_core.event_handler.log_command:Invoked command in '/home/alberto/Documents/kia_gd_ws/build/ur_ros_rtde_gripper_commands' returned '0': CMAKE_PREFIX_PATH=/home/alberto/Documents/kia_gd_ws/install/ur_ros_rtde:/home/alberto/Documents/kia_gd_ws/install/ur_ros_rtde_simple_clients:/home/alberto/Documents/kia_gd_ws/install/ur_ros_rtde_msgs:/home/alberto/Documents/kia_gd_ws/install/ur_ros_rtde_tutorials:/home/alberto/Documents/kia_gd_ws/install/ur_ros_rtde_gripper_commands:/home/alberto/Documents/kia_gd_ws/install/ur:/home/alberto/Documents/kia_gd_ws/install/ur_calibration:/home/alberto/Documents/kia_gd_ws/install/ur_robot_driver:/home/alberto/Documents/kia_gd_ws/install/ur_moveit_config:/home/alberto/Documents/kia_gd_ws/install/ur_bringup:/home/alberto/Documents/kia_gd_ws/install/ur_controllers:/home/alberto/Documents/kia_gd_ws/install/ur_dashboard_msgs:/home/alberto/Documents/kia_gd_ws/install/simple_ur10e_moveit_config:/home/alberto/Documents/kia_gd_ws/install/simple_ur10e_description:/home/alberto/Documents/kia_gd_ws/install/kia_gd:/home/alberto/Documents/sub_alberto/install/uuv_visualization:/home/alberto/Documents/sub_alberto/install/uuv_vision:/home/alberto/Documents/sub_alberto/install/uuv_navigation:/home/alberto/Documents/sub_alberto/install/uuv_mission:/home/alberto/Documents/sub_alberto/install/uuv_master:/home/alberto/Documents/sub_alberto/install/uuv_control:/home/alberto/install/vectornav:/home/alberto/install/vectornav_msgs:/home/alberto/install/uuv_teleop:/home/alberto/install/uuv_description:/home/alberto/install/sub:/home/alberto/install/pid:/home/alberto/Documents/kia_gd_ws/install/ros_tcp_endpoint:/home/alberto/ros2_ws/install/docker_test:/opt/ros/humble:/home/alberto/install/catkin:/home/alberto/ros2_ws/install/sub:/home/alberto/ros2_ws/install/pid:/home/alberto/ros2_ws/install/catkin:/home/alberto/uuv/install/uuv LD_LIBRARY_PATH=/home/alberto/Documents/kia_gd_ws/install/ur_ros_rtde/lib:/home/alberto/Documents/kia_gd_ws/install/ur_ros_rtde_msgs/lib:/home/alberto/Documents/kia_gd_ws/install/ur_ros_rtde_tutorials/lib:/home/alberto/Documents/kia_gd_ws/install/ur_ros_rtde_gripper_commands/lib:/home/alberto/Documents/kia_gd_ws/install/ur_robot_driver/lib:/home/alberto/Documents/kia_gd_ws/install/ur_controllers/lib:/home/alberto/Documents/kia_gd_ws/install/ur_dashboard_msgs/lib:/home/alberto/install/vectornav/lib:/home/alberto/install/vectornav_msgs/lib:/opt/ros/humble/opt/rviz_ogre_vendor/lib:/opt/ros/humble/lib/x86_64-linux-gnu:/opt/ros/humble/lib /usr/bin/cmake --build /home/alberto/Documents/kia_gd_ws/build/ur_ros_rtde_gripper_commands -- -j8 -l8
[3.210s] DEBUG:colcon.colcon_core.event_handler.log_command:Invoking command in '/home/alberto/Documents/kia_gd_ws/build/ur_ros_rtde_gripper_commands': CMAKE_PREFIX_PATH=/home/alberto/Documents/kia_gd_ws/install/ur_ros_rtde:/home/alberto/Documents/kia_gd_ws/install/ur_ros_rtde_simple_clients:/home/alberto/Documents/kia_gd_ws/install/ur_ros_rtde_msgs:/home/alberto/Documents/kia_gd_ws/install/ur_ros_rtde_tutorials:/home/alberto/Documents/kia_gd_ws/install/ur_ros_rtde_gripper_commands:/home/alberto/Documents/kia_gd_ws/install/ur:/home/alberto/Documents/kia_gd_ws/install/ur_calibration:/home/alberto/Documents/kia_gd_ws/install/ur_robot_driver:/home/alberto/Documents/kia_gd_ws/install/ur_moveit_config:/home/alberto/Documents/kia_gd_ws/install/ur_bringup:/home/alberto/Documents/kia_gd_ws/install/ur_controllers:/home/alberto/Documents/kia_gd_ws/install/ur_dashboard_msgs:/home/alberto/Documents/kia_gd_ws/install/simple_ur10e_moveit_config:/home/alberto/Documents/kia_gd_ws/install/simple_ur10e_description:/home/alberto/Documents/kia_gd_ws/install/kia_gd:/home/alberto/Documents/sub_alberto/install/uuv_visualization:/home/alberto/Documents/sub_alberto/install/uuv_vision:/home/alberto/Documents/sub_alberto/install/uuv_navigation:/home/alberto/Documents/sub_alberto/install/uuv_mission:/home/alberto/Documents/sub_alberto/install/uuv_master:/home/alberto/Documents/sub_alberto/install/uuv_control:/home/alberto/install/vectornav:/home/alberto/install/vectornav_msgs:/home/alberto/install/uuv_teleop:/home/alberto/install/uuv_description:/home/alberto/install/sub:/home/alberto/install/pid:/home/alberto/Documents/kia_gd_ws/install/ros_tcp_endpoint:/home/alberto/ros2_ws/install/docker_test:/opt/ros/humble:/home/alberto/install/catkin:/home/alberto/ros2_ws/install/sub:/home/alberto/ros2_ws/install/pid:/home/alberto/ros2_ws/install/catkin:/home/alberto/uuv/install/uuv LD_LIBRARY_PATH=/home/alberto/Documents/kia_gd_ws/install/ur_ros_rtde/lib:/home/alberto/Documents/kia_gd_ws/install/ur_ros_rtde_msgs/lib:/home/alberto/Documents/kia_gd_ws/install/ur_ros_rtde_tutorials/lib:/home/alberto/Documents/kia_gd_ws/install/ur_ros_rtde_gripper_commands/lib:/home/alberto/Documents/kia_gd_ws/install/ur_robot_driver/lib:/home/alberto/Documents/kia_gd_ws/install/ur_controllers/lib:/home/alberto/Documents/kia_gd_ws/install/ur_dashboard_msgs/lib:/home/alberto/install/vectornav/lib:/home/alberto/install/vectornav_msgs/lib:/opt/ros/humble/opt/rviz_ogre_vendor/lib:/opt/ros/humble/lib/x86_64-linux-gnu:/opt/ros/humble/lib /usr/bin/cmake --install /home/alberto/Documents/kia_gd_ws/build/ur_ros_rtde_gripper_commands
[3.233s] DEBUG:colcon.colcon_core.event_handler.log_command:Invoked command in '/home/alberto/Documents/kia_gd_ws/build/ur_ros_rtde_tutorials' returned '0': CMAKE_PREFIX_PATH=/home/alberto/Documents/kia_gd_ws/install/ur_ros_rtde:/home/alberto/Documents/kia_gd_ws/install/ur_ros_rtde_simple_clients:/home/alberto/Documents/kia_gd_ws/install/ur_ros_rtde_msgs:/home/alberto/Documents/kia_gd_ws/install/ur_ros_rtde_tutorials:/home/alberto/Documents/kia_gd_ws/install/ur_ros_rtde_gripper_commands:/home/alberto/Documents/kia_gd_ws/install/ur:/home/alberto/Documents/kia_gd_ws/install/ur_calibration:/home/alberto/Documents/kia_gd_ws/install/ur_robot_driver:/home/alberto/Documents/kia_gd_ws/install/ur_moveit_config:/home/alberto/Documents/kia_gd_ws/install/ur_bringup:/home/alberto/Documents/kia_gd_ws/install/ur_controllers:/home/alberto/Documents/kia_gd_ws/install/ur_dashboard_msgs:/home/alberto/Documents/kia_gd_ws/install/simple_ur10e_moveit_config:/home/alberto/Documents/kia_gd_ws/install/simple_ur10e_description:/home/alberto/Documents/kia_gd_ws/install/kia_gd:/home/alberto/Documents/sub_alberto/install/uuv_visualization:/home/alberto/Documents/sub_alberto/install/uuv_vision:/home/alberto/Documents/sub_alberto/install/uuv_navigation:/home/alberto/Documents/sub_alberto/install/uuv_mission:/home/alberto/Documents/sub_alberto/install/uuv_master:/home/alberto/Documents/sub_alberto/install/uuv_control:/home/alberto/install/vectornav:/home/alberto/install/vectornav_msgs:/home/alberto/install/uuv_teleop:/home/alberto/install/uuv_description:/home/alberto/install/sub:/home/alberto/install/pid:/home/alberto/Documents/kia_gd_ws/install/ros_tcp_endpoint:/home/alberto/ros2_ws/install/docker_test:/opt/ros/humble:/home/alberto/install/catkin:/home/alberto/ros2_ws/install/sub:/home/alberto/ros2_ws/install/pid:/home/alberto/ros2_ws/install/catkin:/home/alberto/uuv/install/uuv LD_LIBRARY_PATH=/home/alberto/Documents/kia_gd_ws/install/ur_ros_rtde/lib:/home/alberto/Documents/kia_gd_ws/install/ur_ros_rtde_msgs/lib:/home/alberto/Documents/kia_gd_ws/install/ur_ros_rtde_tutorials/lib:/home/alberto/Documents/kia_gd_ws/install/ur_ros_rtde_gripper_commands/lib:/home/alberto/Documents/kia_gd_ws/install/ur_robot_driver/lib:/home/alberto/Documents/kia_gd_ws/install/ur_controllers/lib:/home/alberto/Documents/kia_gd_ws/install/ur_dashboard_msgs/lib:/home/alberto/install/vectornav/lib:/home/alberto/install/vectornav_msgs/lib:/opt/ros/humble/opt/rviz_ogre_vendor/lib:/opt/ros/humble/lib/x86_64-linux-gnu:/opt/ros/humble/lib /usr/bin/cmake --build /home/alberto/Documents/kia_gd_ws/build/ur_ros_rtde_tutorials -- -j8 -l8
[3.241s] DEBUG:colcon.colcon_core.event_handler.log_command:Invoking command in '/home/alberto/Documents/kia_gd_ws/build/ur_ros_rtde_tutorials': CMAKE_PREFIX_PATH=/home/alberto/Documents/kia_gd_ws/install/ur_ros_rtde:/home/alberto/Documents/kia_gd_ws/install/ur_ros_rtde_simple_clients:/home/alberto/Documents/kia_gd_ws/install/ur_ros_rtde_msgs:/home/alberto/Documents/kia_gd_ws/install/ur_ros_rtde_tutorials:/home/alberto/Documents/kia_gd_ws/install/ur_ros_rtde_gripper_commands:/home/alberto/Documents/kia_gd_ws/install/ur:/home/alberto/Documents/kia_gd_ws/install/ur_calibration:/home/alberto/Documents/kia_gd_ws/install/ur_robot_driver:/home/alberto/Documents/kia_gd_ws/install/ur_moveit_config:/home/alberto/Documents/kia_gd_ws/install/ur_bringup:/home/alberto/Documents/kia_gd_ws/install/ur_controllers:/home/alberto/Documents/kia_gd_ws/install/ur_dashboard_msgs:/home/alberto/Documents/kia_gd_ws/install/simple_ur10e_moveit_config:/home/alberto/Documents/kia_gd_ws/install/simple_ur10e_description:/home/alberto/Documents/kia_gd_ws/install/kia_gd:/home/alberto/Documents/sub_alberto/install/uuv_visualization:/home/alberto/Documents/sub_alberto/install/uuv_vision:/home/alberto/Documents/sub_alberto/install/uuv_navigation:/home/alberto/Documents/sub_alberto/install/uuv_mission:/home/alberto/Documents/sub_alberto/install/uuv_master:/home/alberto/Documents/sub_alberto/install/uuv_control:/home/alberto/install/vectornav:/home/alberto/install/vectornav_msgs:/home/alberto/install/uuv_teleop:/home/alberto/install/uuv_description:/home/alberto/install/sub:/home/alberto/install/pid:/home/alberto/Documents/kia_gd_ws/install/ros_tcp_endpoint:/home/alberto/ros2_ws/install/docker_test:/opt/ros/humble:/home/alberto/install/catkin:/home/alberto/ros2_ws/install/sub:/home/alberto/ros2_ws/install/pid:/home/alberto/ros2_ws/install/catkin:/home/alberto/uuv/install/uuv LD_LIBRARY_PATH=/home/alberto/Documents/kia_gd_ws/install/ur_ros_rtde/lib:/home/alberto/Documents/kia_gd_ws/install/ur_ros_rtde_msgs/lib:/home/alberto/Documents/kia_gd_ws/install/ur_ros_rtde_tutorials/lib:/home/alberto/Documents/kia_gd_ws/install/ur_ros_rtde_gripper_commands/lib:/home/alberto/Documents/kia_gd_ws/install/ur_robot_driver/lib:/home/alberto/Documents/kia_gd_ws/install/ur_controllers/lib:/home/alberto/Documents/kia_gd_ws/install/ur_dashboard_msgs/lib:/home/alberto/install/vectornav/lib:/home/alberto/install/vectornav_msgs/lib:/opt/ros/humble/opt/rviz_ogre_vendor/lib:/opt/ros/humble/lib/x86_64-linux-gnu:/opt/ros/humble/lib /usr/bin/cmake --install /home/alberto/Documents/kia_gd_ws/build/ur_ros_rtde_tutorials
[3.306s] Level 1:colcon.colcon_core.environment:create_environment_scripts_only(ur_ros_rtde_gripper_commands)
[3.307s] Level 1:colcon.colcon_core.environment:checking '/home/alberto/Documents/kia_gd_ws/install/ur_ros_rtde_gripper_commands' for CMake module files
[3.307s] DEBUG:colcon.colcon_core.event_handler.log_command:Invoked command in '/home/alberto/Documents/kia_gd_ws/build/ur_ros_rtde_gripper_commands' returned '0': CMAKE_PREFIX_PATH=/home/alberto/Documents/kia_gd_ws/install/ur_ros_rtde:/home/alberto/Documents/kia_gd_ws/install/ur_ros_rtde_simple_clients:/home/alberto/Documents/kia_gd_ws/install/ur_ros_rtde_msgs:/home/alberto/Documents/kia_gd_ws/install/ur_ros_rtde_tutorials:/home/alberto/Documents/kia_gd_ws/install/ur_ros_rtde_gripper_commands:/home/alberto/Documents/kia_gd_ws/install/ur:/home/alberto/Documents/kia_gd_ws/install/ur_calibration:/home/alberto/Documents/kia_gd_ws/install/ur_robot_driver:/home/alberto/Documents/kia_gd_ws/install/ur_moveit_config:/home/alberto/Documents/kia_gd_ws/install/ur_bringup:/home/alberto/Documents/kia_gd_ws/install/ur_controllers:/home/alberto/Documents/kia_gd_ws/install/ur_dashboard_msgs:/home/alberto/Documents/kia_gd_ws/install/simple_ur10e_moveit_config:/home/alberto/Documents/kia_gd_ws/install/simple_ur10e_description:/home/alberto/Documents/kia_gd_ws/install/kia_gd:/home/alberto/Documents/sub_alberto/install/uuv_visualization:/home/alberto/Documents/sub_alberto/install/uuv_vision:/home/alberto/Documents/sub_alberto/install/uuv_navigation:/home/alberto/Documents/sub_alberto/install/uuv_mission:/home/alberto/Documents/sub_alberto/install/uuv_master:/home/alberto/Documents/sub_alberto/install/uuv_control:/home/alberto/install/vectornav:/home/alberto/install/vectornav_msgs:/home/alberto/install/uuv_teleop:/home/alberto/install/uuv_description:/home/alberto/install/sub:/home/alberto/install/pid:/home/alberto/Documents/kia_gd_ws/install/ros_tcp_endpoint:/home/alberto/ros2_ws/install/docker_test:/opt/ros/humble:/home/alberto/install/catkin:/home/alberto/ros2_ws/install/sub:/home/alberto/ros2_ws/install/pid:/home/alberto/ros2_ws/install/catkin:/home/alberto/uuv/install/uuv LD_LIBRARY_PATH=/home/alberto/Documents/kia_gd_ws/install/ur_ros_rtde/lib:/home/alberto/Documents/kia_gd_ws/install/ur_ros_rtde_msgs/lib:/home/alberto/Documents/kia_gd_ws/install/ur_ros_rtde_tutorials/lib:/home/alberto/Documents/kia_gd_ws/install/ur_ros_rtde_gripper_commands/lib:/home/alberto/Documents/kia_gd_ws/install/ur_robot_driver/lib:/home/alberto/Documents/kia_gd_ws/install/ur_controllers/lib:/home/alberto/Documents/kia_gd_ws/install/ur_dashboard_msgs/lib:/home/alberto/install/vectornav/lib:/home/alberto/install/vectornav_msgs/lib:/opt/ros/humble/opt/rviz_ogre_vendor/lib:/opt/ros/humble/lib/x86_64-linux-gnu:/opt/ros/humble/lib /usr/bin/cmake --install /home/alberto/Documents/kia_gd_ws/build/ur_ros_rtde_gripper_commands
[3.308s] Level 1:colcon.colcon_core.environment:checking '/home/alberto/Documents/kia_gd_ws/install/ur_ros_rtde_gripper_commands' for CMake config files
[3.309s] Level 1:colcon.colcon_core.shell:create_environment_hook('ur_ros_rtde_gripper_commands', 'cmake_prefix_path')
[3.309s] INFO:colcon.colcon_core.shell:Creating environment hook '/home/alberto/Documents/kia_gd_ws/install/ur_ros_rtde_gripper_commands/share/ur_ros_rtde_gripper_commands/hook/cmake_prefix_path.ps1'
[3.309s] INFO:colcon.colcon_core.shell:Creating environment descriptor '/home/alberto/Documents/kia_gd_ws/install/ur_ros_rtde_gripper_commands/share/ur_ros_rtde_gripper_commands/hook/cmake_prefix_path.dsv'
[3.310s] INFO:colcon.colcon_core.shell:Creating environment hook '/home/alberto/Documents/kia_gd_ws/install/ur_ros_rtde_gripper_commands/share/ur_ros_rtde_gripper_commands/hook/cmake_prefix_path.sh'
[3.311s] Level 1:colcon.colcon_core.environment:checking '/home/alberto/Documents/kia_gd_ws/install/ur_ros_rtde_gripper_commands/lib'
[3.311s] Level 1:colcon.colcon_core.shell:create_environment_hook('ur_ros_rtde_gripper_commands', 'ld_library_path_lib')
[3.311s] INFO:colcon.colcon_core.shell:Creating environment hook '/home/alberto/Documents/kia_gd_ws/install/ur_ros_rtde_gripper_commands/share/ur_ros_rtde_gripper_commands/hook/ld_library_path_lib.ps1'
[3.312s] INFO:colcon.colcon_core.shell:Creating environment descriptor '/home/alberto/Documents/kia_gd_ws/install/ur_ros_rtde_gripper_commands/share/ur_ros_rtde_gripper_commands/hook/ld_library_path_lib.dsv'
[3.312s] INFO:colcon.colcon_core.shell:Creating environment hook '/home/alberto/Documents/kia_gd_ws/install/ur_ros_rtde_gripper_commands/share/ur_ros_rtde_gripper_commands/hook/ld_library_path_lib.sh'
[3.313s] Level 1:colcon.colcon_core.environment:checking '/home/alberto/Documents/kia_gd_ws/install/ur_ros_rtde_gripper_commands/bin'
[3.313s] Level 1:colcon.colcon_core.environment:checking '/home/alberto/Documents/kia_gd_ws/install/ur_ros_rtde_gripper_commands/lib/pkgconfig/ur_ros_rtde_gripper_commands.pc'
[3.313s] Level 1:colcon.colcon_core.environment:checking '/home/alberto/Documents/kia_gd_ws/install/ur_ros_rtde_gripper_commands/lib/python3.10/site-packages'
[3.313s] Level 1:colcon.colcon_core.environment:checking '/home/alberto/Documents/kia_gd_ws/install/ur_ros_rtde_gripper_commands/bin'
[3.314s] INFO:colcon.colcon_core.shell:Creating package script '/home/alberto/Documents/kia_gd_ws/install/ur_ros_rtde_gripper_commands/share/ur_ros_rtde_gripper_commands/package.ps1'
[3.314s] INFO:colcon.colcon_core.shell:Creating package descriptor '/home/alberto/Documents/kia_gd_ws/install/ur_ros_rtde_gripper_commands/share/ur_ros_rtde_gripper_commands/package.dsv'
[3.315s] INFO:colcon.colcon_core.shell:Creating package script '/home/alberto/Documents/kia_gd_ws/install/ur_ros_rtde_gripper_commands/share/ur_ros_rtde_gripper_commands/package.sh'
[3.315s] INFO:colcon.colcon_core.shell:Creating package script '/home/alberto/Documents/kia_gd_ws/install/ur_ros_rtde_gripper_commands/share/ur_ros_rtde_gripper_commands/package.bash'
[3.316s] INFO:colcon.colcon_core.shell:Creating package script '/home/alberto/Documents/kia_gd_ws/install/ur_ros_rtde_gripper_commands/share/ur_ros_rtde_gripper_commands/package.zsh'
[3.316s] Level 1:colcon.colcon_core.environment:create_file_with_runtime_dependencies(/home/alberto/Documents/kia_gd_ws/install/ur_ros_rtde_gripper_commands/share/colcon-core/packages/ur_ros_rtde_gripper_commands)
[3.317s] Level 1:colcon.colcon_core.environment:create_environment_scripts_only(ur_ros_rtde_gripper_commands)
[3.317s] Level 1:colcon.colcon_core.environment:checking '/home/alberto/Documents/kia_gd_ws/install/ur_ros_rtde_gripper_commands' for CMake module files
[3.318s] Level 1:colcon.colcon_core.environment:checking '/home/alberto/Documents/kia_gd_ws/install/ur_ros_rtde_gripper_commands' for CMake config files
[3.319s] Level 1:colcon.colcon_core.shell:create_environment_hook('ur_ros_rtde_gripper_commands', 'cmake_prefix_path')
[3.320s] INFO:colcon.colcon_core.shell:Creating environment hook '/home/alberto/Documents/kia_gd_ws/install/ur_ros_rtde_gripper_commands/share/ur_ros_rtde_gripper_commands/hook/cmake_prefix_path.ps1'
[3.322s] INFO:colcon.colcon_core.shell:Creating environment descriptor '/home/alberto/Documents/kia_gd_ws/install/ur_ros_rtde_gripper_commands/share/ur_ros_rtde_gripper_commands/hook/cmake_prefix_path.dsv'
[3.327s] INFO:colcon.colcon_core.shell:Creating environment hook '/home/alberto/Documents/kia_gd_ws/install/ur_ros_rtde_gripper_commands/share/ur_ros_rtde_gripper_commands/hook/cmake_prefix_path.sh'
[3.329s] Level 1:colcon.colcon_core.environment:checking '/home/alberto/Documents/kia_gd_ws/install/ur_ros_rtde_gripper_commands/lib'
[3.329s] Level 1:colcon.colcon_core.shell:create_environment_hook('ur_ros_rtde_gripper_commands', 'ld_library_path_lib')
[3.330s] INFO:colcon.colcon_core.shell:Creating environment hook '/home/alberto/Documents/kia_gd_ws/install/ur_ros_rtde_gripper_commands/share/ur_ros_rtde_gripper_commands/hook/ld_library_path_lib.ps1'
[3.330s] INFO:colcon.colcon_core.shell:Creating environment descriptor '/home/alberto/Documents/kia_gd_ws/install/ur_ros_rtde_gripper_commands/share/ur_ros_rtde_gripper_commands/hook/ld_library_path_lib.dsv'
[3.331s] INFO:colcon.colcon_core.shell:Creating environment hook '/home/alberto/Documents/kia_gd_ws/install/ur_ros_rtde_gripper_commands/share/ur_ros_rtde_gripper_commands/hook/ld_library_path_lib.sh'
[3.332s] Level 1:colcon.colcon_core.environment:checking '/home/alberto/Documents/kia_gd_ws/install/ur_ros_rtde_gripper_commands/bin'
[3.332s] Level 1:colcon.colcon_core.environment:checking '/home/alberto/Documents/kia_gd_ws/install/ur_ros_rtde_gripper_commands/lib/pkgconfig/ur_ros_rtde_gripper_commands.pc'
[3.332s] Level 1:colcon.colcon_core.environment:checking '/home/alberto/Documents/kia_gd_ws/install/ur_ros_rtde_gripper_commands/lib/python3.10/site-packages'
[3.333s] Level 1:colcon.colcon_core.environment:checking '/home/alberto/Documents/kia_gd_ws/install/ur_ros_rtde_gripper_commands/bin'
[3.333s] INFO:colcon.colcon_core.shell:Creating package script '/home/alberto/Documents/kia_gd_ws/install/ur_ros_rtde_gripper_commands/share/ur_ros_rtde_gripper_commands/package.ps1'
[3.334s] INFO:colcon.colcon_core.shell:Creating package descriptor '/home/alberto/Documents/kia_gd_ws/install/ur_ros_rtde_gripper_commands/share/ur_ros_rtde_gripper_commands/package.dsv'
[3.335s] INFO:colcon.colcon_core.shell:Creating package script '/home/alberto/Documents/kia_gd_ws/install/ur_ros_rtde_gripper_commands/share/ur_ros_rtde_gripper_commands/package.sh'
[3.336s] INFO:colcon.colcon_core.shell:Creating package script '/home/alberto/Documents/kia_gd_ws/install/ur_ros_rtde_gripper_commands/share/ur_ros_rtde_gripper_commands/package.bash'
[3.337s] INFO:colcon.colcon_core.shell:Creating package script '/home/alberto/Documents/kia_gd_ws/install/ur_ros_rtde_gripper_commands/share/ur_ros_rtde_gripper_commands/package.zsh'
[3.337s] Level 1:colcon.colcon_core.environment:create_file_with_runtime_dependencies(/home/alberto/Documents/kia_gd_ws/install/ur_ros_rtde_gripper_commands/share/colcon-core/packages/ur_ros_rtde_gripper_commands)
[3.340s] Level 1:colcon.colcon_core.environment:create_environment_scripts_only(ur_ros_rtde_tutorials)
[3.340s] Level 1:colcon.colcon_core.environment:checking '/home/alberto/Documents/kia_gd_ws/install/ur_ros_rtde_tutorials' for CMake module files
[3.341s] DEBUG:colcon.colcon_core.event_handler.log_command:Invoked command in '/home/alberto/Documents/kia_gd_ws/build/ur_ros_rtde_tutorials' returned '0': CMAKE_PREFIX_PATH=/home/alberto/Documents/kia_gd_ws/install/ur_ros_rtde:/home/alberto/Documents/kia_gd_ws/install/ur_ros_rtde_simple_clients:/home/alberto/Documents/kia_gd_ws/install/ur_ros_rtde_msgs:/home/alberto/Documents/kia_gd_ws/install/ur_ros_rtde_tutorials:/home/alberto/Documents/kia_gd_ws/install/ur_ros_rtde_gripper_commands:/home/alberto/Documents/kia_gd_ws/install/ur:/home/alberto/Documents/kia_gd_ws/install/ur_calibration:/home/alberto/Documents/kia_gd_ws/install/ur_robot_driver:/home/alberto/Documents/kia_gd_ws/install/ur_moveit_config:/home/alberto/Documents/kia_gd_ws/install/ur_bringup:/home/alberto/Documents/kia_gd_ws/install/ur_controllers:/home/alberto/Documents/kia_gd_ws/install/ur_dashboard_msgs:/home/alberto/Documents/kia_gd_ws/install/simple_ur10e_moveit_config:/home/alberto/Documents/kia_gd_ws/install/simple_ur10e_description:/home/alberto/Documents/kia_gd_ws/install/kia_gd:/home/alberto/Documents/sub_alberto/install/uuv_visualization:/home/alberto/Documents/sub_alberto/install/uuv_vision:/home/alberto/Documents/sub_alberto/install/uuv_navigation:/home/alberto/Documents/sub_alberto/install/uuv_mission:/home/alberto/Documents/sub_alberto/install/uuv_master:/home/alberto/Documents/sub_alberto/install/uuv_control:/home/alberto/install/vectornav:/home/alberto/install/vectornav_msgs:/home/alberto/install/uuv_teleop:/home/alberto/install/uuv_description:/home/alberto/install/sub:/home/alberto/install/pid:/home/alberto/Documents/kia_gd_ws/install/ros_tcp_endpoint:/home/alberto/ros2_ws/install/docker_test:/opt/ros/humble:/home/alberto/install/catkin:/home/alberto/ros2_ws/install/sub:/home/alberto/ros2_ws/install/pid:/home/alberto/ros2_ws/install/catkin:/home/alberto/uuv/install/uuv LD_LIBRARY_PATH=/home/alberto/Documents/kia_gd_ws/install/ur_ros_rtde/lib:/home/alberto/Documents/kia_gd_ws/install/ur_ros_rtde_msgs/lib:/home/alberto/Documents/kia_gd_ws/install/ur_ros_rtde_tutorials/lib:/home/alberto/Documents/kia_gd_ws/install/ur_ros_rtde_gripper_commands/lib:/home/alberto/Documents/kia_gd_ws/install/ur_robot_driver/lib:/home/alberto/Documents/kia_gd_ws/install/ur_controllers/lib:/home/alberto/Documents/kia_gd_ws/install/ur_dashboard_msgs/lib:/home/alberto/install/vectornav/lib:/home/alberto/install/vectornav_msgs/lib:/opt/ros/humble/opt/rviz_ogre_vendor/lib:/opt/ros/humble/lib/x86_64-linux-gnu:/opt/ros/humble/lib /usr/bin/cmake --install /home/alberto/Documents/kia_gd_ws/build/ur_ros_rtde_tutorials
[3.342s] Level 1:colcon.colcon_core.environment:checking '/home/alberto/Documents/kia_gd_ws/install/ur_ros_rtde_tutorials' for CMake config files
[3.342s] Level 1:colcon.colcon_core.shell:create_environment_hook('ur_ros_rtde_tutorials', 'cmake_prefix_path')
[3.343s] INFO:colcon.colcon_core.shell:Creating environment hook '/home/alberto/Documents/kia_gd_ws/install/ur_ros_rtde_tutorials/share/ur_ros_rtde_tutorials/hook/cmake_prefix_path.ps1'
[3.343s] INFO:colcon.colcon_core.shell:Creating environment descriptor '/home/alberto/Documents/kia_gd_ws/install/ur_ros_rtde_tutorials/share/ur_ros_rtde_tutorials/hook/cmake_prefix_path.dsv'
[3.344s] INFO:colcon.colcon_core.shell:Creating environment hook '/home/alberto/Documents/kia_gd_ws/install/ur_ros_rtde_tutorials/share/ur_ros_rtde_tutorials/hook/cmake_prefix_path.sh'
[3.344s] Level 1:colcon.colcon_core.environment:checking '/home/alberto/Documents/kia_gd_ws/install/ur_ros_rtde_tutorials/lib'
[3.344s] Level 1:colcon.colcon_core.shell:create_environment_hook('ur_ros_rtde_tutorials', 'ld_library_path_lib')
[3.345s] INFO:colcon.colcon_core.shell:Creating environment hook '/home/alberto/Documents/kia_gd_ws/install/ur_ros_rtde_tutorials/share/ur_ros_rtde_tutorials/hook/ld_library_path_lib.ps1'
[3.345s] INFO:colcon.colcon_core.shell:Creating environment descriptor '/home/alberto/Documents/kia_gd_ws/install/ur_ros_rtde_tutorials/share/ur_ros_rtde_tutorials/hook/ld_library_path_lib.dsv'
[3.345s] INFO:colcon.colcon_core.shell:Creating environment hook '/home/alberto/Documents/kia_gd_ws/install/ur_ros_rtde_tutorials/share/ur_ros_rtde_tutorials/hook/ld_library_path_lib.sh'
[3.346s] Level 1:colcon.colcon_core.environment:checking '/home/alberto/Documents/kia_gd_ws/install/ur_ros_rtde_tutorials/bin'
[3.346s] Level 1:colcon.colcon_core.environment:checking '/home/alberto/Documents/kia_gd_ws/install/ur_ros_rtde_tutorials/lib/pkgconfig/ur_ros_rtde_tutorials.pc'
[3.346s] Level 1:colcon.colcon_core.environment:checking '/home/alberto/Documents/kia_gd_ws/install/ur_ros_rtde_tutorials/lib/python3.10/site-packages'
[3.347s] Level 1:colcon.colcon_core.environment:checking '/home/alberto/Documents/kia_gd_ws/install/ur_ros_rtde_tutorials/bin'
[3.347s] INFO:colcon.colcon_core.shell:Creating package script '/home/alberto/Documents/kia_gd_ws/install/ur_ros_rtde_tutorials/share/ur_ros_rtde_tutorials/package.ps1'
[3.347s] INFO:colcon.colcon_core.shell:Creating package descriptor '/home/alberto/Documents/kia_gd_ws/install/ur_ros_rtde_tutorials/share/ur_ros_rtde_tutorials/package.dsv'
[3.348s] INFO:colcon.colcon_core.shell:Creating package script '/home/alberto/Documents/kia_gd_ws/install/ur_ros_rtde_tutorials/share/ur_ros_rtde_tutorials/package.sh'
[3.349s] INFO:colcon.colcon_core.shell:Creating package script '/home/alberto/Documents/kia_gd_ws/install/ur_ros_rtde_tutorials/share/ur_ros_rtde_tutorials/package.bash'
[3.349s] INFO:colcon.colcon_core.shell:Creating package script '/home/alberto/Documents/kia_gd_ws/install/ur_ros_rtde_tutorials/share/ur_ros_rtde_tutorials/package.zsh'
[3.350s] Level 1:colcon.colcon_core.environment:create_file_with_runtime_dependencies(/home/alberto/Documents/kia_gd_ws/install/ur_ros_rtde_tutorials/share/colcon-core/packages/ur_ros_rtde_tutorials)
[3.351s] Level 1:colcon.colcon_core.environment:create_environment_scripts_only(ur_ros_rtde_tutorials)
[3.351s] Level 1:colcon.colcon_core.environment:checking '/home/alberto/Documents/kia_gd_ws/install/ur_ros_rtde_tutorials' for CMake module files
[3.352s] Level 1:colcon.colcon_core.environment:checking '/home/alberto/Documents/kia_gd_ws/install/ur_ros_rtde_tutorials' for CMake config files
[3.352s] Level 1:colcon.colcon_core.shell:create_environment_hook('ur_ros_rtde_tutorials', 'cmake_prefix_path')
[3.352s] INFO:colcon.colcon_core.shell:Creating environment hook '/home/alberto/Documents/kia_gd_ws/install/ur_ros_rtde_tutorials/share/ur_ros_rtde_tutorials/hook/cmake_prefix_path.ps1'
[3.353s] INFO:colcon.colcon_core.shell:Creating environment descriptor '/home/alberto/Documents/kia_gd_ws/install/ur_ros_rtde_tutorials/share/ur_ros_rtde_tutorials/hook/cmake_prefix_path.dsv'
[3.353s] INFO:colcon.colcon_core.shell:Creating environment hook '/home/alberto/Documents/kia_gd_ws/install/ur_ros_rtde_tutorials/share/ur_ros_rtde_tutorials/hook/cmake_prefix_path.sh'
[3.354s] Level 1:colcon.colcon_core.environment:checking '/home/alberto/Documents/kia_gd_ws/install/ur_ros_rtde_tutorials/lib'
[3.354s] Level 1:colcon.colcon_core.shell:create_environment_hook('ur_ros_rtde_tutorials', 'ld_library_path_lib')
[3.354s] INFO:colcon.colcon_core.shell:Creating environment hook '/home/alberto/Documents/kia_gd_ws/install/ur_ros_rtde_tutorials/share/ur_ros_rtde_tutorials/hook/ld_library_path_lib.ps1'
[3.355s] INFO:colcon.colcon_core.shell:Creating environment descriptor '/home/alberto/Documents/kia_gd_ws/install/ur_ros_rtde_tutorials/share/ur_ros_rtde_tutorials/hook/ld_library_path_lib.dsv'
[3.355s] INFO:colcon.colcon_core.shell:Creating environment hook '/home/alberto/Documents/kia_gd_ws/install/ur_ros_rtde_tutorials/share/ur_ros_rtde_tutorials/hook/ld_library_path_lib.sh'
[3.355s] Level 1:colcon.colcon_core.environment:checking '/home/alberto/Documents/kia_gd_ws/install/ur_ros_rtde_tutorials/bin'
[3.355s] Level 1:colcon.colcon_core.environment:checking '/home/alberto/Documents/kia_gd_ws/install/ur_ros_rtde_tutorials/lib/pkgconfig/ur_ros_rtde_tutorials.pc'
[3.356s] Level 1:colcon.colcon_core.environment:checking '/home/alberto/Documents/kia_gd_ws/install/ur_ros_rtde_tutorials/lib/python3.10/site-packages'
[3.356s] Level 1:colcon.colcon_core.environment:checking '/home/alberto/Documents/kia_gd_ws/install/ur_ros_rtde_tutorials/bin'
[3.356s] INFO:colcon.colcon_core.shell:Creating package script '/home/alberto/Documents/kia_gd_ws/install/ur_ros_rtde_tutorials/share/ur_ros_rtde_tutorials/package.ps1'
[3.357s] INFO:colcon.colcon_core.shell:Creating package descriptor '/home/alberto/Documents/kia_gd_ws/install/ur_ros_rtde_tutorials/share/ur_ros_rtde_tutorials/package.dsv'
[3.358s] INFO:colcon.colcon_core.shell:Creating package script '/home/alberto/Documents/kia_gd_ws/install/ur_ros_rtde_tutorials/share/ur_ros_rtde_tutorials/package.sh'
[3.358s] INFO:colcon.colcon_core.shell:Creating package script '/home/alberto/Documents/kia_gd_ws/install/ur_ros_rtde_tutorials/share/ur_ros_rtde_tutorials/package.bash'
[3.359s] INFO:colcon.colcon_core.shell:Creating package script '/home/alberto/Documents/kia_gd_ws/install/ur_ros_rtde_tutorials/share/ur_ros_rtde_tutorials/package.zsh'
[3.359s] Level 1:colcon.colcon_core.environment:create_file_with_runtime_dependencies(/home/alberto/Documents/kia_gd_ws/install/ur_ros_rtde_tutorials/share/colcon-core/packages/ur_ros_rtde_tutorials)
[3.359s] DEBUG:colcon.colcon_parallel_executor.executor.parallel:closing loop
[3.360s] DEBUG:colcon.colcon_parallel_executor.executor.parallel:loop closed
[3.360s] DEBUG:colcon.colcon_parallel_executor.executor.parallel:run_until_complete finished with '0'
[3.360s] DEBUG:colcon.colcon_core.event_reactor:joining thread
[3.366s] INFO:colcon.colcon_core.plugin_system:Skipping extension 'colcon_notification.desktop_notification.terminal_notifier': Not used on non-Darwin systems
[3.366s] INFO:colcon.colcon_core.plugin_system:Skipping extension 'colcon_notification.desktop_notification.win32': Not used on non-Windows systems
[3.366s] INFO:colcon.colcon_notification.desktop_notification:Sending desktop notification using 'notify2'
[3.378s] DEBUG:colcon.colcon_core.event_reactor:joined thread
[3.378s] INFO:colcon.colcon_core.shell:Creating prefix script '/home/alberto/Documents/kia_gd_ws/install/local_setup.ps1'
[3.379s] INFO:colcon.colcon_core.shell:Creating prefix util module '/home/alberto/Documents/kia_gd_ws/install/_local_setup_util_ps1.py'
[3.382s] INFO:colcon.colcon_core.shell:Creating prefix chain script '/home/alberto/Documents/kia_gd_ws/install/setup.ps1'
[3.385s] INFO:colcon.colcon_core.shell:Creating prefix script '/home/alberto/Documents/kia_gd_ws/install/local_setup.sh'
[3.386s] INFO:colcon.colcon_core.shell:Creating prefix util module '/home/alberto/Documents/kia_gd_ws/install/_local_setup_util_sh.py'
[3.386s] INFO:colcon.colcon_core.shell:Creating prefix chain script '/home/alberto/Documents/kia_gd_ws/install/setup.sh'
[3.389s] INFO:colcon.colcon_core.shell:Creating prefix script '/home/alberto/Documents/kia_gd_ws/install/local_setup.bash'
[3.389s] INFO:colcon.colcon_core.shell:Creating prefix chain script '/home/alberto/Documents/kia_gd_ws/install/setup.bash'
[3.392s] INFO:colcon.colcon_core.shell:Creating prefix script '/home/alberto/Documents/kia_gd_ws/install/local_setup.zsh'
[3.392s] INFO:colcon.colcon_core.shell:Creating prefix chain script '/home/alberto/Documents/kia_gd_ws/install/setup.zsh'
