[0.084s] DEBUG:colcon:Command line arguments: ['/usr/bin/colcon', 'build']
[0.084s] DEBUG:colcon:Parsed command line arguments: Namespace(log_base=None, log_level=None, verb_name='build', build_base='build', install_base='install', merge_install=False, symlink_install=False, test_result_base=None, continue_on_error=False, executor='parallel', parallel_workers=8, event_handlers=None, ignore_user_meta=False, metas=['./colcon.meta'], base_paths=['.'], packages_ignore=None, packages_ignore_regex=None, paths=None, packages_up_to=None, packages_up_to_regex=None, packages_above=None, packages_above_and_dependencies=None, packages_above_depth=None, packages_select_by_dep=None, packages_skip_by_dep=None, packages_skip_up_to=None, packages_select_build_failed=False, packages_skip_build_finished=False, packages_select_test_failures=False, packages_skip_test_passed=False, packages_select=None, packages_skip=None, packages_select_regex=None, packages_skip_regex=None, packages_start=None, packages_end=None, allow_overriding=[], cmake_args=None, cmake_target=None, cmake_target_skip_unavailable=False, cmake_clean_cache=False, cmake_clean_first=False, cmake_force_configure=False, ament_cmake_args=None, catkin_cmake_args=None, catkin_skip_building_tests=False, mixin_files=None, mixin=None, verb_parser=<colcon_mixin.mixin.mixin_argument.MixinArgumentDecorator object at 0x71b692e99bd0>, verb_extension=<colcon_core.verb.build.BuildVerb object at 0x71b692e99600>, main=<bound method BuildVerb.main of <colcon_core.verb.build.BuildVerb object at 0x71b692e99600>>, mixin_verb=('build',))
[0.115s] Level 1:colcon.colcon_core.package_discovery:discover_packages(colcon_meta) check parameters
[0.115s] Level 1:colcon.colcon_core.package_discovery:discover_packages(recursive) check parameters
[0.115s] Level 1:colcon.colcon_core.package_discovery:discover_packages(ignore) check parameters
[0.115s] Level 1:colcon.colcon_core.package_discovery:discover_packages(path) check parameters
[0.115s] Level 1:colcon.colcon_core.package_discovery:discover_packages(colcon_meta) discover
[0.115s] Level 1:colcon.colcon_core.package_discovery:discover_packages(recursive) discover
[0.115s] INFO:colcon.colcon_core.package_discovery:Crawling recursively for packages in '/home/alberto/Documents/kia_gd_ws'
[0.115s] Level 1:colcon.colcon_core.package_identification:_identify(.) by extensions ['ignore', 'ignore_ament_install']
[0.115s] Level 1:colcon.colcon_core.package_identification:_identify(.) by extension 'ignore'
[0.115s] Level 1:colcon.colcon_core.package_identification:_identify(.) by extension 'ignore_ament_install'
[0.115s] Level 1:colcon.colcon_core.package_identification:_identify(.) by extensions ['colcon_pkg']
[0.115s] Level 1:colcon.colcon_core.package_identification:_identify(.) by extension 'colcon_pkg'
[0.115s] Level 1:colcon.colcon_core.package_identification:_identify(.) by extensions ['colcon_meta']
[0.115s] Level 1:colcon.colcon_core.package_identification:_identify(.) by extension 'colcon_meta'
[0.115s] Level 1:colcon.colcon_core.package_identification:_identify(.) by extensions ['ros']
[0.115s] Level 1:colcon.colcon_core.package_identification:_identify(.) by extension 'ros'
[0.135s] Level 1:colcon.colcon_core.package_identification:_identify(.) by extensions ['cmake', 'python']
[0.135s] Level 1:colcon.colcon_core.package_identification:_identify(.) by extension 'cmake'
[0.135s] Level 1:colcon.colcon_core.package_identification:_identify(.) by extension 'python'
[0.135s] Level 1:colcon.colcon_core.package_identification:_identify(.) by extensions ['python_setup_py']
[0.135s] Level 1:colcon.colcon_core.package_identification:_identify(.) by extension 'python_setup_py'
[0.135s] Level 1:colcon.colcon_core.package_identification:_identify(build) by extensions ['ignore', 'ignore_ament_install']
[0.135s] Level 1:colcon.colcon_core.package_identification:_identify(build) by extension 'ignore'
[0.135s] Level 1:colcon.colcon_core.package_identification:_identify(build) ignored
[0.135s] Level 1:colcon.colcon_core.package_identification:_identify(install) by extensions ['ignore', 'ignore_ament_install']
[0.135s] Level 1:colcon.colcon_core.package_identification:_identify(install) by extension 'ignore'
[0.135s] Level 1:colcon.colcon_core.package_identification:_identify(install) ignored
[0.135s] Level 1:colcon.colcon_core.package_identification:_identify(log) by extensions ['ignore', 'ignore_ament_install']
[0.136s] Level 1:colcon.colcon_core.package_identification:_identify(log) by extension 'ignore'
[0.136s] Level 1:colcon.colcon_core.package_identification:_identify(log) ignored
[0.136s] Level 1:colcon.colcon_core.package_identification:_identify(src) by extensions ['ignore', 'ignore_ament_install']
[0.136s] Level 1:colcon.colcon_core.package_identification:_identify(src) by extension 'ignore'
[0.136s] Level 1:colcon.colcon_core.package_identification:_identify(src) by extension 'ignore_ament_install'
[0.136s] Level 1:colcon.colcon_core.package_identification:_identify(src) by extensions ['colcon_pkg']
[0.136s] Level 1:colcon.colcon_core.package_identification:_identify(src) by extension 'colcon_pkg'
[0.136s] Level 1:colcon.colcon_core.package_identification:_identify(src) by extensions ['colcon_meta']
[0.136s] Level 1:colcon.colcon_core.package_identification:_identify(src) by extension 'colcon_meta'
[0.136s] Level 1:colcon.colcon_core.package_identification:_identify(src) by extensions ['ros']
[0.136s] Level 1:colcon.colcon_core.package_identification:_identify(src) by extension 'ros'
[0.136s] Level 1:colcon.colcon_core.package_identification:_identify(src) by extensions ['cmake', 'python']
[0.136s] Level 1:colcon.colcon_core.package_identification:_identify(src) by extension 'cmake'
[0.136s] Level 1:colcon.colcon_core.package_identification:_identify(src) by extension 'python'
[0.136s] Level 1:colcon.colcon_core.package_identification:_identify(src) by extensions ['python_setup_py']
[0.136s] Level 1:colcon.colcon_core.package_identification:_identify(src) by extension 'python_setup_py'
[0.136s] Level 1:colcon.colcon_core.package_identification:_identify(src/ROS-TCP-Endpoint) by extensions ['ignore', 'ignore_ament_install']
[0.136s] Level 1:colcon.colcon_core.package_identification:_identify(src/ROS-TCP-Endpoint) by extension 'ignore'
[0.136s] Level 1:colcon.colcon_core.package_identification:_identify(src/ROS-TCP-Endpoint) by extension 'ignore_ament_install'
[0.136s] Level 1:colcon.colcon_core.package_identification:_identify(src/ROS-TCP-Endpoint) by extensions ['colcon_pkg']
[0.136s] Level 1:colcon.colcon_core.package_identification:_identify(src/ROS-TCP-Endpoint) by extension 'colcon_pkg'
[0.136s] Level 1:colcon.colcon_core.package_identification:_identify(src/ROS-TCP-Endpoint) by extensions ['colcon_meta']
[0.136s] Level 1:colcon.colcon_core.package_identification:_identify(src/ROS-TCP-Endpoint) by extension 'colcon_meta'
[0.136s] Level 1:colcon.colcon_core.package_identification:_identify(src/ROS-TCP-Endpoint) by extensions ['ros']
[0.136s] Level 1:colcon.colcon_core.package_identification:_identify(src/ROS-TCP-Endpoint) by extension 'ros'
[0.138s] DEBUG:colcon.colcon_core.package_identification:Package 'src/ROS-TCP-Endpoint' with type 'ros.ament_python' and name 'ros_tcp_endpoint'
[0.138s] Level 1:colcon.colcon_core.package_identification:_identify(src/kia_gd) by extensions ['ignore', 'ignore_ament_install']
[0.138s] Level 1:colcon.colcon_core.package_identification:_identify(src/kia_gd) by extension 'ignore'
[0.138s] Level 1:colcon.colcon_core.package_identification:_identify(src/kia_gd) by extension 'ignore_ament_install'
[0.138s] Level 1:colcon.colcon_core.package_identification:_identify(src/kia_gd) by extensions ['colcon_pkg']
[0.138s] Level 1:colcon.colcon_core.package_identification:_identify(src/kia_gd) by extension 'colcon_pkg'
[0.138s] Level 1:colcon.colcon_core.package_identification:_identify(src/kia_gd) by extensions ['colcon_meta']
[0.138s] Level 1:colcon.colcon_core.package_identification:_identify(src/kia_gd) by extension 'colcon_meta'
[0.138s] Level 1:colcon.colcon_core.package_identification:_identify(src/kia_gd) by extensions ['ros']
[0.139s] Level 1:colcon.colcon_core.package_identification:_identify(src/kia_gd) by extension 'ros'
[0.139s] DEBUG:colcon.colcon_core.package_identification:Package 'src/kia_gd' with type 'ros.ament_cmake' and name 'kia_gd'
[0.139s] Level 1:colcon.colcon_core.package_identification:_identify(src/ur_ros_rtde) by extensions ['ignore', 'ignore_ament_install']
[0.139s] Level 1:colcon.colcon_core.package_identification:_identify(src/ur_ros_rtde) by extension 'ignore'
[0.139s] Level 1:colcon.colcon_core.package_identification:_identify(src/ur_ros_rtde) by extension 'ignore_ament_install'
[0.139s] Level 1:colcon.colcon_core.package_identification:_identify(src/ur_ros_rtde) by extensions ['colcon_pkg']
[0.139s] Level 1:colcon.colcon_core.package_identification:_identify(src/ur_ros_rtde) by extension 'colcon_pkg'
[0.139s] Level 1:colcon.colcon_core.package_identification:_identify(src/ur_ros_rtde) by extensions ['colcon_meta']
[0.140s] Level 1:colcon.colcon_core.package_identification:_identify(src/ur_ros_rtde) by extension 'colcon_meta'
[0.140s] Level 1:colcon.colcon_core.package_identification:_identify(src/ur_ros_rtde) by extensions ['ros']
[0.140s] Level 1:colcon.colcon_core.package_identification:_identify(src/ur_ros_rtde) by extension 'ros'
[0.140s] Level 1:colcon.colcon_core.package_identification:_identify(src/ur_ros_rtde) by extensions ['cmake', 'python']
[0.140s] Level 1:colcon.colcon_core.package_identification:_identify(src/ur_ros_rtde) by extension 'cmake'
[0.140s] Level 1:colcon.colcon_core.package_identification:_identify(src/ur_ros_rtde) by extension 'python'
[0.140s] Level 1:colcon.colcon_core.package_identification:_identify(src/ur_ros_rtde) by extensions ['python_setup_py']
[0.140s] Level 1:colcon.colcon_core.package_identification:_identify(src/ur_ros_rtde) by extension 'python_setup_py'
[0.140s] Level 1:colcon.colcon_core.package_identification:_identify(src/ur_ros_rtde/build) by extensions ['ignore', 'ignore_ament_install']
[0.140s] Level 1:colcon.colcon_core.package_identification:_identify(src/ur_ros_rtde/build) by extension 'ignore'
[0.140s] Level 1:colcon.colcon_core.package_identification:_identify(src/ur_ros_rtde/build) ignored
[0.140s] Level 1:colcon.colcon_core.package_identification:_identify(src/ur_ros_rtde/images) by extensions ['ignore', 'ignore_ament_install']
[0.140s] Level 1:colcon.colcon_core.package_identification:_identify(src/ur_ros_rtde/images) by extension 'ignore'
[0.140s] Level 1:colcon.colcon_core.package_identification:_identify(src/ur_ros_rtde/images) by extension 'ignore_ament_install'
[0.140s] Level 1:colcon.colcon_core.package_identification:_identify(src/ur_ros_rtde/images) by extensions ['colcon_pkg']
[0.140s] Level 1:colcon.colcon_core.package_identification:_identify(src/ur_ros_rtde/images) by extension 'colcon_pkg'
[0.140s] Level 1:colcon.colcon_core.package_identification:_identify(src/ur_ros_rtde/images) by extensions ['colcon_meta']
[0.140s] Level 1:colcon.colcon_core.package_identification:_identify(src/ur_ros_rtde/images) by extension 'colcon_meta'
[0.140s] Level 1:colcon.colcon_core.package_identification:_identify(src/ur_ros_rtde/images) by extensions ['ros']
[0.140s] Level 1:colcon.colcon_core.package_identification:_identify(src/ur_ros_rtde/images) by extension 'ros'
[0.140s] Level 1:colcon.colcon_core.package_identification:_identify(src/ur_ros_rtde/images) by extensions ['cmake', 'python']
[0.140s] Level 1:colcon.colcon_core.package_identification:_identify(src/ur_ros_rtde/images) by extension 'cmake'
[0.140s] Level 1:colcon.colcon_core.package_identification:_identify(src/ur_ros_rtde/images) by extension 'python'
[0.140s] Level 1:colcon.colcon_core.package_identification:_identify(src/ur_ros_rtde/images) by extensions ['python_setup_py']
[0.140s] Level 1:colcon.colcon_core.package_identification:_identify(src/ur_ros_rtde/images) by extension 'python_setup_py'
[0.140s] Level 1:colcon.colcon_core.package_identification:_identify(src/ur_ros_rtde/install) by extensions ['ignore', 'ignore_ament_install']
[0.140s] Level 1:colcon.colcon_core.package_identification:_identify(src/ur_ros_rtde/install) by extension 'ignore'
[0.141s] Level 1:colcon.colcon_core.package_identification:_identify(src/ur_ros_rtde/install) ignored
[0.141s] Level 1:colcon.colcon_core.package_identification:_identify(src/ur_ros_rtde/log) by extensions ['ignore', 'ignore_ament_install']
[0.141s] Level 1:colcon.colcon_core.package_identification:_identify(src/ur_ros_rtde/log) by extension 'ignore'
[0.141s] Level 1:colcon.colcon_core.package_identification:_identify(src/ur_ros_rtde/log) ignored
[0.141s] Level 1:colcon.colcon_core.package_identification:_identify(src/ur_ros_rtde/simple_ur10e_description) by extensions ['ignore', 'ignore_ament_install']
[0.141s] Level 1:colcon.colcon_core.package_identification:_identify(src/ur_ros_rtde/simple_ur10e_description) by extension 'ignore'
[0.141s] Level 1:colcon.colcon_core.package_identification:_identify(src/ur_ros_rtde/simple_ur10e_description) by extension 'ignore_ament_install'
[0.141s] Level 1:colcon.colcon_core.package_identification:_identify(src/ur_ros_rtde/simple_ur10e_description) by extensions ['colcon_pkg']
[0.141s] Level 1:colcon.colcon_core.package_identification:_identify(src/ur_ros_rtde/simple_ur10e_description) by extension 'colcon_pkg'
[0.141s] Level 1:colcon.colcon_core.package_identification:_identify(src/ur_ros_rtde/simple_ur10e_description) by extensions ['colcon_meta']
[0.141s] Level 1:colcon.colcon_core.package_identification:_identify(src/ur_ros_rtde/simple_ur10e_description) by extension 'colcon_meta'
[0.141s] Level 1:colcon.colcon_core.package_identification:_identify(src/ur_ros_rtde/simple_ur10e_description) by extensions ['ros']
[0.141s] Level 1:colcon.colcon_core.package_identification:_identify(src/ur_ros_rtde/simple_ur10e_description) by extension 'ros'
[0.141s] DEBUG:colcon.colcon_core.package_identification:Package 'src/ur_ros_rtde/simple_ur10e_description' with type 'ros.ament_cmake' and name 'simple_ur10e_description'
[0.142s] Level 1:colcon.colcon_core.package_identification:_identify(src/ur_ros_rtde/simple_ur10e_moveit_config) by extensions ['ignore', 'ignore_ament_install']
[0.142s] Level 1:colcon.colcon_core.package_identification:_identify(src/ur_ros_rtde/simple_ur10e_moveit_config) by extension 'ignore'
[0.142s] Level 1:colcon.colcon_core.package_identification:_identify(src/ur_ros_rtde/simple_ur10e_moveit_config) by extension 'ignore_ament_install'
[0.142s] Level 1:colcon.colcon_core.package_identification:_identify(src/ur_ros_rtde/simple_ur10e_moveit_config) by extensions ['colcon_pkg']
[0.142s] Level 1:colcon.colcon_core.package_identification:_identify(src/ur_ros_rtde/simple_ur10e_moveit_config) by extension 'colcon_pkg'
[0.142s] Level 1:colcon.colcon_core.package_identification:_identify(src/ur_ros_rtde/simple_ur10e_moveit_config) by extensions ['colcon_meta']
[0.142s] Level 1:colcon.colcon_core.package_identification:_identify(src/ur_ros_rtde/simple_ur10e_moveit_config) by extension 'colcon_meta'
[0.142s] Level 1:colcon.colcon_core.package_identification:_identify(src/ur_ros_rtde/simple_ur10e_moveit_config) by extensions ['ros']
[0.142s] Level 1:colcon.colcon_core.package_identification:_identify(src/ur_ros_rtde/simple_ur10e_moveit_config) by extension 'ros'
[0.142s] DEBUG:colcon.colcon_core.package_identification:Package 'src/ur_ros_rtde/simple_ur10e_moveit_config' with type 'ros.ament_cmake' and name 'simple_ur10e_moveit_config'
[0.142s] Level 1:colcon.colcon_core.package_identification:_identify(src/ur_ros_rtde/ur_ros_rtde) by extensions ['ignore', 'ignore_ament_install']
[0.143s] Level 1:colcon.colcon_core.package_identification:_identify(src/ur_ros_rtde/ur_ros_rtde) by extension 'ignore'
[0.143s] Level 1:colcon.colcon_core.package_identification:_identify(src/ur_ros_rtde/ur_ros_rtde) by extension 'ignore_ament_install'
[0.143s] Level 1:colcon.colcon_core.package_identification:_identify(src/ur_ros_rtde/ur_ros_rtde) by extensions ['colcon_pkg']
[0.143s] Level 1:colcon.colcon_core.package_identification:_identify(src/ur_ros_rtde/ur_ros_rtde) by extension 'colcon_pkg'
[0.143s] Level 1:colcon.colcon_core.package_identification:_identify(src/ur_ros_rtde/ur_ros_rtde) by extensions ['colcon_meta']
[0.143s] Level 1:colcon.colcon_core.package_identification:_identify(src/ur_ros_rtde/ur_ros_rtde) by extension 'colcon_meta'
[0.143s] Level 1:colcon.colcon_core.package_identification:_identify(src/ur_ros_rtde/ur_ros_rtde) by extensions ['ros']
[0.143s] Level 1:colcon.colcon_core.package_identification:_identify(src/ur_ros_rtde/ur_ros_rtde) by extension 'ros'
[0.143s] DEBUG:colcon.colcon_core.package_identification:Package 'src/ur_ros_rtde/ur_ros_rtde' with type 'ros.ament_cmake' and name 'ur_ros_rtde'
[0.143s] Level 1:colcon.colcon_core.package_identification:_identify(src/ur_ros_rtde/ur_ros_rtde_gripper_commands) by extensions ['ignore', 'ignore_ament_install']
[0.143s] Level 1:colcon.colcon_core.package_identification:_identify(src/ur_ros_rtde/ur_ros_rtde_gripper_commands) by extension 'ignore'
[0.143s] Level 1:colcon.colcon_core.package_identification:_identify(src/ur_ros_rtde/ur_ros_rtde_gripper_commands) by extension 'ignore_ament_install'
[0.143s] Level 1:colcon.colcon_core.package_identification:_identify(src/ur_ros_rtde/ur_ros_rtde_gripper_commands) by extensions ['colcon_pkg']
[0.143s] Level 1:colcon.colcon_core.package_identification:_identify(src/ur_ros_rtde/ur_ros_rtde_gripper_commands) by extension 'colcon_pkg'
[0.143s] Level 1:colcon.colcon_core.package_identification:_identify(src/ur_ros_rtde/ur_ros_rtde_gripper_commands) by extensions ['colcon_meta']
[0.143s] Level 1:colcon.colcon_core.package_identification:_identify(src/ur_ros_rtde/ur_ros_rtde_gripper_commands) by extension 'colcon_meta'
[0.143s] Level 1:colcon.colcon_core.package_identification:_identify(src/ur_ros_rtde/ur_ros_rtde_gripper_commands) by extensions ['ros']
[0.143s] Level 1:colcon.colcon_core.package_identification:_identify(src/ur_ros_rtde/ur_ros_rtde_gripper_commands) by extension 'ros'
[0.144s] DEBUG:colcon.colcon_core.package_identification:Package 'src/ur_ros_rtde/ur_ros_rtde_gripper_commands' with type 'ros.ament_cmake' and name 'ur_ros_rtde_gripper_commands'
[0.144s] Level 1:colcon.colcon_core.package_identification:_identify(src/ur_ros_rtde/ur_ros_rtde_msgs) by extensions ['ignore', 'ignore_ament_install']
[0.144s] Level 1:colcon.colcon_core.package_identification:_identify(src/ur_ros_rtde/ur_ros_rtde_msgs) by extension 'ignore'
[0.144s] Level 1:colcon.colcon_core.package_identification:_identify(src/ur_ros_rtde/ur_ros_rtde_msgs) by extension 'ignore_ament_install'
[0.144s] Level 1:colcon.colcon_core.package_identification:_identify(src/ur_ros_rtde/ur_ros_rtde_msgs) by extensions ['colcon_pkg']
[0.144s] Level 1:colcon.colcon_core.package_identification:_identify(src/ur_ros_rtde/ur_ros_rtde_msgs) by extension 'colcon_pkg'
[0.144s] Level 1:colcon.colcon_core.package_identification:_identify(src/ur_ros_rtde/ur_ros_rtde_msgs) by extensions ['colcon_meta']
[0.144s] Level 1:colcon.colcon_core.package_identification:_identify(src/ur_ros_rtde/ur_ros_rtde_msgs) by extension 'colcon_meta'
[0.144s] Level 1:colcon.colcon_core.package_identification:_identify(src/ur_ros_rtde/ur_ros_rtde_msgs) by extensions ['ros']
[0.144s] Level 1:colcon.colcon_core.package_identification:_identify(src/ur_ros_rtde/ur_ros_rtde_msgs) by extension 'ros'
[0.145s] DEBUG:colcon.colcon_core.package_identification:Package 'src/ur_ros_rtde/ur_ros_rtde_msgs' with type 'ros.ament_cmake' and name 'ur_ros_rtde_msgs'
[0.145s] Level 1:colcon.colcon_core.package_identification:_identify(src/ur_ros_rtde/ur_ros_rtde_simple_clients) by extensions ['ignore', 'ignore_ament_install']
[0.145s] Level 1:colcon.colcon_core.package_identification:_identify(src/ur_ros_rtde/ur_ros_rtde_simple_clients) by extension 'ignore'
[0.145s] Level 1:colcon.colcon_core.package_identification:_identify(src/ur_ros_rtde/ur_ros_rtde_simple_clients) by extension 'ignore_ament_install'
[0.145s] Level 1:colcon.colcon_core.package_identification:_identify(src/ur_ros_rtde/ur_ros_rtde_simple_clients) by extensions ['colcon_pkg']
[0.145s] Level 1:colcon.colcon_core.package_identification:_identify(src/ur_ros_rtde/ur_ros_rtde_simple_clients) by extension 'colcon_pkg'
[0.145s] Level 1:colcon.colcon_core.package_identification:_identify(src/ur_ros_rtde/ur_ros_rtde_simple_clients) by extensions ['colcon_meta']
[0.145s] Level 1:colcon.colcon_core.package_identification:_identify(src/ur_ros_rtde/ur_ros_rtde_simple_clients) by extension 'colcon_meta'
[0.145s] Level 1:colcon.colcon_core.package_identification:_identify(src/ur_ros_rtde/ur_ros_rtde_simple_clients) by extensions ['ros']
[0.145s] Level 1:colcon.colcon_core.package_identification:_identify(src/ur_ros_rtde/ur_ros_rtde_simple_clients) by extension 'ros'
[0.146s] DEBUG:colcon.colcon_core.package_identification:Package 'src/ur_ros_rtde/ur_ros_rtde_simple_clients' with type 'ros.ament_cmake' and name 'ur_ros_rtde_simple_clients'
[0.146s] Level 1:colcon.colcon_core.package_identification:_identify(src/ur_ros_rtde/ur_ros_rtde_tutorials) by extensions ['ignore', 'ignore_ament_install']
[0.146s] Level 1:colcon.colcon_core.package_identification:_identify(src/ur_ros_rtde/ur_ros_rtde_tutorials) by extension 'ignore'
[0.146s] Level 1:colcon.colcon_core.package_identification:_identify(src/ur_ros_rtde/ur_ros_rtde_tutorials) by extension 'ignore_ament_install'
[0.146s] Level 1:colcon.colcon_core.package_identification:_identify(src/ur_ros_rtde/ur_ros_rtde_tutorials) by extensions ['colcon_pkg']
[0.146s] Level 1:colcon.colcon_core.package_identification:_identify(src/ur_ros_rtde/ur_ros_rtde_tutorials) by extension 'colcon_pkg'
[0.146s] Level 1:colcon.colcon_core.package_identification:_identify(src/ur_ros_rtde/ur_ros_rtde_tutorials) by extensions ['colcon_meta']
[0.146s] Level 1:colcon.colcon_core.package_identification:_identify(src/ur_ros_rtde/ur_ros_rtde_tutorials) by extension 'colcon_meta'
[0.146s] Level 1:colcon.colcon_core.package_identification:_identify(src/ur_ros_rtde/ur_ros_rtde_tutorials) by extensions ['ros']
[0.146s] Level 1:colcon.colcon_core.package_identification:_identify(src/ur_ros_rtde/ur_ros_rtde_tutorials) by extension 'ros'
[0.146s] DEBUG:colcon.colcon_core.package_identification:Package 'src/ur_ros_rtde/ur_ros_rtde_tutorials' with type 'ros.ament_cmake' and name 'ur_ros_rtde_tutorials'
[0.146s] Level 1:colcon.colcon_core.package_identification:_identify(ursim_programs) by extensions ['ignore', 'ignore_ament_install']
[0.146s] Level 1:colcon.colcon_core.package_identification:_identify(ursim_programs) by extension 'ignore'
[0.147s] Level 1:colcon.colcon_core.package_identification:_identify(ursim_programs) by extension 'ignore_ament_install'
[0.147s] Level 1:colcon.colcon_core.package_identification:_identify(ursim_programs) by extensions ['colcon_pkg']
[0.147s] Level 1:colcon.colcon_core.package_identification:_identify(ursim_programs) by extension 'colcon_pkg'
[0.147s] Level 1:colcon.colcon_core.package_identification:_identify(ursim_programs) by extensions ['colcon_meta']
[0.147s] Level 1:colcon.colcon_core.package_identification:_identify(ursim_programs) by extension 'colcon_meta'
[0.147s] Level 1:colcon.colcon_core.package_identification:_identify(ursim_programs) by extensions ['ros']
[0.147s] Level 1:colcon.colcon_core.package_identification:_identify(ursim_programs) by extension 'ros'
[0.147s] Level 1:colcon.colcon_core.package_identification:_identify(ursim_programs) by extensions ['cmake', 'python']
[0.147s] Level 1:colcon.colcon_core.package_identification:_identify(ursim_programs) by extension 'cmake'
[0.147s] Level 1:colcon.colcon_core.package_identification:_identify(ursim_programs) by extension 'python'
[0.147s] Level 1:colcon.colcon_core.package_identification:_identify(ursim_programs) by extensions ['python_setup_py']
[0.147s] Level 1:colcon.colcon_core.package_identification:_identify(ursim_programs) by extension 'python_setup_py'
[0.147s] Level 1:colcon.colcon_core.package_discovery:discover_packages(recursive) using defaults
[0.147s] Level 1:colcon.colcon_core.package_discovery:discover_packages(ignore) discover
[0.147s] Level 1:colcon.colcon_core.package_discovery:discover_packages(ignore) using defaults
[0.147s] Level 1:colcon.colcon_core.package_discovery:discover_packages(path) discover
[0.147s] Level 1:colcon.colcon_core.package_discovery:discover_packages(path) using defaults
[0.164s] Level 1:colcon.colcon_core.package_discovery:discover_packages(prefix_path) check parameters
[0.164s] Level 1:colcon.colcon_core.package_discovery:discover_packages(prefix_path) discover
[0.166s] DEBUG:colcon.colcon_installed_package_information.package_discovery:Found 17 installed packages in /home/alberto/Documents/kia_gd_ws/install
[0.167s] DEBUG:colcon.colcon_installed_package_information.package_discovery:Found 6 installed packages in /home/alberto/Documents/sub_alberto/install
[0.167s] DEBUG:colcon.colcon_installed_package_information.package_discovery:Found 8 installed packages in /home/alberto/install
[0.167s] DEBUG:colcon.colcon_installed_package_information.package_discovery:Found 4 installed packages in /home/alberto/ros2_ws/install
[0.168s] DEBUG:colcon.colcon_installed_package_information.package_discovery:Found 1 installed packages in /home/alberto/uuv/install
[0.169s] DEBUG:colcon.colcon_installed_package_information.package_discovery:Found 334 installed packages in /opt/ros/humble
[0.170s] Level 1:colcon.colcon_core.package_discovery:discover_packages(prefix_path) using defaults
[0.210s] Level 5:colcon.colcon_core.verb:set package 'kia_gd' build argument 'cmake_args' from command line to 'None'
[0.210s] Level 5:colcon.colcon_core.verb:set package 'kia_gd' build argument 'cmake_target' from command line to 'None'
[0.210s] Level 5:colcon.colcon_core.verb:set package 'kia_gd' build argument 'cmake_target_skip_unavailable' from command line to 'False'
[0.210s] Level 5:colcon.colcon_core.verb:set package 'kia_gd' build argument 'cmake_clean_cache' from command line to 'False'
[0.210s] Level 5:colcon.colcon_core.verb:set package 'kia_gd' build argument 'cmake_clean_first' from command line to 'False'
[0.210s] Level 5:colcon.colcon_core.verb:set package 'kia_gd' build argument 'cmake_force_configure' from command line to 'False'
[0.210s] Level 5:colcon.colcon_core.verb:set package 'kia_gd' build argument 'ament_cmake_args' from command line to 'None'
[0.210s] Level 5:colcon.colcon_core.verb:set package 'kia_gd' build argument 'catkin_cmake_args' from command line to 'None'
[0.210s] Level 5:colcon.colcon_core.verb:set package 'kia_gd' build argument 'catkin_skip_building_tests' from command line to 'False'
[0.210s] DEBUG:colcon.colcon_core.verb:Building package 'kia_gd' with the following arguments: {'ament_cmake_args': None, 'build_base': '/home/alberto/Documents/kia_gd_ws/build/kia_gd', 'catkin_cmake_args': None, 'catkin_skip_building_tests': False, 'cmake_args': None, 'cmake_clean_cache': False, 'cmake_clean_first': False, 'cmake_force_configure': False, 'cmake_target': None, 'cmake_target_skip_unavailable': False, 'install_base': '/home/alberto/Documents/kia_gd_ws/install/kia_gd', 'merge_install': False, 'path': '/home/alberto/Documents/kia_gd_ws/src/kia_gd', 'symlink_install': False, 'test_result_base': None}
[0.210s] Level 5:colcon.colcon_core.verb:set package 'ros_tcp_endpoint' build argument 'cmake_args' from command line to 'None'
[0.210s] Level 5:colcon.colcon_core.verb:set package 'ros_tcp_endpoint' build argument 'cmake_target' from command line to 'None'
[0.210s] Level 5:colcon.colcon_core.verb:set package 'ros_tcp_endpoint' build argument 'cmake_target_skip_unavailable' from command line to 'False'
[0.210s] Level 5:colcon.colcon_core.verb:set package 'ros_tcp_endpoint' build argument 'cmake_clean_cache' from command line to 'False'
[0.210s] Level 5:colcon.colcon_core.verb:set package 'ros_tcp_endpoint' build argument 'cmake_clean_first' from command line to 'False'
[0.210s] Level 5:colcon.colcon_core.verb:set package 'ros_tcp_endpoint' build argument 'cmake_force_configure' from command line to 'False'
[0.210s] Level 5:colcon.colcon_core.verb:set package 'ros_tcp_endpoint' build argument 'ament_cmake_args' from command line to 'None'
[0.210s] Level 5:colcon.colcon_core.verb:set package 'ros_tcp_endpoint' build argument 'catkin_cmake_args' from command line to 'None'
[0.210s] Level 5:colcon.colcon_core.verb:set package 'ros_tcp_endpoint' build argument 'catkin_skip_building_tests' from command line to 'False'
[0.210s] DEBUG:colcon.colcon_core.verb:Building package 'ros_tcp_endpoint' with the following arguments: {'ament_cmake_args': None, 'build_base': '/home/alberto/Documents/kia_gd_ws/build/ros_tcp_endpoint', 'catkin_cmake_args': None, 'catkin_skip_building_tests': False, 'cmake_args': None, 'cmake_clean_cache': False, 'cmake_clean_first': False, 'cmake_force_configure': False, 'cmake_target': None, 'cmake_target_skip_unavailable': False, 'install_base': '/home/alberto/Documents/kia_gd_ws/install/ros_tcp_endpoint', 'merge_install': False, 'path': '/home/alberto/Documents/kia_gd_ws/src/ROS-TCP-Endpoint', 'symlink_install': False, 'test_result_base': None}
[0.211s] Level 5:colcon.colcon_core.verb:set package 'simple_ur10e_description' build argument 'cmake_args' from command line to 'None'
[0.211s] Level 5:colcon.colcon_core.verb:set package 'simple_ur10e_description' build argument 'cmake_target' from command line to 'None'
[0.211s] Level 5:colcon.colcon_core.verb:set package 'simple_ur10e_description' build argument 'cmake_target_skip_unavailable' from command line to 'False'
[0.211s] Level 5:colcon.colcon_core.verb:set package 'simple_ur10e_description' build argument 'cmake_clean_cache' from command line to 'False'
[0.211s] Level 5:colcon.colcon_core.verb:set package 'simple_ur10e_description' build argument 'cmake_clean_first' from command line to 'False'
[0.211s] Level 5:colcon.colcon_core.verb:set package 'simple_ur10e_description' build argument 'cmake_force_configure' from command line to 'False'
[0.211s] Level 5:colcon.colcon_core.verb:set package 'simple_ur10e_description' build argument 'ament_cmake_args' from command line to 'None'
[0.211s] Level 5:colcon.colcon_core.verb:set package 'simple_ur10e_description' build argument 'catkin_cmake_args' from command line to 'None'
[0.211s] Level 5:colcon.colcon_core.verb:set package 'simple_ur10e_description' build argument 'catkin_skip_building_tests' from command line to 'False'
[0.211s] DEBUG:colcon.colcon_core.verb:Building package 'simple_ur10e_description' with the following arguments: {'ament_cmake_args': None, 'build_base': '/home/alberto/Documents/kia_gd_ws/build/simple_ur10e_description', 'catkin_cmake_args': None, 'catkin_skip_building_tests': False, 'cmake_args': None, 'cmake_clean_cache': False, 'cmake_clean_first': False, 'cmake_force_configure': False, 'cmake_target': None, 'cmake_target_skip_unavailable': False, 'install_base': '/home/alberto/Documents/kia_gd_ws/install/simple_ur10e_description', 'merge_install': False, 'path': '/home/alberto/Documents/kia_gd_ws/src/ur_ros_rtde/simple_ur10e_description', 'symlink_install': False, 'test_result_base': None}
[0.211s] Level 5:colcon.colcon_core.verb:set package 'ur_ros_rtde_msgs' build argument 'cmake_args' from command line to 'None'
[0.211s] Level 5:colcon.colcon_core.verb:set package 'ur_ros_rtde_msgs' build argument 'cmake_target' from command line to 'None'
[0.211s] Level 5:colcon.colcon_core.verb:set package 'ur_ros_rtde_msgs' build argument 'cmake_target_skip_unavailable' from command line to 'False'
[0.211s] Level 5:colcon.colcon_core.verb:set package 'ur_ros_rtde_msgs' build argument 'cmake_clean_cache' from command line to 'False'
[0.211s] Level 5:colcon.colcon_core.verb:set package 'ur_ros_rtde_msgs' build argument 'cmake_clean_first' from command line to 'False'
[0.211s] Level 5:colcon.colcon_core.verb:set package 'ur_ros_rtde_msgs' build argument 'cmake_force_configure' from command line to 'False'
[0.211s] Level 5:colcon.colcon_core.verb:set package 'ur_ros_rtde_msgs' build argument 'ament_cmake_args' from command line to 'None'
[0.211s] Level 5:colcon.colcon_core.verb:set package 'ur_ros_rtde_msgs' build argument 'catkin_cmake_args' from command line to 'None'
[0.211s] Level 5:colcon.colcon_core.verb:set package 'ur_ros_rtde_msgs' build argument 'catkin_skip_building_tests' from command line to 'False'
[0.211s] DEBUG:colcon.colcon_core.verb:Building package 'ur_ros_rtde_msgs' with the following arguments: {'ament_cmake_args': None, 'build_base': '/home/alberto/Documents/kia_gd_ws/build/ur_ros_rtde_msgs', 'catkin_cmake_args': None, 'catkin_skip_building_tests': False, 'cmake_args': None, 'cmake_clean_cache': False, 'cmake_clean_first': False, 'cmake_force_configure': False, 'cmake_target': None, 'cmake_target_skip_unavailable': False, 'install_base': '/home/alberto/Documents/kia_gd_ws/install/ur_ros_rtde_msgs', 'merge_install': False, 'path': '/home/alberto/Documents/kia_gd_ws/src/ur_ros_rtde/ur_ros_rtde_msgs', 'symlink_install': False, 'test_result_base': None}
[0.211s] Level 5:colcon.colcon_core.verb:set package 'ur_ros_rtde_simple_clients' build argument 'cmake_args' from command line to 'None'
[0.211s] Level 5:colcon.colcon_core.verb:set package 'ur_ros_rtde_simple_clients' build argument 'cmake_target' from command line to 'None'
[0.211s] Level 5:colcon.colcon_core.verb:set package 'ur_ros_rtde_simple_clients' build argument 'cmake_target_skip_unavailable' from command line to 'False'
[0.211s] Level 5:colcon.colcon_core.verb:set package 'ur_ros_rtde_simple_clients' build argument 'cmake_clean_cache' from command line to 'False'
[0.211s] Level 5:colcon.colcon_core.verb:set package 'ur_ros_rtde_simple_clients' build argument 'cmake_clean_first' from command line to 'False'
[0.211s] Level 5:colcon.colcon_core.verb:set package 'ur_ros_rtde_simple_clients' build argument 'cmake_force_configure' from command line to 'False'
[0.211s] Level 5:colcon.colcon_core.verb:set package 'ur_ros_rtde_simple_clients' build argument 'ament_cmake_args' from command line to 'None'
[0.211s] Level 5:colcon.colcon_core.verb:set package 'ur_ros_rtde_simple_clients' build argument 'catkin_cmake_args' from command line to 'None'
[0.211s] Level 5:colcon.colcon_core.verb:set package 'ur_ros_rtde_simple_clients' build argument 'catkin_skip_building_tests' from command line to 'False'
[0.211s] DEBUG:colcon.colcon_core.verb:Building package 'ur_ros_rtde_simple_clients' with the following arguments: {'ament_cmake_args': None, 'build_base': '/home/alberto/Documents/kia_gd_ws/build/ur_ros_rtde_simple_clients', 'catkin_cmake_args': None, 'catkin_skip_building_tests': False, 'cmake_args': None, 'cmake_clean_cache': False, 'cmake_clean_first': False, 'cmake_force_configure': False, 'cmake_target': None, 'cmake_target_skip_unavailable': False, 'install_base': '/home/alberto/Documents/kia_gd_ws/install/ur_ros_rtde_simple_clients', 'merge_install': False, 'path': '/home/alberto/Documents/kia_gd_ws/src/ur_ros_rtde/ur_ros_rtde_simple_clients', 'symlink_install': False, 'test_result_base': None}
[0.212s] Level 5:colcon.colcon_core.verb:set package 'simple_ur10e_moveit_config' build argument 'cmake_args' from command line to 'None'
[0.212s] Level 5:colcon.colcon_core.verb:set package 'simple_ur10e_moveit_config' build argument 'cmake_target' from command line to 'None'
[0.212s] Level 5:colcon.colcon_core.verb:set package 'simple_ur10e_moveit_config' build argument 'cmake_target_skip_unavailable' from command line to 'False'
[0.212s] Level 5:colcon.colcon_core.verb:set package 'simple_ur10e_moveit_config' build argument 'cmake_clean_cache' from command line to 'False'
[0.212s] Level 5:colcon.colcon_core.verb:set package 'simple_ur10e_moveit_config' build argument 'cmake_clean_first' from command line to 'False'
[0.212s] Level 5:colcon.colcon_core.verb:set package 'simple_ur10e_moveit_config' build argument 'cmake_force_configure' from command line to 'False'
[0.212s] Level 5:colcon.colcon_core.verb:set package 'simple_ur10e_moveit_config' build argument 'ament_cmake_args' from command line to 'None'
[0.212s] Level 5:colcon.colcon_core.verb:set package 'simple_ur10e_moveit_config' build argument 'catkin_cmake_args' from command line to 'None'
[0.212s] Level 5:colcon.colcon_core.verb:set package 'simple_ur10e_moveit_config' build argument 'catkin_skip_building_tests' from command line to 'False'
[0.212s] DEBUG:colcon.colcon_core.verb:Building package 'simple_ur10e_moveit_config' with the following arguments: {'ament_cmake_args': None, 'build_base': '/home/alberto/Documents/kia_gd_ws/build/simple_ur10e_moveit_config', 'catkin_cmake_args': None, 'catkin_skip_building_tests': False, 'cmake_args': None, 'cmake_clean_cache': False, 'cmake_clean_first': False, 'cmake_force_configure': False, 'cmake_target': None, 'cmake_target_skip_unavailable': False, 'install_base': '/home/alberto/Documents/kia_gd_ws/install/simple_ur10e_moveit_config', 'merge_install': False, 'path': '/home/alberto/Documents/kia_gd_ws/src/ur_ros_rtde/simple_ur10e_moveit_config', 'symlink_install': False, 'test_result_base': None}
[0.212s] Level 5:colcon.colcon_core.verb:set package 'ur_ros_rtde' build argument 'cmake_args' from command line to 'None'
[0.212s] Level 5:colcon.colcon_core.verb:set package 'ur_ros_rtde' build argument 'cmake_target' from command line to 'None'
[0.212s] Level 5:colcon.colcon_core.verb:set package 'ur_ros_rtde' build argument 'cmake_target_skip_unavailable' from command line to 'False'
[0.212s] Level 5:colcon.colcon_core.verb:set package 'ur_ros_rtde' build argument 'cmake_clean_cache' from command line to 'False'
[0.212s] Level 5:colcon.colcon_core.verb:set package 'ur_ros_rtde' build argument 'cmake_clean_first' from command line to 'False'
[0.212s] Level 5:colcon.colcon_core.verb:set package 'ur_ros_rtde' build argument 'cmake_force_configure' from command line to 'False'
[0.212s] Level 5:colcon.colcon_core.verb:set package 'ur_ros_rtde' build argument 'ament_cmake_args' from command line to 'None'
[0.212s] Level 5:colcon.colcon_core.verb:set package 'ur_ros_rtde' build argument 'catkin_cmake_args' from command line to 'None'
[0.212s] Level 5:colcon.colcon_core.verb:set package 'ur_ros_rtde' build argument 'catkin_skip_building_tests' from command line to 'False'
[0.212s] DEBUG:colcon.colcon_core.verb:Building package 'ur_ros_rtde' with the following arguments: {'ament_cmake_args': None, 'build_base': '/home/alberto/Documents/kia_gd_ws/build/ur_ros_rtde', 'catkin_cmake_args': None, 'catkin_skip_building_tests': False, 'cmake_args': None, 'cmake_clean_cache': False, 'cmake_clean_first': False, 'cmake_force_configure': False, 'cmake_target': None, 'cmake_target_skip_unavailable': False, 'install_base': '/home/alberto/Documents/kia_gd_ws/install/ur_ros_rtde', 'merge_install': False, 'path': '/home/alberto/Documents/kia_gd_ws/src/ur_ros_rtde/ur_ros_rtde', 'symlink_install': False, 'test_result_base': None}
[0.212s] Level 5:colcon.colcon_core.verb:set package 'ur_ros_rtde_gripper_commands' build argument 'cmake_args' from command line to 'None'
[0.212s] Level 5:colcon.colcon_core.verb:set package 'ur_ros_rtde_gripper_commands' build argument 'cmake_target' from command line to 'None'
[0.212s] Level 5:colcon.colcon_core.verb:set package 'ur_ros_rtde_gripper_commands' build argument 'cmake_target_skip_unavailable' from command line to 'False'
[0.212s] Level 5:colcon.colcon_core.verb:set package 'ur_ros_rtde_gripper_commands' build argument 'cmake_clean_cache' from command line to 'False'
[0.213s] Level 5:colcon.colcon_core.verb:set package 'ur_ros_rtde_gripper_commands' build argument 'cmake_clean_first' from command line to 'False'
[0.213s] Level 5:colcon.colcon_core.verb:set package 'ur_ros_rtde_gripper_commands' build argument 'cmake_force_configure' from command line to 'False'
[0.213s] Level 5:colcon.colcon_core.verb:set package 'ur_ros_rtde_gripper_commands' build argument 'ament_cmake_args' from command line to 'None'
[0.213s] Level 5:colcon.colcon_core.verb:set package 'ur_ros_rtde_gripper_commands' build argument 'catkin_cmake_args' from command line to 'None'
[0.213s] Level 5:colcon.colcon_core.verb:set package 'ur_ros_rtde_gripper_commands' build argument 'catkin_skip_building_tests' from command line to 'False'
[0.213s] DEBUG:colcon.colcon_core.verb:Building package 'ur_ros_rtde_gripper_commands' with the following arguments: {'ament_cmake_args': None, 'build_base': '/home/alberto/Documents/kia_gd_ws/build/ur_ros_rtde_gripper_commands', 'catkin_cmake_args': None, 'catkin_skip_building_tests': False, 'cmake_args': None, 'cmake_clean_cache': False, 'cmake_clean_first': False, 'cmake_force_configure': False, 'cmake_target': None, 'cmake_target_skip_unavailable': False, 'install_base': '/home/alberto/Documents/kia_gd_ws/install/ur_ros_rtde_gripper_commands', 'merge_install': False, 'path': '/home/alberto/Documents/kia_gd_ws/src/ur_ros_rtde/ur_ros_rtde_gripper_commands', 'symlink_install': False, 'test_result_base': None}
[0.213s] Level 5:colcon.colcon_core.verb:set package 'ur_ros_rtde_tutorials' build argument 'cmake_args' from command line to 'None'
[0.213s] Level 5:colcon.colcon_core.verb:set package 'ur_ros_rtde_tutorials' build argument 'cmake_target' from command line to 'None'
[0.213s] Level 5:colcon.colcon_core.verb:set package 'ur_ros_rtde_tutorials' build argument 'cmake_target_skip_unavailable' from command line to 'False'
[0.213s] Level 5:colcon.colcon_core.verb:set package 'ur_ros_rtde_tutorials' build argument 'cmake_clean_cache' from command line to 'False'
[0.213s] Level 5:colcon.colcon_core.verb:set package 'ur_ros_rtde_tutorials' build argument 'cmake_clean_first' from command line to 'False'
[0.213s] Level 5:colcon.colcon_core.verb:set package 'ur_ros_rtde_tutorials' build argument 'cmake_force_configure' from command line to 'False'
[0.213s] Level 5:colcon.colcon_core.verb:set package 'ur_ros_rtde_tutorials' build argument 'ament_cmake_args' from command line to 'None'
[0.213s] Level 5:colcon.colcon_core.verb:set package 'ur_ros_rtde_tutorials' build argument 'catkin_cmake_args' from command line to 'None'
[0.213s] Level 5:colcon.colcon_core.verb:set package 'ur_ros_rtde_tutorials' build argument 'catkin_skip_building_tests' from command line to 'False'
[0.213s] DEBUG:colcon.colcon_core.verb:Building package 'ur_ros_rtde_tutorials' with the following arguments: {'ament_cmake_args': None, 'build_base': '/home/alberto/Documents/kia_gd_ws/build/ur_ros_rtde_tutorials', 'catkin_cmake_args': None, 'catkin_skip_building_tests': False, 'cmake_args': None, 'cmake_clean_cache': False, 'cmake_clean_first': False, 'cmake_force_configure': False, 'cmake_target': None, 'cmake_target_skip_unavailable': False, 'install_base': '/home/alberto/Documents/kia_gd_ws/install/ur_ros_rtde_tutorials', 'merge_install': False, 'path': '/home/alberto/Documents/kia_gd_ws/src/ur_ros_rtde/ur_ros_rtde_tutorials', 'symlink_install': False, 'test_result_base': None}
[0.213s] INFO:colcon.colcon_core.executor:Executing jobs using 'parallel' executor
[0.214s] DEBUG:colcon.colcon_parallel_executor.executor.parallel:run_until_complete
[0.214s] INFO:colcon.colcon_ros.task.ament_cmake.build:Building ROS package in '/home/alberto/Documents/kia_gd_ws/src/ur_ros_rtde/ur_ros_rtde_msgs' with build type 'ament_cmake'
[0.214s] INFO:colcon.colcon_cmake.task.cmake.build:Building CMake package in '/home/alberto/Documents/kia_gd_ws/src/ur_ros_rtde/ur_ros_rtde_msgs'
[0.216s] INFO:colcon.colcon_core.plugin_system:Skipping extension 'colcon_core.shell.bat': Not used on non-Windows systems
[0.216s] INFO:colcon.colcon_core.shell:Skip shell extension 'powershell' for command environment: Not usable outside of PowerShell
[0.216s] DEBUG:colcon.colcon_core.shell:Skip shell extension 'dsv' for command environment
[0.220s] INFO:colcon.colcon_ros.task.ament_cmake.build:Building ROS package in '/home/alberto/Documents/kia_gd_ws/src/ur_ros_rtde/ur_ros_rtde_simple_clients' with build type 'ament_cmake'
[0.220s] INFO:colcon.colcon_cmake.task.cmake.build:Building CMake package in '/home/alberto/Documents/kia_gd_ws/src/ur_ros_rtde/ur_ros_rtde_simple_clients'
[0.221s] INFO:colcon.colcon_core.shell:Skip shell extension 'powershell' for command environment: Not usable outside of PowerShell
[0.221s] DEBUG:colcon.colcon_core.shell:Skip shell extension 'dsv' for command environment
[0.225s] INFO:colcon.colcon_ros.task.ament_cmake.build:Building ROS package in '/home/alberto/Documents/kia_gd_ws/src/ur_ros_rtde/simple_ur10e_description' with build type 'ament_cmake'
[0.225s] INFO:colcon.colcon_cmake.task.cmake.build:Building CMake package in '/home/alberto/Documents/kia_gd_ws/src/ur_ros_rtde/simple_ur10e_description'
[0.225s] INFO:colcon.colcon_core.shell:Skip shell extension 'powershell' for command environment: Not usable outside of PowerShell
[0.225s] DEBUG:colcon.colcon_core.shell:Skip shell extension 'dsv' for command environment
[0.230s] INFO:colcon.colcon_ros.task.ament_cmake.build:Building ROS package in '/home/alberto/Documents/kia_gd_ws/src/kia_gd' with build type 'ament_cmake'
[0.230s] INFO:colcon.colcon_cmake.task.cmake.build:Building CMake package in '/home/alberto/Documents/kia_gd_ws/src/kia_gd'
[0.230s] INFO:colcon.colcon_core.shell:Skip shell extension 'powershell' for command environment: Not usable outside of PowerShell
[0.230s] DEBUG:colcon.colcon_core.shell:Skip shell extension 'dsv' for command environment
[0.234s] INFO:colcon.colcon_ros.task.ament_python.build:Building ROS package in '/home/alberto/Documents/kia_gd_ws/src/ROS-TCP-Endpoint' with build type 'ament_python'
[0.235s] Level 1:colcon.colcon_core.shell:create_environment_hook('ros_tcp_endpoint', 'ament_prefix_path')
[0.235s] INFO:colcon.colcon_core.shell:Creating environment hook '/home/alberto/Documents/kia_gd_ws/install/ros_tcp_endpoint/share/ros_tcp_endpoint/hook/ament_prefix_path.ps1'
[0.235s] INFO:colcon.colcon_core.shell:Creating environment descriptor '/home/alberto/Documents/kia_gd_ws/install/ros_tcp_endpoint/share/ros_tcp_endpoint/hook/ament_prefix_path.dsv'
[0.236s] INFO:colcon.colcon_core.shell:Creating environment hook '/home/alberto/Documents/kia_gd_ws/install/ros_tcp_endpoint/share/ros_tcp_endpoint/hook/ament_prefix_path.sh'
[0.236s] INFO:colcon.colcon_core.shell:Skip shell extension 'powershell' for command environment: Not usable outside of PowerShell
[0.236s] DEBUG:colcon.colcon_core.shell:Skip shell extension 'dsv' for command environment
[0.243s] DEBUG:colcon.colcon_core.event_handler.log_command:Invoking command in '/home/alberto/Documents/kia_gd_ws/build/ur_ros_rtde_msgs': CMAKE_PREFIX_PATH=/home/alberto/Documents/kia_gd_ws/install/ur_ros_rtde_tutorials:/home/alberto/Documents/kia_gd_ws/install/ur_ros_rtde:/home/alberto/Documents/kia_gd_ws/install/ur_ros_rtde_simple_clients:/home/alberto/Documents/kia_gd_ws/install/ur_ros_rtde_gripper_commands:/home/alberto/Documents/kia_gd_ws/install/ur_ros_rtde_msgs:/home/alberto/Documents/kia_gd_ws/install/ur:/home/alberto/Documents/kia_gd_ws/install/ur_calibration:/home/alberto/Documents/kia_gd_ws/install/ur_robot_driver:/home/alberto/Documents/kia_gd_ws/install/ur_moveit_config:/home/alberto/Documents/kia_gd_ws/install/ur_bringup:/home/alberto/Documents/kia_gd_ws/install/ur_controllers:/home/alberto/Documents/kia_gd_ws/install/ur_dashboard_msgs:/home/alberto/Documents/kia_gd_ws/install/simple_ur10e_moveit_config:/home/alberto/Documents/kia_gd_ws/install/simple_ur10e_description:/home/alberto/Documents/kia_gd_ws/install/kia_gd:/home/alberto/Documents/sub_alberto/install/uuv_visualization:/home/alberto/Documents/sub_alberto/install/uuv_vision:/home/alberto/Documents/sub_alberto/install/uuv_navigation:/home/alberto/Documents/sub_alberto/install/uuv_mission:/home/alberto/Documents/sub_alberto/install/uuv_master:/home/alberto/Documents/sub_alberto/install/uuv_control:/home/alberto/install/vectornav:/home/alberto/install/vectornav_msgs:/home/alberto/install/uuv_teleop:/home/alberto/install/uuv_description:/home/alberto/install/sub:/home/alberto/install/pid:/home/alberto/Documents/kia_gd_ws/install/ros_tcp_endpoint:/home/alberto/ros2_ws/install/docker_test:/opt/ros/humble:/home/alberto/install/catkin:/home/alberto/ros2_ws/install/sub:/home/alberto/ros2_ws/install/pid:/home/alberto/ros2_ws/install/catkin:/home/alberto/uuv/install/uuv /usr/bin/cmake --build /home/alberto/Documents/kia_gd_ws/build/ur_ros_rtde_msgs -- -j8 -l8
[0.247s] DEBUG:colcon.colcon_core.event_handler.log_command:Invoking command in '/home/alberto/Documents/kia_gd_ws/build/ur_ros_rtde_simple_clients': CMAKE_PREFIX_PATH=/home/alberto/Documents/kia_gd_ws/install/ur_ros_rtde_tutorials:/home/alberto/Documents/kia_gd_ws/install/ur_ros_rtde:/home/alberto/Documents/kia_gd_ws/install/ur_ros_rtde_simple_clients:/home/alberto/Documents/kia_gd_ws/install/ur_ros_rtde_gripper_commands:/home/alberto/Documents/kia_gd_ws/install/ur_ros_rtde_msgs:/home/alberto/Documents/kia_gd_ws/install/ur:/home/alberto/Documents/kia_gd_ws/install/ur_calibration:/home/alberto/Documents/kia_gd_ws/install/ur_robot_driver:/home/alberto/Documents/kia_gd_ws/install/ur_moveit_config:/home/alberto/Documents/kia_gd_ws/install/ur_bringup:/home/alberto/Documents/kia_gd_ws/install/ur_controllers:/home/alberto/Documents/kia_gd_ws/install/ur_dashboard_msgs:/home/alberto/Documents/kia_gd_ws/install/simple_ur10e_moveit_config:/home/alberto/Documents/kia_gd_ws/install/simple_ur10e_description:/home/alberto/Documents/kia_gd_ws/install/kia_gd:/home/alberto/Documents/sub_alberto/install/uuv_visualization:/home/alberto/Documents/sub_alberto/install/uuv_vision:/home/alberto/Documents/sub_alberto/install/uuv_navigation:/home/alberto/Documents/sub_alberto/install/uuv_mission:/home/alberto/Documents/sub_alberto/install/uuv_master:/home/alberto/Documents/sub_alberto/install/uuv_control:/home/alberto/install/vectornav:/home/alberto/install/vectornav_msgs:/home/alberto/install/uuv_teleop:/home/alberto/install/uuv_description:/home/alberto/install/sub:/home/alberto/install/pid:/home/alberto/Documents/kia_gd_ws/install/ros_tcp_endpoint:/home/alberto/ros2_ws/install/docker_test:/opt/ros/humble:/home/alberto/install/catkin:/home/alberto/ros2_ws/install/sub:/home/alberto/ros2_ws/install/pid:/home/alberto/ros2_ws/install/catkin:/home/alberto/uuv/install/uuv /usr/bin/cmake --build /home/alberto/Documents/kia_gd_ws/build/ur_ros_rtde_simple_clients -- -j8 -l8
[0.249s] DEBUG:colcon.colcon_core.event_handler.log_command:Invoking command in '/home/alberto/Documents/kia_gd_ws/build/simple_ur10e_description': CMAKE_PREFIX_PATH=/home/alberto/Documents/kia_gd_ws/install/ur_ros_rtde_tutorials:/home/alberto/Documents/kia_gd_ws/install/ur_ros_rtde:/home/alberto/Documents/kia_gd_ws/install/ur_ros_rtde_simple_clients:/home/alberto/Documents/kia_gd_ws/install/ur_ros_rtde_gripper_commands:/home/alberto/Documents/kia_gd_ws/install/ur_ros_rtde_msgs:/home/alberto/Documents/kia_gd_ws/install/ur:/home/alberto/Documents/kia_gd_ws/install/ur_calibration:/home/alberto/Documents/kia_gd_ws/install/ur_robot_driver:/home/alberto/Documents/kia_gd_ws/install/ur_moveit_config:/home/alberto/Documents/kia_gd_ws/install/ur_bringup:/home/alberto/Documents/kia_gd_ws/install/ur_controllers:/home/alberto/Documents/kia_gd_ws/install/ur_dashboard_msgs:/home/alberto/Documents/kia_gd_ws/install/simple_ur10e_moveit_config:/home/alberto/Documents/kia_gd_ws/install/simple_ur10e_description:/home/alberto/Documents/kia_gd_ws/install/kia_gd:/home/alberto/Documents/sub_alberto/install/uuv_visualization:/home/alberto/Documents/sub_alberto/install/uuv_vision:/home/alberto/Documents/sub_alberto/install/uuv_navigation:/home/alberto/Documents/sub_alberto/install/uuv_mission:/home/alberto/Documents/sub_alberto/install/uuv_master:/home/alberto/Documents/sub_alberto/install/uuv_control:/home/alberto/install/vectornav:/home/alberto/install/vectornav_msgs:/home/alberto/install/uuv_teleop:/home/alberto/install/uuv_description:/home/alberto/install/sub:/home/alberto/install/pid:/home/alberto/Documents/kia_gd_ws/install/ros_tcp_endpoint:/home/alberto/ros2_ws/install/docker_test:/opt/ros/humble:/home/alberto/install/catkin:/home/alberto/ros2_ws/install/sub:/home/alberto/ros2_ws/install/pid:/home/alberto/ros2_ws/install/catkin:/home/alberto/uuv/install/uuv /usr/bin/cmake --build /home/alberto/Documents/kia_gd_ws/build/simple_ur10e_description -- -j8 -l8
[0.252s] DEBUG:colcon.colcon_core.event_handler.log_command:Invoking command in '/home/alberto/Documents/kia_gd_ws/build/kia_gd': CMAKE_PREFIX_PATH=/home/alberto/Documents/kia_gd_ws/install/ur_ros_rtde_tutorials:/home/alberto/Documents/kia_gd_ws/install/ur_ros_rtde:/home/alberto/Documents/kia_gd_ws/install/ur_ros_rtde_simple_clients:/home/alberto/Documents/kia_gd_ws/install/ur_ros_rtde_gripper_commands:/home/alberto/Documents/kia_gd_ws/install/ur_ros_rtde_msgs:/home/alberto/Documents/kia_gd_ws/install/ur:/home/alberto/Documents/kia_gd_ws/install/ur_calibration:/home/alberto/Documents/kia_gd_ws/install/ur_robot_driver:/home/alberto/Documents/kia_gd_ws/install/ur_moveit_config:/home/alberto/Documents/kia_gd_ws/install/ur_bringup:/home/alberto/Documents/kia_gd_ws/install/ur_controllers:/home/alberto/Documents/kia_gd_ws/install/ur_dashboard_msgs:/home/alberto/Documents/kia_gd_ws/install/simple_ur10e_moveit_config:/home/alberto/Documents/kia_gd_ws/install/simple_ur10e_description:/home/alberto/Documents/kia_gd_ws/install/kia_gd:/home/alberto/Documents/sub_alberto/install/uuv_visualization:/home/alberto/Documents/sub_alberto/install/uuv_vision:/home/alberto/Documents/sub_alberto/install/uuv_navigation:/home/alberto/Documents/sub_alberto/install/uuv_mission:/home/alberto/Documents/sub_alberto/install/uuv_master:/home/alberto/Documents/sub_alberto/install/uuv_control:/home/alberto/install/vectornav:/home/alberto/install/vectornav_msgs:/home/alberto/install/uuv_teleop:/home/alberto/install/uuv_description:/home/alberto/install/sub:/home/alberto/install/pid:/home/alberto/Documents/kia_gd_ws/install/ros_tcp_endpoint:/home/alberto/ros2_ws/install/docker_test:/opt/ros/humble:/home/alberto/install/catkin:/home/alberto/ros2_ws/install/sub:/home/alberto/ros2_ws/install/pid:/home/alberto/ros2_ws/install/catkin:/home/alberto/uuv/install/uuv /usr/bin/cmake --build /home/alberto/Documents/kia_gd_ws/build/kia_gd -- -j8 -l8
[0.467s] INFO:colcon.colcon_core.task.python.build:Building Python package in '/home/alberto/Documents/kia_gd_ws/src/ROS-TCP-Endpoint'
[0.467s] INFO:colcon.colcon_core.shell:Skip shell extension 'powershell' for command environment: Not usable outside of PowerShell
[0.467s] DEBUG:colcon.colcon_core.shell:Skip shell extension 'dsv' for command environment
[0.476s] DEBUG:colcon.colcon_core.event_handler.log_command:Invoked command in '/home/alberto/Documents/kia_gd_ws/build/kia_gd' returned '0': CMAKE_PREFIX_PATH=/home/alberto/Documents/kia_gd_ws/install/ur_ros_rtde_tutorials:/home/alberto/Documents/kia_gd_ws/install/ur_ros_rtde:/home/alberto/Documents/kia_gd_ws/install/ur_ros_rtde_simple_clients:/home/alberto/Documents/kia_gd_ws/install/ur_ros_rtde_gripper_commands:/home/alberto/Documents/kia_gd_ws/install/ur_ros_rtde_msgs:/home/alberto/Documents/kia_gd_ws/install/ur:/home/alberto/Documents/kia_gd_ws/install/ur_calibration:/home/alberto/Documents/kia_gd_ws/install/ur_robot_driver:/home/alberto/Documents/kia_gd_ws/install/ur_moveit_config:/home/alberto/Documents/kia_gd_ws/install/ur_bringup:/home/alberto/Documents/kia_gd_ws/install/ur_controllers:/home/alberto/Documents/kia_gd_ws/install/ur_dashboard_msgs:/home/alberto/Documents/kia_gd_ws/install/simple_ur10e_moveit_config:/home/alberto/Documents/kia_gd_ws/install/simple_ur10e_description:/home/alberto/Documents/kia_gd_ws/install/kia_gd:/home/alberto/Documents/sub_alberto/install/uuv_visualization:/home/alberto/Documents/sub_alberto/install/uuv_vision:/home/alberto/Documents/sub_alberto/install/uuv_navigation:/home/alberto/Documents/sub_alberto/install/uuv_mission:/home/alberto/Documents/sub_alberto/install/uuv_master:/home/alberto/Documents/sub_alberto/install/uuv_control:/home/alberto/install/vectornav:/home/alberto/install/vectornav_msgs:/home/alberto/install/uuv_teleop:/home/alberto/install/uuv_description:/home/alberto/install/sub:/home/alberto/install/pid:/home/alberto/Documents/kia_gd_ws/install/ros_tcp_endpoint:/home/alberto/ros2_ws/install/docker_test:/opt/ros/humble:/home/alberto/install/catkin:/home/alberto/ros2_ws/install/sub:/home/alberto/ros2_ws/install/pid:/home/alberto/ros2_ws/install/catkin:/home/alberto/uuv/install/uuv /usr/bin/cmake --build /home/alberto/Documents/kia_gd_ws/build/kia_gd -- -j8 -l8
[0.487s] DEBUG:colcon.colcon_core.event_handler.log_command:Invoking command in '/home/alberto/Documents/kia_gd_ws/build/kia_gd': CMAKE_PREFIX_PATH=/home/alberto/Documents/kia_gd_ws/install/ur_ros_rtde_tutorials:/home/alberto/Documents/kia_gd_ws/install/ur_ros_rtde:/home/alberto/Documents/kia_gd_ws/install/ur_ros_rtde_simple_clients:/home/alberto/Documents/kia_gd_ws/install/ur_ros_rtde_gripper_commands:/home/alberto/Documents/kia_gd_ws/install/ur_ros_rtde_msgs:/home/alberto/Documents/kia_gd_ws/install/ur:/home/alberto/Documents/kia_gd_ws/install/ur_calibration:/home/alberto/Documents/kia_gd_ws/install/ur_robot_driver:/home/alberto/Documents/kia_gd_ws/install/ur_moveit_config:/home/alberto/Documents/kia_gd_ws/install/ur_bringup:/home/alberto/Documents/kia_gd_ws/install/ur_controllers:/home/alberto/Documents/kia_gd_ws/install/ur_dashboard_msgs:/home/alberto/Documents/kia_gd_ws/install/simple_ur10e_moveit_config:/home/alberto/Documents/kia_gd_ws/install/simple_ur10e_description:/home/alberto/Documents/kia_gd_ws/install/kia_gd:/home/alberto/Documents/sub_alberto/install/uuv_visualization:/home/alberto/Documents/sub_alberto/install/uuv_vision:/home/alberto/Documents/sub_alberto/install/uuv_navigation:/home/alberto/Documents/sub_alberto/install/uuv_mission:/home/alberto/Documents/sub_alberto/install/uuv_master:/home/alberto/Documents/sub_alberto/install/uuv_control:/home/alberto/install/vectornav:/home/alberto/install/vectornav_msgs:/home/alberto/install/uuv_teleop:/home/alberto/install/uuv_description:/home/alberto/install/sub:/home/alberto/install/pid:/home/alberto/Documents/kia_gd_ws/install/ros_tcp_endpoint:/home/alberto/ros2_ws/install/docker_test:/opt/ros/humble:/home/alberto/install/catkin:/home/alberto/ros2_ws/install/sub:/home/alberto/ros2_ws/install/pid:/home/alberto/ros2_ws/install/catkin:/home/alberto/uuv/install/uuv /usr/bin/cmake --install /home/alberto/Documents/kia_gd_ws/build/kia_gd
[0.490s] DEBUG:colcon.colcon_core.event_handler.log_command:Invoked command in '/home/alberto/Documents/kia_gd_ws/build/simple_ur10e_description' returned '0': CMAKE_PREFIX_PATH=/home/alberto/Documents/kia_gd_ws/install/ur_ros_rtde_tutorials:/home/alberto/Documents/kia_gd_ws/install/ur_ros_rtde:/home/alberto/Documents/kia_gd_ws/install/ur_ros_rtde_simple_clients:/home/alberto/Documents/kia_gd_ws/install/ur_ros_rtde_gripper_commands:/home/alberto/Documents/kia_gd_ws/install/ur_ros_rtde_msgs:/home/alberto/Documents/kia_gd_ws/install/ur:/home/alberto/Documents/kia_gd_ws/install/ur_calibration:/home/alberto/Documents/kia_gd_ws/install/ur_robot_driver:/home/alberto/Documents/kia_gd_ws/install/ur_moveit_config:/home/alberto/Documents/kia_gd_ws/install/ur_bringup:/home/alberto/Documents/kia_gd_ws/install/ur_controllers:/home/alberto/Documents/kia_gd_ws/install/ur_dashboard_msgs:/home/alberto/Documents/kia_gd_ws/install/simple_ur10e_moveit_config:/home/alberto/Documents/kia_gd_ws/install/simple_ur10e_description:/home/alberto/Documents/kia_gd_ws/install/kia_gd:/home/alberto/Documents/sub_alberto/install/uuv_visualization:/home/alberto/Documents/sub_alberto/install/uuv_vision:/home/alberto/Documents/sub_alberto/install/uuv_navigation:/home/alberto/Documents/sub_alberto/install/uuv_mission:/home/alberto/Documents/sub_alberto/install/uuv_master:/home/alberto/Documents/sub_alberto/install/uuv_control:/home/alberto/install/vectornav:/home/alberto/install/vectornav_msgs:/home/alberto/install/uuv_teleop:/home/alberto/install/uuv_description:/home/alberto/install/sub:/home/alberto/install/pid:/home/alberto/Documents/kia_gd_ws/install/ros_tcp_endpoint:/home/alberto/ros2_ws/install/docker_test:/opt/ros/humble:/home/alberto/install/catkin:/home/alberto/ros2_ws/install/sub:/home/alberto/ros2_ws/install/pid:/home/alberto/ros2_ws/install/catkin:/home/alberto/uuv/install/uuv /usr/bin/cmake --build /home/alberto/Documents/kia_gd_ws/build/simple_ur10e_description -- -j8 -l8
[0.491s] DEBUG:colcon.colcon_core.event_handler.log_command:Invoking command in '/home/alberto/Documents/kia_gd_ws/build/simple_ur10e_description': CMAKE_PREFIX_PATH=/home/alberto/Documents/kia_gd_ws/install/ur_ros_rtde_tutorials:/home/alberto/Documents/kia_gd_ws/install/ur_ros_rtde:/home/alberto/Documents/kia_gd_ws/install/ur_ros_rtde_simple_clients:/home/alberto/Documents/kia_gd_ws/install/ur_ros_rtde_gripper_commands:/home/alberto/Documents/kia_gd_ws/install/ur_ros_rtde_msgs:/home/alberto/Documents/kia_gd_ws/install/ur:/home/alberto/Documents/kia_gd_ws/install/ur_calibration:/home/alberto/Documents/kia_gd_ws/install/ur_robot_driver:/home/alberto/Documents/kia_gd_ws/install/ur_moveit_config:/home/alberto/Documents/kia_gd_ws/install/ur_bringup:/home/alberto/Documents/kia_gd_ws/install/ur_controllers:/home/alberto/Documents/kia_gd_ws/install/ur_dashboard_msgs:/home/alberto/Documents/kia_gd_ws/install/simple_ur10e_moveit_config:/home/alberto/Documents/kia_gd_ws/install/simple_ur10e_description:/home/alberto/Documents/kia_gd_ws/install/kia_gd:/home/alberto/Documents/sub_alberto/install/uuv_visualization:/home/alberto/Documents/sub_alberto/install/uuv_vision:/home/alberto/Documents/sub_alberto/install/uuv_navigation:/home/alberto/Documents/sub_alberto/install/uuv_mission:/home/alberto/Documents/sub_alberto/install/uuv_master:/home/alberto/Documents/sub_alberto/install/uuv_control:/home/alberto/install/vectornav:/home/alberto/install/vectornav_msgs:/home/alberto/install/uuv_teleop:/home/alberto/install/uuv_description:/home/alberto/install/sub:/home/alberto/install/pid:/home/alberto/Documents/kia_gd_ws/install/ros_tcp_endpoint:/home/alberto/ros2_ws/install/docker_test:/opt/ros/humble:/home/alberto/install/catkin:/home/alberto/ros2_ws/install/sub:/home/alberto/ros2_ws/install/pid:/home/alberto/ros2_ws/install/catkin:/home/alberto/uuv/install/uuv /usr/bin/cmake --install /home/alberto/Documents/kia_gd_ws/build/simple_ur10e_description
[0.495s] DEBUG:colcon.colcon_core.event_handler.log_command:Invoked command in '/home/alberto/Documents/kia_gd_ws/build/ur_ros_rtde_simple_clients' returned '0': CMAKE_PREFIX_PATH=/home/alberto/Documents/kia_gd_ws/install/ur_ros_rtde_tutorials:/home/alberto/Documents/kia_gd_ws/install/ur_ros_rtde:/home/alberto/Documents/kia_gd_ws/install/ur_ros_rtde_simple_clients:/home/alberto/Documents/kia_gd_ws/install/ur_ros_rtde_gripper_commands:/home/alberto/Documents/kia_gd_ws/install/ur_ros_rtde_msgs:/home/alberto/Documents/kia_gd_ws/install/ur:/home/alberto/Documents/kia_gd_ws/install/ur_calibration:/home/alberto/Documents/kia_gd_ws/install/ur_robot_driver:/home/alberto/Documents/kia_gd_ws/install/ur_moveit_config:/home/alberto/Documents/kia_gd_ws/install/ur_bringup:/home/alberto/Documents/kia_gd_ws/install/ur_controllers:/home/alberto/Documents/kia_gd_ws/install/ur_dashboard_msgs:/home/alberto/Documents/kia_gd_ws/install/simple_ur10e_moveit_config:/home/alberto/Documents/kia_gd_ws/install/simple_ur10e_description:/home/alberto/Documents/kia_gd_ws/install/kia_gd:/home/alberto/Documents/sub_alberto/install/uuv_visualization:/home/alberto/Documents/sub_alberto/install/uuv_vision:/home/alberto/Documents/sub_alberto/install/uuv_navigation:/home/alberto/Documents/sub_alberto/install/uuv_mission:/home/alberto/Documents/sub_alberto/install/uuv_master:/home/alberto/Documents/sub_alberto/install/uuv_control:/home/alberto/install/vectornav:/home/alberto/install/vectornav_msgs:/home/alberto/install/uuv_teleop:/home/alberto/install/uuv_description:/home/alberto/install/sub:/home/alberto/install/pid:/home/alberto/Documents/kia_gd_ws/install/ros_tcp_endpoint:/home/alberto/ros2_ws/install/docker_test:/opt/ros/humble:/home/alberto/install/catkin:/home/alberto/ros2_ws/install/sub:/home/alberto/ros2_ws/install/pid:/home/alberto/ros2_ws/install/catkin:/home/alberto/uuv/install/uuv /usr/bin/cmake --build /home/alberto/Documents/kia_gd_ws/build/ur_ros_rtde_simple_clients -- -j8 -l8
[0.495s] DEBUG:colcon.colcon_core.event_handler.log_command:Invoking command in '/home/alberto/Documents/kia_gd_ws/build/ur_ros_rtde_simple_clients': CMAKE_PREFIX_PATH=/home/alberto/Documents/kia_gd_ws/install/ur_ros_rtde_tutorials:/home/alberto/Documents/kia_gd_ws/install/ur_ros_rtde:/home/alberto/Documents/kia_gd_ws/install/ur_ros_rtde_simple_clients:/home/alberto/Documents/kia_gd_ws/install/ur_ros_rtde_gripper_commands:/home/alberto/Documents/kia_gd_ws/install/ur_ros_rtde_msgs:/home/alberto/Documents/kia_gd_ws/install/ur:/home/alberto/Documents/kia_gd_ws/install/ur_calibration:/home/alberto/Documents/kia_gd_ws/install/ur_robot_driver:/home/alberto/Documents/kia_gd_ws/install/ur_moveit_config:/home/alberto/Documents/kia_gd_ws/install/ur_bringup:/home/alberto/Documents/kia_gd_ws/install/ur_controllers:/home/alberto/Documents/kia_gd_ws/install/ur_dashboard_msgs:/home/alberto/Documents/kia_gd_ws/install/simple_ur10e_moveit_config:/home/alberto/Documents/kia_gd_ws/install/simple_ur10e_description:/home/alberto/Documents/kia_gd_ws/install/kia_gd:/home/alberto/Documents/sub_alberto/install/uuv_visualization:/home/alberto/Documents/sub_alberto/install/uuv_vision:/home/alberto/Documents/sub_alberto/install/uuv_navigation:/home/alberto/Documents/sub_alberto/install/uuv_mission:/home/alberto/Documents/sub_alberto/install/uuv_master:/home/alberto/Documents/sub_alberto/install/uuv_control:/home/alberto/install/vectornav:/home/alberto/install/vectornav_msgs:/home/alberto/install/uuv_teleop:/home/alberto/install/uuv_description:/home/alberto/install/sub:/home/alberto/install/pid:/home/alberto/Documents/kia_gd_ws/install/ros_tcp_endpoint:/home/alberto/ros2_ws/install/docker_test:/opt/ros/humble:/home/alberto/install/catkin:/home/alberto/ros2_ws/install/sub:/home/alberto/ros2_ws/install/pid:/home/alberto/ros2_ws/install/catkin:/home/alberto/uuv/install/uuv /usr/bin/cmake --install /home/alberto/Documents/kia_gd_ws/build/ur_ros_rtde_simple_clients
[0.507s] Level 1:colcon.colcon_core.environment:create_environment_scripts_only(simple_ur10e_description)
[0.524s] DEBUG:colcon.colcon_core.event_handler.log_command:Invoked command in '/home/alberto/Documents/kia_gd_ws/build/simple_ur10e_description' returned '0': CMAKE_PREFIX_PATH=/home/alberto/Documents/kia_gd_ws/install/ur_ros_rtde_tutorials:/home/alberto/Documents/kia_gd_ws/install/ur_ros_rtde:/home/alberto/Documents/kia_gd_ws/install/ur_ros_rtde_simple_clients:/home/alberto/Documents/kia_gd_ws/install/ur_ros_rtde_gripper_commands:/home/alberto/Documents/kia_gd_ws/install/ur_ros_rtde_msgs:/home/alberto/Documents/kia_gd_ws/install/ur:/home/alberto/Documents/kia_gd_ws/install/ur_calibration:/home/alberto/Documents/kia_gd_ws/install/ur_robot_driver:/home/alberto/Documents/kia_gd_ws/install/ur_moveit_config:/home/alberto/Documents/kia_gd_ws/install/ur_bringup:/home/alberto/Documents/kia_gd_ws/install/ur_controllers:/home/alberto/Documents/kia_gd_ws/install/ur_dashboard_msgs:/home/alberto/Documents/kia_gd_ws/install/simple_ur10e_moveit_config:/home/alberto/Documents/kia_gd_ws/install/simple_ur10e_description:/home/alberto/Documents/kia_gd_ws/install/kia_gd:/home/alberto/Documents/sub_alberto/install/uuv_visualization:/home/alberto/Documents/sub_alberto/install/uuv_vision:/home/alberto/Documents/sub_alberto/install/uuv_navigation:/home/alberto/Documents/sub_alberto/install/uuv_mission:/home/alberto/Documents/sub_alberto/install/uuv_master:/home/alberto/Documents/sub_alberto/install/uuv_control:/home/alberto/install/vectornav:/home/alberto/install/vectornav_msgs:/home/alberto/install/uuv_teleop:/home/alberto/install/uuv_description:/home/alberto/install/sub:/home/alberto/install/pid:/home/alberto/Documents/kia_gd_ws/install/ros_tcp_endpoint:/home/alberto/ros2_ws/install/docker_test:/opt/ros/humble:/home/alberto/install/catkin:/home/alberto/ros2_ws/install/sub:/home/alberto/ros2_ws/install/pid:/home/alberto/ros2_ws/install/catkin:/home/alberto/uuv/install/uuv /usr/bin/cmake --install /home/alberto/Documents/kia_gd_ws/build/simple_ur10e_description
[0.526s] Level 1:colcon.colcon_core.environment:checking '/home/alberto/Documents/kia_gd_ws/install/simple_ur10e_description' for CMake module files
[0.526s] Level 1:colcon.colcon_core.environment:checking '/home/alberto/Documents/kia_gd_ws/install/simple_ur10e_description' for CMake config files
[0.527s] Level 1:colcon.colcon_core.shell:create_environment_hook('simple_ur10e_description', 'cmake_prefix_path')
[0.527s] INFO:colcon.colcon_core.shell:Creating environment hook '/home/alberto/Documents/kia_gd_ws/install/simple_ur10e_description/share/simple_ur10e_description/hook/cmake_prefix_path.ps1'
[0.527s] INFO:colcon.colcon_core.shell:Creating environment descriptor '/home/alberto/Documents/kia_gd_ws/install/simple_ur10e_description/share/simple_ur10e_description/hook/cmake_prefix_path.dsv'
[0.527s] INFO:colcon.colcon_core.shell:Creating environment hook '/home/alberto/Documents/kia_gd_ws/install/simple_ur10e_description/share/simple_ur10e_description/hook/cmake_prefix_path.sh'
[0.528s] Level 1:colcon.colcon_core.environment:checking '/home/alberto/Documents/kia_gd_ws/install/simple_ur10e_description/bin'
[0.528s] Level 1:colcon.colcon_core.environment:checking '/home/alberto/Documents/kia_gd_ws/install/simple_ur10e_description/lib/pkgconfig/simple_ur10e_description.pc'
[0.528s] Level 1:colcon.colcon_core.environment:checking '/home/alberto/Documents/kia_gd_ws/install/simple_ur10e_description/lib/python3.10/site-packages'
[0.528s] Level 1:colcon.colcon_core.environment:checking '/home/alberto/Documents/kia_gd_ws/install/simple_ur10e_description/bin'
[0.529s] INFO:colcon.colcon_core.shell:Creating package script '/home/alberto/Documents/kia_gd_ws/install/simple_ur10e_description/share/simple_ur10e_description/package.ps1'
[0.529s] INFO:colcon.colcon_core.shell:Creating package descriptor '/home/alberto/Documents/kia_gd_ws/install/simple_ur10e_description/share/simple_ur10e_description/package.dsv'
[0.530s] INFO:colcon.colcon_core.shell:Creating package script '/home/alberto/Documents/kia_gd_ws/install/simple_ur10e_description/share/simple_ur10e_description/package.sh'
[0.530s] INFO:colcon.colcon_core.shell:Creating package script '/home/alberto/Documents/kia_gd_ws/install/simple_ur10e_description/share/simple_ur10e_description/package.bash'
[0.531s] INFO:colcon.colcon_core.shell:Creating package script '/home/alberto/Documents/kia_gd_ws/install/simple_ur10e_description/share/simple_ur10e_description/package.zsh'
[0.531s] Level 1:colcon.colcon_core.environment:create_file_with_runtime_dependencies(/home/alberto/Documents/kia_gd_ws/install/simple_ur10e_description/share/colcon-core/packages/simple_ur10e_description)
[0.532s] Level 1:colcon.colcon_core.environment:create_environment_scripts_only(simple_ur10e_description)
[0.532s] Level 1:colcon.colcon_core.environment:checking '/home/alberto/Documents/kia_gd_ws/install/simple_ur10e_description' for CMake module files
[0.532s] Level 1:colcon.colcon_core.environment:checking '/home/alberto/Documents/kia_gd_ws/install/simple_ur10e_description' for CMake config files
[0.532s] Level 1:colcon.colcon_core.shell:create_environment_hook('simple_ur10e_description', 'cmake_prefix_path')
[0.532s] INFO:colcon.colcon_core.shell:Creating environment hook '/home/alberto/Documents/kia_gd_ws/install/simple_ur10e_description/share/simple_ur10e_description/hook/cmake_prefix_path.ps1'
[0.533s] INFO:colcon.colcon_core.shell:Creating environment descriptor '/home/alberto/Documents/kia_gd_ws/install/simple_ur10e_description/share/simple_ur10e_description/hook/cmake_prefix_path.dsv'
[0.533s] INFO:colcon.colcon_core.shell:Creating environment hook '/home/alberto/Documents/kia_gd_ws/install/simple_ur10e_description/share/simple_ur10e_description/hook/cmake_prefix_path.sh'
[0.533s] Level 1:colcon.colcon_core.environment:checking '/home/alberto/Documents/kia_gd_ws/install/simple_ur10e_description/bin'
[0.533s] Level 1:colcon.colcon_core.environment:checking '/home/alberto/Documents/kia_gd_ws/install/simple_ur10e_description/lib/pkgconfig/simple_ur10e_description.pc'
[0.534s] Level 1:colcon.colcon_core.environment:checking '/home/alberto/Documents/kia_gd_ws/install/simple_ur10e_description/lib/python3.10/site-packages'
[0.534s] Level 1:colcon.colcon_core.environment:checking '/home/alberto/Documents/kia_gd_ws/install/simple_ur10e_description/bin'
[0.534s] INFO:colcon.colcon_core.shell:Creating package script '/home/alberto/Documents/kia_gd_ws/install/simple_ur10e_description/share/simple_ur10e_description/package.ps1'
[0.534s] INFO:colcon.colcon_core.shell:Creating package descriptor '/home/alberto/Documents/kia_gd_ws/install/simple_ur10e_description/share/simple_ur10e_description/package.dsv'
[0.535s] INFO:colcon.colcon_core.shell:Creating package script '/home/alberto/Documents/kia_gd_ws/install/simple_ur10e_description/share/simple_ur10e_description/package.sh'
[0.535s] INFO:colcon.colcon_core.shell:Creating package script '/home/alberto/Documents/kia_gd_ws/install/simple_ur10e_description/share/simple_ur10e_description/package.bash'
[0.535s] INFO:colcon.colcon_core.shell:Creating package script '/home/alberto/Documents/kia_gd_ws/install/simple_ur10e_description/share/simple_ur10e_description/package.zsh'
[0.536s] Level 1:colcon.colcon_core.environment:create_file_with_runtime_dependencies(/home/alberto/Documents/kia_gd_ws/install/simple_ur10e_description/share/colcon-core/packages/simple_ur10e_description)
[0.536s] INFO:colcon.colcon_ros.task.ament_cmake.build:Building ROS package in '/home/alberto/Documents/kia_gd_ws/src/ur_ros_rtde/simple_ur10e_moveit_config' with build type 'ament_cmake'
[0.536s] INFO:colcon.colcon_cmake.task.cmake.build:Building CMake package in '/home/alberto/Documents/kia_gd_ws/src/ur_ros_rtde/simple_ur10e_moveit_config'
[0.536s] INFO:colcon.colcon_core.shell:Skip shell extension 'powershell' for command environment: Not usable outside of PowerShell
[0.537s] DEBUG:colcon.colcon_core.shell:Skip shell extension 'dsv' for command environment
[0.542s] Level 1:colcon.colcon_core.environment:create_environment_scripts_only(ur_ros_rtde_simple_clients)
[0.542s] Level 1:colcon.colcon_core.environment:checking '/home/alberto/Documents/kia_gd_ws/install/ur_ros_rtde_simple_clients' for CMake module files
[0.543s] DEBUG:colcon.colcon_core.event_handler.log_command:Invoked command in '/home/alberto/Documents/kia_gd_ws/build/ur_ros_rtde_simple_clients' returned '0': CMAKE_PREFIX_PATH=/home/alberto/Documents/kia_gd_ws/install/ur_ros_rtde_tutorials:/home/alberto/Documents/kia_gd_ws/install/ur_ros_rtde:/home/alberto/Documents/kia_gd_ws/install/ur_ros_rtde_simple_clients:/home/alberto/Documents/kia_gd_ws/install/ur_ros_rtde_gripper_commands:/home/alberto/Documents/kia_gd_ws/install/ur_ros_rtde_msgs:/home/alberto/Documents/kia_gd_ws/install/ur:/home/alberto/Documents/kia_gd_ws/install/ur_calibration:/home/alberto/Documents/kia_gd_ws/install/ur_robot_driver:/home/alberto/Documents/kia_gd_ws/install/ur_moveit_config:/home/alberto/Documents/kia_gd_ws/install/ur_bringup:/home/alberto/Documents/kia_gd_ws/install/ur_controllers:/home/alberto/Documents/kia_gd_ws/install/ur_dashboard_msgs:/home/alberto/Documents/kia_gd_ws/install/simple_ur10e_moveit_config:/home/alberto/Documents/kia_gd_ws/install/simple_ur10e_description:/home/alberto/Documents/kia_gd_ws/install/kia_gd:/home/alberto/Documents/sub_alberto/install/uuv_visualization:/home/alberto/Documents/sub_alberto/install/uuv_vision:/home/alberto/Documents/sub_alberto/install/uuv_navigation:/home/alberto/Documents/sub_alberto/install/uuv_mission:/home/alberto/Documents/sub_alberto/install/uuv_master:/home/alberto/Documents/sub_alberto/install/uuv_control:/home/alberto/install/vectornav:/home/alberto/install/vectornav_msgs:/home/alberto/install/uuv_teleop:/home/alberto/install/uuv_description:/home/alberto/install/sub:/home/alberto/install/pid:/home/alberto/Documents/kia_gd_ws/install/ros_tcp_endpoint:/home/alberto/ros2_ws/install/docker_test:/opt/ros/humble:/home/alberto/install/catkin:/home/alberto/ros2_ws/install/sub:/home/alberto/ros2_ws/install/pid:/home/alberto/ros2_ws/install/catkin:/home/alberto/uuv/install/uuv /usr/bin/cmake --install /home/alberto/Documents/kia_gd_ws/build/ur_ros_rtde_simple_clients
[0.543s] Level 1:colcon.colcon_core.environment:checking '/home/alberto/Documents/kia_gd_ws/install/ur_ros_rtde_simple_clients' for CMake config files
[0.544s] Level 1:colcon.colcon_core.shell:create_environment_hook('ur_ros_rtde_simple_clients', 'cmake_prefix_path')
[0.544s] INFO:colcon.colcon_core.shell:Creating environment hook '/home/alberto/Documents/kia_gd_ws/install/ur_ros_rtde_simple_clients/share/ur_ros_rtde_simple_clients/hook/cmake_prefix_path.ps1'
[0.544s] INFO:colcon.colcon_core.shell:Creating environment descriptor '/home/alberto/Documents/kia_gd_ws/install/ur_ros_rtde_simple_clients/share/ur_ros_rtde_simple_clients/hook/cmake_prefix_path.dsv'
[0.545s] INFO:colcon.colcon_core.shell:Creating environment hook '/home/alberto/Documents/kia_gd_ws/install/ur_ros_rtde_simple_clients/share/ur_ros_rtde_simple_clients/hook/cmake_prefix_path.sh'
[0.545s] Level 1:colcon.colcon_core.environment:checking '/home/alberto/Documents/kia_gd_ws/install/ur_ros_rtde_simple_clients/bin'
[0.545s] Level 1:colcon.colcon_core.environment:checking '/home/alberto/Documents/kia_gd_ws/install/ur_ros_rtde_simple_clients/lib/pkgconfig/ur_ros_rtde_simple_clients.pc'
[0.545s] Level 1:colcon.colcon_core.environment:checking '/home/alberto/Documents/kia_gd_ws/install/ur_ros_rtde_simple_clients/lib/python3.10/site-packages'
[0.546s] Level 1:colcon.colcon_core.environment:checking '/home/alberto/Documents/kia_gd_ws/install/ur_ros_rtde_simple_clients/bin'
[0.546s] INFO:colcon.colcon_core.shell:Creating package script '/home/alberto/Documents/kia_gd_ws/install/ur_ros_rtde_simple_clients/share/ur_ros_rtde_simple_clients/package.ps1'
[0.546s] INFO:colcon.colcon_core.shell:Creating package descriptor '/home/alberto/Documents/kia_gd_ws/install/ur_ros_rtde_simple_clients/share/ur_ros_rtde_simple_clients/package.dsv'
[0.547s] INFO:colcon.colcon_core.shell:Creating package script '/home/alberto/Documents/kia_gd_ws/install/ur_ros_rtde_simple_clients/share/ur_ros_rtde_simple_clients/package.sh'
[0.547s] INFO:colcon.colcon_core.shell:Creating package script '/home/alberto/Documents/kia_gd_ws/install/ur_ros_rtde_simple_clients/share/ur_ros_rtde_simple_clients/package.bash'
[0.547s] INFO:colcon.colcon_core.shell:Creating package script '/home/alberto/Documents/kia_gd_ws/install/ur_ros_rtde_simple_clients/share/ur_ros_rtde_simple_clients/package.zsh'
[0.548s] Level 1:colcon.colcon_core.environment:create_file_with_runtime_dependencies(/home/alberto/Documents/kia_gd_ws/install/ur_ros_rtde_simple_clients/share/colcon-core/packages/ur_ros_rtde_simple_clients)
[0.548s] Level 1:colcon.colcon_core.environment:create_environment_scripts_only(ur_ros_rtde_simple_clients)
[0.548s] Level 1:colcon.colcon_core.environment:checking '/home/alberto/Documents/kia_gd_ws/install/ur_ros_rtde_simple_clients' for CMake module files
[0.548s] Level 1:colcon.colcon_core.environment:checking '/home/alberto/Documents/kia_gd_ws/install/ur_ros_rtde_simple_clients' for CMake config files
[0.549s] Level 1:colcon.colcon_core.shell:create_environment_hook('ur_ros_rtde_simple_clients', 'cmake_prefix_path')
[0.549s] INFO:colcon.colcon_core.shell:Creating environment hook '/home/alberto/Documents/kia_gd_ws/install/ur_ros_rtde_simple_clients/share/ur_ros_rtde_simple_clients/hook/cmake_prefix_path.ps1'
[0.549s] INFO:colcon.colcon_core.shell:Creating environment descriptor '/home/alberto/Documents/kia_gd_ws/install/ur_ros_rtde_simple_clients/share/ur_ros_rtde_simple_clients/hook/cmake_prefix_path.dsv'
[0.549s] INFO:colcon.colcon_core.shell:Creating environment hook '/home/alberto/Documents/kia_gd_ws/install/ur_ros_rtde_simple_clients/share/ur_ros_rtde_simple_clients/hook/cmake_prefix_path.sh'
[0.550s] Level 1:colcon.colcon_core.environment:checking '/home/alberto/Documents/kia_gd_ws/install/ur_ros_rtde_simple_clients/bin'
[0.550s] Level 1:colcon.colcon_core.environment:checking '/home/alberto/Documents/kia_gd_ws/install/ur_ros_rtde_simple_clients/lib/pkgconfig/ur_ros_rtde_simple_clients.pc'
[0.550s] Level 1:colcon.colcon_core.environment:checking '/home/alberto/Documents/kia_gd_ws/install/ur_ros_rtde_simple_clients/lib/python3.10/site-packages'
[0.550s] Level 1:colcon.colcon_core.environment:checking '/home/alberto/Documents/kia_gd_ws/install/ur_ros_rtde_simple_clients/bin'
[0.551s] INFO:colcon.colcon_core.shell:Creating package script '/home/alberto/Documents/kia_gd_ws/install/ur_ros_rtde_simple_clients/share/ur_ros_rtde_simple_clients/package.ps1'
[0.551s] INFO:colcon.colcon_core.shell:Creating package descriptor '/home/alberto/Documents/kia_gd_ws/install/ur_ros_rtde_simple_clients/share/ur_ros_rtde_simple_clients/package.dsv'
[0.551s] INFO:colcon.colcon_core.shell:Creating package script '/home/alberto/Documents/kia_gd_ws/install/ur_ros_rtde_simple_clients/share/ur_ros_rtde_simple_clients/package.sh'
[0.552s] INFO:colcon.colcon_core.shell:Creating package script '/home/alberto/Documents/kia_gd_ws/install/ur_ros_rtde_simple_clients/share/ur_ros_rtde_simple_clients/package.bash'
[0.552s] INFO:colcon.colcon_core.shell:Creating package script '/home/alberto/Documents/kia_gd_ws/install/ur_ros_rtde_simple_clients/share/ur_ros_rtde_simple_clients/package.zsh'
[0.552s] Level 1:colcon.colcon_core.environment:create_file_with_runtime_dependencies(/home/alberto/Documents/kia_gd_ws/install/ur_ros_rtde_simple_clients/share/colcon-core/packages/ur_ros_rtde_simple_clients)
[0.553s] Level 1:colcon.colcon_core.environment:create_environment_scripts_only(kia_gd)
[0.553s] Level 1:colcon.colcon_core.environment:checking '/home/alberto/Documents/kia_gd_ws/install/kia_gd' for CMake module files
[0.554s] DEBUG:colcon.colcon_core.event_handler.log_command:Invoked command in '/home/alberto/Documents/kia_gd_ws/build/kia_gd' returned '0': CMAKE_PREFIX_PATH=/home/alberto/Documents/kia_gd_ws/install/ur_ros_rtde_tutorials:/home/alberto/Documents/kia_gd_ws/install/ur_ros_rtde:/home/alberto/Documents/kia_gd_ws/install/ur_ros_rtde_simple_clients:/home/alberto/Documents/kia_gd_ws/install/ur_ros_rtde_gripper_commands:/home/alberto/Documents/kia_gd_ws/install/ur_ros_rtde_msgs:/home/alberto/Documents/kia_gd_ws/install/ur:/home/alberto/Documents/kia_gd_ws/install/ur_calibration:/home/alberto/Documents/kia_gd_ws/install/ur_robot_driver:/home/alberto/Documents/kia_gd_ws/install/ur_moveit_config:/home/alberto/Documents/kia_gd_ws/install/ur_bringup:/home/alberto/Documents/kia_gd_ws/install/ur_controllers:/home/alberto/Documents/kia_gd_ws/install/ur_dashboard_msgs:/home/alberto/Documents/kia_gd_ws/install/simple_ur10e_moveit_config:/home/alberto/Documents/kia_gd_ws/install/simple_ur10e_description:/home/alberto/Documents/kia_gd_ws/install/kia_gd:/home/alberto/Documents/sub_alberto/install/uuv_visualization:/home/alberto/Documents/sub_alberto/install/uuv_vision:/home/alberto/Documents/sub_alberto/install/uuv_navigation:/home/alberto/Documents/sub_alberto/install/uuv_mission:/home/alberto/Documents/sub_alberto/install/uuv_master:/home/alberto/Documents/sub_alberto/install/uuv_control:/home/alberto/install/vectornav:/home/alberto/install/vectornav_msgs:/home/alberto/install/uuv_teleop:/home/alberto/install/uuv_description:/home/alberto/install/sub:/home/alberto/install/pid:/home/alberto/Documents/kia_gd_ws/install/ros_tcp_endpoint:/home/alberto/ros2_ws/install/docker_test:/opt/ros/humble:/home/alberto/install/catkin:/home/alberto/ros2_ws/install/sub:/home/alberto/ros2_ws/install/pid:/home/alberto/ros2_ws/install/catkin:/home/alberto/uuv/install/uuv /usr/bin/cmake --install /home/alberto/Documents/kia_gd_ws/build/kia_gd
[0.554s] Level 1:colcon.colcon_core.environment:checking '/home/alberto/Documents/kia_gd_ws/install/kia_gd' for CMake config files
[0.555s] Level 1:colcon.colcon_core.shell:create_environment_hook('kia_gd', 'cmake_prefix_path')
[0.555s] INFO:colcon.colcon_core.shell:Creating environment hook '/home/alberto/Documents/kia_gd_ws/install/kia_gd/share/kia_gd/hook/cmake_prefix_path.ps1'
[0.555s] INFO:colcon.colcon_core.shell:Creating environment descriptor '/home/alberto/Documents/kia_gd_ws/install/kia_gd/share/kia_gd/hook/cmake_prefix_path.dsv'
[0.556s] INFO:colcon.colcon_core.shell:Creating environment hook '/home/alberto/Documents/kia_gd_ws/install/kia_gd/share/kia_gd/hook/cmake_prefix_path.sh'
[0.556s] Level 1:colcon.colcon_core.environment:checking '/home/alberto/Documents/kia_gd_ws/install/kia_gd/lib'
[0.556s] Level 1:colcon.colcon_core.environment:checking '/home/alberto/Documents/kia_gd_ws/install/kia_gd/bin'
[0.556s] Level 1:colcon.colcon_core.environment:checking '/home/alberto/Documents/kia_gd_ws/install/kia_gd/lib/pkgconfig/kia_gd.pc'
[0.556s] Level 1:colcon.colcon_core.environment:checking '/home/alberto/Documents/kia_gd_ws/install/kia_gd/lib/python3.10/site-packages'
[0.557s] Level 1:colcon.colcon_core.environment:checking '/home/alberto/Documents/kia_gd_ws/install/kia_gd/bin'
[0.557s] INFO:colcon.colcon_core.shell:Creating package script '/home/alberto/Documents/kia_gd_ws/install/kia_gd/share/kia_gd/package.ps1'
[0.557s] INFO:colcon.colcon_core.shell:Creating package descriptor '/home/alberto/Documents/kia_gd_ws/install/kia_gd/share/kia_gd/package.dsv'
[0.558s] INFO:colcon.colcon_core.shell:Creating package script '/home/alberto/Documents/kia_gd_ws/install/kia_gd/share/kia_gd/package.sh'
[0.558s] INFO:colcon.colcon_core.shell:Creating package script '/home/alberto/Documents/kia_gd_ws/install/kia_gd/share/kia_gd/package.bash'
[0.558s] INFO:colcon.colcon_core.shell:Creating package script '/home/alberto/Documents/kia_gd_ws/install/kia_gd/share/kia_gd/package.zsh'
[0.559s] Level 1:colcon.colcon_core.environment:create_file_with_runtime_dependencies(/home/alberto/Documents/kia_gd_ws/install/kia_gd/share/colcon-core/packages/kia_gd)
[0.559s] Level 1:colcon.colcon_core.environment:create_environment_scripts_only(kia_gd)
[0.559s] Level 1:colcon.colcon_core.environment:checking '/home/alberto/Documents/kia_gd_ws/install/kia_gd' for CMake module files
[0.560s] Level 1:colcon.colcon_core.environment:checking '/home/alberto/Documents/kia_gd_ws/install/kia_gd' for CMake config files
[0.561s] Level 1:colcon.colcon_core.shell:create_environment_hook('kia_gd', 'cmake_prefix_path')
[0.561s] INFO:colcon.colcon_core.shell:Creating environment hook '/home/alberto/Documents/kia_gd_ws/install/kia_gd/share/kia_gd/hook/cmake_prefix_path.ps1'
[0.561s] INFO:colcon.colcon_core.shell:Creating environment descriptor '/home/alberto/Documents/kia_gd_ws/install/kia_gd/share/kia_gd/hook/cmake_prefix_path.dsv'
[0.561s] INFO:colcon.colcon_core.shell:Creating environment hook '/home/alberto/Documents/kia_gd_ws/install/kia_gd/share/kia_gd/hook/cmake_prefix_path.sh'
[0.562s] Level 1:colcon.colcon_core.environment:checking '/home/alberto/Documents/kia_gd_ws/install/kia_gd/lib'
[0.562s] Level 1:colcon.colcon_core.environment:checking '/home/alberto/Documents/kia_gd_ws/install/kia_gd/bin'
[0.562s] Level 1:colcon.colcon_core.environment:checking '/home/alberto/Documents/kia_gd_ws/install/kia_gd/lib/pkgconfig/kia_gd.pc'
[0.562s] Level 1:colcon.colcon_core.environment:checking '/home/alberto/Documents/kia_gd_ws/install/kia_gd/lib/python3.10/site-packages'
[0.562s] Level 1:colcon.colcon_core.environment:checking '/home/alberto/Documents/kia_gd_ws/install/kia_gd/bin'
[0.562s] INFO:colcon.colcon_core.shell:Creating package script '/home/alberto/Documents/kia_gd_ws/install/kia_gd/share/kia_gd/package.ps1'
[0.563s] INFO:colcon.colcon_core.shell:Creating package descriptor '/home/alberto/Documents/kia_gd_ws/install/kia_gd/share/kia_gd/package.dsv'
[0.563s] INFO:colcon.colcon_core.shell:Creating package script '/home/alberto/Documents/kia_gd_ws/install/kia_gd/share/kia_gd/package.sh'
[0.563s] INFO:colcon.colcon_core.shell:Creating package script '/home/alberto/Documents/kia_gd_ws/install/kia_gd/share/kia_gd/package.bash'
[0.564s] INFO:colcon.colcon_core.shell:Creating package script '/home/alberto/Documents/kia_gd_ws/install/kia_gd/share/kia_gd/package.zsh'
[0.564s] Level 1:colcon.colcon_core.environment:create_file_with_runtime_dependencies(/home/alberto/Documents/kia_gd_ws/install/kia_gd/share/colcon-core/packages/kia_gd)
[0.567s] DEBUG:colcon.colcon_core.event_handler.log_command:Invoking command in '/home/alberto/Documents/kia_gd_ws/build/simple_ur10e_moveit_config': CMAKE_PREFIX_PATH=/home/alberto/Documents/kia_gd_ws/install/simple_ur10e_description:/home/alberto/Documents/kia_gd_ws/install/ur_ros_rtde_tutorials:/home/alberto/Documents/kia_gd_ws/install/ur_ros_rtde:/home/alberto/Documents/kia_gd_ws/install/ur_ros_rtde_simple_clients:/home/alberto/Documents/kia_gd_ws/install/ur_ros_rtde_gripper_commands:/home/alberto/Documents/kia_gd_ws/install/ur_ros_rtde_msgs:/home/alberto/Documents/kia_gd_ws/install/ur:/home/alberto/Documents/kia_gd_ws/install/ur_calibration:/home/alberto/Documents/kia_gd_ws/install/ur_robot_driver:/home/alberto/Documents/kia_gd_ws/install/ur_moveit_config:/home/alberto/Documents/kia_gd_ws/install/ur_bringup:/home/alberto/Documents/kia_gd_ws/install/ur_controllers:/home/alberto/Documents/kia_gd_ws/install/ur_dashboard_msgs:/home/alberto/Documents/kia_gd_ws/install/simple_ur10e_moveit_config:/home/alberto/Documents/kia_gd_ws/install/kia_gd:/home/alberto/Documents/sub_alberto/install/uuv_visualization:/home/alberto/Documents/sub_alberto/install/uuv_vision:/home/alberto/Documents/sub_alberto/install/uuv_navigation:/home/alberto/Documents/sub_alberto/install/uuv_mission:/home/alberto/Documents/sub_alberto/install/uuv_master:/home/alberto/Documents/sub_alberto/install/uuv_control:/home/alberto/install/vectornav:/home/alberto/install/vectornav_msgs:/home/alberto/install/uuv_teleop:/home/alberto/install/uuv_description:/home/alberto/install/sub:/home/alberto/install/pid:/home/alberto/Documents/kia_gd_ws/install/ros_tcp_endpoint:/home/alberto/ros2_ws/install/docker_test:/opt/ros/humble:/home/alberto/install/catkin:/home/alberto/ros2_ws/install/sub:/home/alberto/ros2_ws/install/pid:/home/alberto/ros2_ws/install/catkin:/home/alberto/uuv/install/uuv /usr/bin/cmake --build /home/alberto/Documents/kia_gd_ws/build/simple_ur10e_moveit_config -- -j8 -l8
[0.598s] DEBUG:colcon.colcon_core.event_handler.log_command:Invoked command in '/home/alberto/Documents/kia_gd_ws/build/simple_ur10e_moveit_config' returned '0': CMAKE_PREFIX_PATH=/home/alberto/Documents/kia_gd_ws/install/simple_ur10e_description:/home/alberto/Documents/kia_gd_ws/install/ur_ros_rtde_tutorials:/home/alberto/Documents/kia_gd_ws/install/ur_ros_rtde:/home/alberto/Documents/kia_gd_ws/install/ur_ros_rtde_simple_clients:/home/alberto/Documents/kia_gd_ws/install/ur_ros_rtde_gripper_commands:/home/alberto/Documents/kia_gd_ws/install/ur_ros_rtde_msgs:/home/alberto/Documents/kia_gd_ws/install/ur:/home/alberto/Documents/kia_gd_ws/install/ur_calibration:/home/alberto/Documents/kia_gd_ws/install/ur_robot_driver:/home/alberto/Documents/kia_gd_ws/install/ur_moveit_config:/home/alberto/Documents/kia_gd_ws/install/ur_bringup:/home/alberto/Documents/kia_gd_ws/install/ur_controllers:/home/alberto/Documents/kia_gd_ws/install/ur_dashboard_msgs:/home/alberto/Documents/kia_gd_ws/install/simple_ur10e_moveit_config:/home/alberto/Documents/kia_gd_ws/install/kia_gd:/home/alberto/Documents/sub_alberto/install/uuv_visualization:/home/alberto/Documents/sub_alberto/install/uuv_vision:/home/alberto/Documents/sub_alberto/install/uuv_navigation:/home/alberto/Documents/sub_alberto/install/uuv_mission:/home/alberto/Documents/sub_alberto/install/uuv_master:/home/alberto/Documents/sub_alberto/install/uuv_control:/home/alberto/install/vectornav:/home/alberto/install/vectornav_msgs:/home/alberto/install/uuv_teleop:/home/alberto/install/uuv_description:/home/alberto/install/sub:/home/alberto/install/pid:/home/alberto/Documents/kia_gd_ws/install/ros_tcp_endpoint:/home/alberto/ros2_ws/install/docker_test:/opt/ros/humble:/home/alberto/install/catkin:/home/alberto/ros2_ws/install/sub:/home/alberto/ros2_ws/install/pid:/home/alberto/ros2_ws/install/catkin:/home/alberto/uuv/install/uuv /usr/bin/cmake --build /home/alberto/Documents/kia_gd_ws/build/simple_ur10e_moveit_config -- -j8 -l8
[0.600s] DEBUG:colcon.colcon_core.event_handler.log_command:Invoking command in '/home/alberto/Documents/kia_gd_ws/build/simple_ur10e_moveit_config': CMAKE_PREFIX_PATH=/home/alberto/Documents/kia_gd_ws/install/simple_ur10e_description:/home/alberto/Documents/kia_gd_ws/install/ur_ros_rtde_tutorials:/home/alberto/Documents/kia_gd_ws/install/ur_ros_rtde:/home/alberto/Documents/kia_gd_ws/install/ur_ros_rtde_simple_clients:/home/alberto/Documents/kia_gd_ws/install/ur_ros_rtde_gripper_commands:/home/alberto/Documents/kia_gd_ws/install/ur_ros_rtde_msgs:/home/alberto/Documents/kia_gd_ws/install/ur:/home/alberto/Documents/kia_gd_ws/install/ur_calibration:/home/alberto/Documents/kia_gd_ws/install/ur_robot_driver:/home/alberto/Documents/kia_gd_ws/install/ur_moveit_config:/home/alberto/Documents/kia_gd_ws/install/ur_bringup:/home/alberto/Documents/kia_gd_ws/install/ur_controllers:/home/alberto/Documents/kia_gd_ws/install/ur_dashboard_msgs:/home/alberto/Documents/kia_gd_ws/install/simple_ur10e_moveit_config:/home/alberto/Documents/kia_gd_ws/install/kia_gd:/home/alberto/Documents/sub_alberto/install/uuv_visualization:/home/alberto/Documents/sub_alberto/install/uuv_vision:/home/alberto/Documents/sub_alberto/install/uuv_navigation:/home/alberto/Documents/sub_alberto/install/uuv_mission:/home/alberto/Documents/sub_alberto/install/uuv_master:/home/alberto/Documents/sub_alberto/install/uuv_control:/home/alberto/install/vectornav:/home/alberto/install/vectornav_msgs:/home/alberto/install/uuv_teleop:/home/alberto/install/uuv_description:/home/alberto/install/sub:/home/alberto/install/pid:/home/alberto/Documents/kia_gd_ws/install/ros_tcp_endpoint:/home/alberto/ros2_ws/install/docker_test:/opt/ros/humble:/home/alberto/install/catkin:/home/alberto/ros2_ws/install/sub:/home/alberto/ros2_ws/install/pid:/home/alberto/ros2_ws/install/catkin:/home/alberto/uuv/install/uuv /usr/bin/cmake --install /home/alberto/Documents/kia_gd_ws/build/simple_ur10e_moveit_config
[0.608s] Level 1:colcon.colcon_core.environment:create_environment_scripts_only(simple_ur10e_moveit_config)
[0.609s] Level 1:colcon.colcon_core.environment:checking '/home/alberto/Documents/kia_gd_ws/install/simple_ur10e_moveit_config' for CMake module files
[0.609s] DEBUG:colcon.colcon_core.event_handler.log_command:Invoked command in '/home/alberto/Documents/kia_gd_ws/build/simple_ur10e_moveit_config' returned '0': CMAKE_PREFIX_PATH=/home/alberto/Documents/kia_gd_ws/install/simple_ur10e_description:/home/alberto/Documents/kia_gd_ws/install/ur_ros_rtde_tutorials:/home/alberto/Documents/kia_gd_ws/install/ur_ros_rtde:/home/alberto/Documents/kia_gd_ws/install/ur_ros_rtde_simple_clients:/home/alberto/Documents/kia_gd_ws/install/ur_ros_rtde_gripper_commands:/home/alberto/Documents/kia_gd_ws/install/ur_ros_rtde_msgs:/home/alberto/Documents/kia_gd_ws/install/ur:/home/alberto/Documents/kia_gd_ws/install/ur_calibration:/home/alberto/Documents/kia_gd_ws/install/ur_robot_driver:/home/alberto/Documents/kia_gd_ws/install/ur_moveit_config:/home/alberto/Documents/kia_gd_ws/install/ur_bringup:/home/alberto/Documents/kia_gd_ws/install/ur_controllers:/home/alberto/Documents/kia_gd_ws/install/ur_dashboard_msgs:/home/alberto/Documents/kia_gd_ws/install/simple_ur10e_moveit_config:/home/alberto/Documents/kia_gd_ws/install/kia_gd:/home/alberto/Documents/sub_alberto/install/uuv_visualization:/home/alberto/Documents/sub_alberto/install/uuv_vision:/home/alberto/Documents/sub_alberto/install/uuv_navigation:/home/alberto/Documents/sub_alberto/install/uuv_mission:/home/alberto/Documents/sub_alberto/install/uuv_master:/home/alberto/Documents/sub_alberto/install/uuv_control:/home/alberto/install/vectornav:/home/alberto/install/vectornav_msgs:/home/alberto/install/uuv_teleop:/home/alberto/install/uuv_description:/home/alberto/install/sub:/home/alberto/install/pid:/home/alberto/Documents/kia_gd_ws/install/ros_tcp_endpoint:/home/alberto/ros2_ws/install/docker_test:/opt/ros/humble:/home/alberto/install/catkin:/home/alberto/ros2_ws/install/sub:/home/alberto/ros2_ws/install/pid:/home/alberto/ros2_ws/install/catkin:/home/alberto/uuv/install/uuv /usr/bin/cmake --install /home/alberto/Documents/kia_gd_ws/build/simple_ur10e_moveit_config
[0.610s] Level 1:colcon.colcon_core.environment:checking '/home/alberto/Documents/kia_gd_ws/install/simple_ur10e_moveit_config' for CMake config files
[0.610s] Level 1:colcon.colcon_core.shell:create_environment_hook('simple_ur10e_moveit_config', 'cmake_prefix_path')
[0.610s] INFO:colcon.colcon_core.shell:Creating environment hook '/home/alberto/Documents/kia_gd_ws/install/simple_ur10e_moveit_config/share/simple_ur10e_moveit_config/hook/cmake_prefix_path.ps1'
[0.611s] INFO:colcon.colcon_core.shell:Creating environment descriptor '/home/alberto/Documents/kia_gd_ws/install/simple_ur10e_moveit_config/share/simple_ur10e_moveit_config/hook/cmake_prefix_path.dsv'
[0.611s] INFO:colcon.colcon_core.shell:Creating environment hook '/home/alberto/Documents/kia_gd_ws/install/simple_ur10e_moveit_config/share/simple_ur10e_moveit_config/hook/cmake_prefix_path.sh'
[0.612s] Level 1:colcon.colcon_core.environment:checking '/home/alberto/Documents/kia_gd_ws/install/simple_ur10e_moveit_config/bin'
[0.612s] Level 1:colcon.colcon_core.environment:checking '/home/alberto/Documents/kia_gd_ws/install/simple_ur10e_moveit_config/lib/pkgconfig/simple_ur10e_moveit_config.pc'
[0.612s] Level 1:colcon.colcon_core.environment:checking '/home/alberto/Documents/kia_gd_ws/install/simple_ur10e_moveit_config/lib/python3.10/site-packages'
[0.612s] Level 1:colcon.colcon_core.environment:checking '/home/alberto/Documents/kia_gd_ws/install/simple_ur10e_moveit_config/bin'
[0.613s] INFO:colcon.colcon_core.shell:Creating package script '/home/alberto/Documents/kia_gd_ws/install/simple_ur10e_moveit_config/share/simple_ur10e_moveit_config/package.ps1'
[0.613s] INFO:colcon.colcon_core.shell:Creating package descriptor '/home/alberto/Documents/kia_gd_ws/install/simple_ur10e_moveit_config/share/simple_ur10e_moveit_config/package.dsv'
[0.614s] INFO:colcon.colcon_core.shell:Creating package script '/home/alberto/Documents/kia_gd_ws/install/simple_ur10e_moveit_config/share/simple_ur10e_moveit_config/package.sh'
[0.614s] INFO:colcon.colcon_core.shell:Creating package script '/home/alberto/Documents/kia_gd_ws/install/simple_ur10e_moveit_config/share/simple_ur10e_moveit_config/package.bash'
[0.614s] INFO:colcon.colcon_core.shell:Creating package script '/home/alberto/Documents/kia_gd_ws/install/simple_ur10e_moveit_config/share/simple_ur10e_moveit_config/package.zsh'
[0.614s] Level 1:colcon.colcon_core.environment:create_file_with_runtime_dependencies(/home/alberto/Documents/kia_gd_ws/install/simple_ur10e_moveit_config/share/colcon-core/packages/simple_ur10e_moveit_config)
[0.615s] Level 1:colcon.colcon_core.environment:create_environment_scripts_only(simple_ur10e_moveit_config)
[0.615s] Level 1:colcon.colcon_core.environment:checking '/home/alberto/Documents/kia_gd_ws/install/simple_ur10e_moveit_config' for CMake module files
[0.615s] Level 1:colcon.colcon_core.environment:checking '/home/alberto/Documents/kia_gd_ws/install/simple_ur10e_moveit_config' for CMake config files
[0.615s] Level 1:colcon.colcon_core.shell:create_environment_hook('simple_ur10e_moveit_config', 'cmake_prefix_path')
[0.616s] INFO:colcon.colcon_core.shell:Creating environment hook '/home/alberto/Documents/kia_gd_ws/install/simple_ur10e_moveit_config/share/simple_ur10e_moveit_config/hook/cmake_prefix_path.ps1'
[0.616s] INFO:colcon.colcon_core.shell:Creating environment descriptor '/home/alberto/Documents/kia_gd_ws/install/simple_ur10e_moveit_config/share/simple_ur10e_moveit_config/hook/cmake_prefix_path.dsv'
[0.616s] INFO:colcon.colcon_core.shell:Creating environment hook '/home/alberto/Documents/kia_gd_ws/install/simple_ur10e_moveit_config/share/simple_ur10e_moveit_config/hook/cmake_prefix_path.sh'
[0.616s] Level 1:colcon.colcon_core.environment:checking '/home/alberto/Documents/kia_gd_ws/install/simple_ur10e_moveit_config/bin'
[0.617s] Level 1:colcon.colcon_core.environment:checking '/home/alberto/Documents/kia_gd_ws/install/simple_ur10e_moveit_config/lib/pkgconfig/simple_ur10e_moveit_config.pc'
[0.617s] Level 1:colcon.colcon_core.environment:checking '/home/alberto/Documents/kia_gd_ws/install/simple_ur10e_moveit_config/lib/python3.10/site-packages'
[0.617s] Level 1:colcon.colcon_core.environment:checking '/home/alberto/Documents/kia_gd_ws/install/simple_ur10e_moveit_config/bin'
[0.617s] INFO:colcon.colcon_core.shell:Creating package script '/home/alberto/Documents/kia_gd_ws/install/simple_ur10e_moveit_config/share/simple_ur10e_moveit_config/package.ps1'
[0.618s] INFO:colcon.colcon_core.shell:Creating package descriptor '/home/alberto/Documents/kia_gd_ws/install/simple_ur10e_moveit_config/share/simple_ur10e_moveit_config/package.dsv'
[0.618s] INFO:colcon.colcon_core.shell:Creating package script '/home/alberto/Documents/kia_gd_ws/install/simple_ur10e_moveit_config/share/simple_ur10e_moveit_config/package.sh'
[0.618s] INFO:colcon.colcon_core.shell:Creating package script '/home/alberto/Documents/kia_gd_ws/install/simple_ur10e_moveit_config/share/simple_ur10e_moveit_config/package.bash'
[0.619s] INFO:colcon.colcon_core.shell:Creating package script '/home/alberto/Documents/kia_gd_ws/install/simple_ur10e_moveit_config/share/simple_ur10e_moveit_config/package.zsh'
[0.619s] Level 1:colcon.colcon_core.environment:create_file_with_runtime_dependencies(/home/alberto/Documents/kia_gd_ws/install/simple_ur10e_moveit_config/share/colcon-core/packages/simple_ur10e_moveit_config)
[0.662s] DEBUG:colcon.colcon_core.event_handler.log_command:Invoked command in '/home/alberto/Documents/kia_gd_ws/build/ur_ros_rtde_msgs' returned '0': CMAKE_PREFIX_PATH=/home/alberto/Documents/kia_gd_ws/install/ur_ros_rtde_tutorials:/home/alberto/Documents/kia_gd_ws/install/ur_ros_rtde:/home/alberto/Documents/kia_gd_ws/install/ur_ros_rtde_simple_clients:/home/alberto/Documents/kia_gd_ws/install/ur_ros_rtde_gripper_commands:/home/alberto/Documents/kia_gd_ws/install/ur_ros_rtde_msgs:/home/alberto/Documents/kia_gd_ws/install/ur:/home/alberto/Documents/kia_gd_ws/install/ur_calibration:/home/alberto/Documents/kia_gd_ws/install/ur_robot_driver:/home/alberto/Documents/kia_gd_ws/install/ur_moveit_config:/home/alberto/Documents/kia_gd_ws/install/ur_bringup:/home/alberto/Documents/kia_gd_ws/install/ur_controllers:/home/alberto/Documents/kia_gd_ws/install/ur_dashboard_msgs:/home/alberto/Documents/kia_gd_ws/install/simple_ur10e_moveit_config:/home/alberto/Documents/kia_gd_ws/install/simple_ur10e_description:/home/alberto/Documents/kia_gd_ws/install/kia_gd:/home/alberto/Documents/sub_alberto/install/uuv_visualization:/home/alberto/Documents/sub_alberto/install/uuv_vision:/home/alberto/Documents/sub_alberto/install/uuv_navigation:/home/alberto/Documents/sub_alberto/install/uuv_mission:/home/alberto/Documents/sub_alberto/install/uuv_master:/home/alberto/Documents/sub_alberto/install/uuv_control:/home/alberto/install/vectornav:/home/alberto/install/vectornav_msgs:/home/alberto/install/uuv_teleop:/home/alberto/install/uuv_description:/home/alberto/install/sub:/home/alberto/install/pid:/home/alberto/Documents/kia_gd_ws/install/ros_tcp_endpoint:/home/alberto/ros2_ws/install/docker_test:/opt/ros/humble:/home/alberto/install/catkin:/home/alberto/ros2_ws/install/sub:/home/alberto/ros2_ws/install/pid:/home/alberto/ros2_ws/install/catkin:/home/alberto/uuv/install/uuv /usr/bin/cmake --build /home/alberto/Documents/kia_gd_ws/build/ur_ros_rtde_msgs -- -j8 -l8
[0.664s] DEBUG:colcon.colcon_core.event_handler.log_command:Invoking command in '/home/alberto/Documents/kia_gd_ws/build/ur_ros_rtde_msgs': CMAKE_PREFIX_PATH=/home/alberto/Documents/kia_gd_ws/install/ur_ros_rtde_tutorials:/home/alberto/Documents/kia_gd_ws/install/ur_ros_rtde:/home/alberto/Documents/kia_gd_ws/install/ur_ros_rtde_simple_clients:/home/alberto/Documents/kia_gd_ws/install/ur_ros_rtde_gripper_commands:/home/alberto/Documents/kia_gd_ws/install/ur_ros_rtde_msgs:/home/alberto/Documents/kia_gd_ws/install/ur:/home/alberto/Documents/kia_gd_ws/install/ur_calibration:/home/alberto/Documents/kia_gd_ws/install/ur_robot_driver:/home/alberto/Documents/kia_gd_ws/install/ur_moveit_config:/home/alberto/Documents/kia_gd_ws/install/ur_bringup:/home/alberto/Documents/kia_gd_ws/install/ur_controllers:/home/alberto/Documents/kia_gd_ws/install/ur_dashboard_msgs:/home/alberto/Documents/kia_gd_ws/install/simple_ur10e_moveit_config:/home/alberto/Documents/kia_gd_ws/install/simple_ur10e_description:/home/alberto/Documents/kia_gd_ws/install/kia_gd:/home/alberto/Documents/sub_alberto/install/uuv_visualization:/home/alberto/Documents/sub_alberto/install/uuv_vision:/home/alberto/Documents/sub_alberto/install/uuv_navigation:/home/alberto/Documents/sub_alberto/install/uuv_mission:/home/alberto/Documents/sub_alberto/install/uuv_master:/home/alberto/Documents/sub_alberto/install/uuv_control:/home/alberto/install/vectornav:/home/alberto/install/vectornav_msgs:/home/alberto/install/uuv_teleop:/home/alberto/install/uuv_description:/home/alberto/install/sub:/home/alberto/install/pid:/home/alberto/Documents/kia_gd_ws/install/ros_tcp_endpoint:/home/alberto/ros2_ws/install/docker_test:/opt/ros/humble:/home/alberto/install/catkin:/home/alberto/ros2_ws/install/sub:/home/alberto/ros2_ws/install/pid:/home/alberto/ros2_ws/install/catkin:/home/alberto/uuv/install/uuv /usr/bin/cmake --install /home/alberto/Documents/kia_gd_ws/build/ur_ros_rtde_msgs
[0.798s] Level 1:colcon.colcon_core.environment:create_environment_scripts_only(ur_ros_rtde_msgs)
[0.799s] Level 1:colcon.colcon_core.environment:checking '/home/alberto/Documents/kia_gd_ws/install/ur_ros_rtde_msgs' for CMake module files
[0.799s] DEBUG:colcon.colcon_core.event_handler.log_command:Invoked command in '/home/alberto/Documents/kia_gd_ws/build/ur_ros_rtde_msgs' returned '0': CMAKE_PREFIX_PATH=/home/alberto/Documents/kia_gd_ws/install/ur_ros_rtde_tutorials:/home/alberto/Documents/kia_gd_ws/install/ur_ros_rtde:/home/alberto/Documents/kia_gd_ws/install/ur_ros_rtde_simple_clients:/home/alberto/Documents/kia_gd_ws/install/ur_ros_rtde_gripper_commands:/home/alberto/Documents/kia_gd_ws/install/ur_ros_rtde_msgs:/home/alberto/Documents/kia_gd_ws/install/ur:/home/alberto/Documents/kia_gd_ws/install/ur_calibration:/home/alberto/Documents/kia_gd_ws/install/ur_robot_driver:/home/alberto/Documents/kia_gd_ws/install/ur_moveit_config:/home/alberto/Documents/kia_gd_ws/install/ur_bringup:/home/alberto/Documents/kia_gd_ws/install/ur_controllers:/home/alberto/Documents/kia_gd_ws/install/ur_dashboard_msgs:/home/alberto/Documents/kia_gd_ws/install/simple_ur10e_moveit_config:/home/alberto/Documents/kia_gd_ws/install/simple_ur10e_description:/home/alberto/Documents/kia_gd_ws/install/kia_gd:/home/alberto/Documents/sub_alberto/install/uuv_visualization:/home/alberto/Documents/sub_alberto/install/uuv_vision:/home/alberto/Documents/sub_alberto/install/uuv_navigation:/home/alberto/Documents/sub_alberto/install/uuv_mission:/home/alberto/Documents/sub_alberto/install/uuv_master:/home/alberto/Documents/sub_alberto/install/uuv_control:/home/alberto/install/vectornav:/home/alberto/install/vectornav_msgs:/home/alberto/install/uuv_teleop:/home/alberto/install/uuv_description:/home/alberto/install/sub:/home/alberto/install/pid:/home/alberto/Documents/kia_gd_ws/install/ros_tcp_endpoint:/home/alberto/ros2_ws/install/docker_test:/opt/ros/humble:/home/alberto/install/catkin:/home/alberto/ros2_ws/install/sub:/home/alberto/ros2_ws/install/pid:/home/alberto/ros2_ws/install/catkin:/home/alberto/uuv/install/uuv /usr/bin/cmake --install /home/alberto/Documents/kia_gd_ws/build/ur_ros_rtde_msgs
[0.799s] Level 1:colcon.colcon_core.environment:checking '/home/alberto/Documents/kia_gd_ws/install/ur_ros_rtde_msgs' for CMake config files
[0.803s] Level 1:colcon.colcon_core.shell:create_environment_hook('ur_ros_rtde_msgs', 'cmake_prefix_path')
[0.803s] INFO:colcon.colcon_core.shell:Creating environment hook '/home/alberto/Documents/kia_gd_ws/install/ur_ros_rtde_msgs/share/ur_ros_rtde_msgs/hook/cmake_prefix_path.ps1'
[0.804s] INFO:colcon.colcon_core.shell:Creating environment descriptor '/home/alberto/Documents/kia_gd_ws/install/ur_ros_rtde_msgs/share/ur_ros_rtde_msgs/hook/cmake_prefix_path.dsv'
[0.804s] INFO:colcon.colcon_core.shell:Creating environment hook '/home/alberto/Documents/kia_gd_ws/install/ur_ros_rtde_msgs/share/ur_ros_rtde_msgs/hook/cmake_prefix_path.sh'
[0.804s] Level 1:colcon.colcon_core.environment:checking '/home/alberto/Documents/kia_gd_ws/install/ur_ros_rtde_msgs/lib'
[0.804s] Level 1:colcon.colcon_core.shell:create_environment_hook('ur_ros_rtde_msgs', 'ld_library_path_lib')
[0.805s] INFO:colcon.colcon_core.shell:Creating environment hook '/home/alberto/Documents/kia_gd_ws/install/ur_ros_rtde_msgs/share/ur_ros_rtde_msgs/hook/ld_library_path_lib.ps1'
[0.805s] INFO:colcon.colcon_core.shell:Creating environment descriptor '/home/alberto/Documents/kia_gd_ws/install/ur_ros_rtde_msgs/share/ur_ros_rtde_msgs/hook/ld_library_path_lib.dsv'
[0.805s] INFO:colcon.colcon_core.shell:Creating environment hook '/home/alberto/Documents/kia_gd_ws/install/ur_ros_rtde_msgs/share/ur_ros_rtde_msgs/hook/ld_library_path_lib.sh'
[0.805s] Level 1:colcon.colcon_core.environment:checking '/home/alberto/Documents/kia_gd_ws/install/ur_ros_rtde_msgs/bin'
[0.805s] Level 1:colcon.colcon_core.environment:checking '/home/alberto/Documents/kia_gd_ws/install/ur_ros_rtde_msgs/lib/pkgconfig/ur_ros_rtde_msgs.pc'
[0.806s] Level 1:colcon.colcon_core.environment:checking '/home/alberto/Documents/kia_gd_ws/install/ur_ros_rtde_msgs/lib/python3.10/site-packages'
[0.806s] Level 1:colcon.colcon_core.environment:checking '/home/alberto/Documents/kia_gd_ws/install/ur_ros_rtde_msgs/bin'
[0.806s] INFO:colcon.colcon_core.shell:Creating package script '/home/alberto/Documents/kia_gd_ws/install/ur_ros_rtde_msgs/share/ur_ros_rtde_msgs/package.ps1'
[0.807s] INFO:colcon.colcon_core.shell:Creating package descriptor '/home/alberto/Documents/kia_gd_ws/install/ur_ros_rtde_msgs/share/ur_ros_rtde_msgs/package.dsv'
[0.807s] INFO:colcon.colcon_core.shell:Creating package script '/home/alberto/Documents/kia_gd_ws/install/ur_ros_rtde_msgs/share/ur_ros_rtde_msgs/package.sh'
[0.807s] INFO:colcon.colcon_core.shell:Creating package script '/home/alberto/Documents/kia_gd_ws/install/ur_ros_rtde_msgs/share/ur_ros_rtde_msgs/package.bash'
[0.807s] INFO:colcon.colcon_core.shell:Creating package script '/home/alberto/Documents/kia_gd_ws/install/ur_ros_rtde_msgs/share/ur_ros_rtde_msgs/package.zsh'
[0.808s] Level 1:colcon.colcon_core.environment:create_file_with_runtime_dependencies(/home/alberto/Documents/kia_gd_ws/install/ur_ros_rtde_msgs/share/colcon-core/packages/ur_ros_rtde_msgs)
[0.808s] Level 1:colcon.colcon_core.environment:create_environment_scripts_only(ur_ros_rtde_msgs)
[0.808s] Level 1:colcon.colcon_core.environment:checking '/home/alberto/Documents/kia_gd_ws/install/ur_ros_rtde_msgs' for CMake module files
[0.809s] Level 1:colcon.colcon_core.environment:checking '/home/alberto/Documents/kia_gd_ws/install/ur_ros_rtde_msgs' for CMake config files
[0.812s] Level 1:colcon.colcon_core.shell:create_environment_hook('ur_ros_rtde_msgs', 'cmake_prefix_path')
[0.813s] INFO:colcon.colcon_core.shell:Creating environment hook '/home/alberto/Documents/kia_gd_ws/install/ur_ros_rtde_msgs/share/ur_ros_rtde_msgs/hook/cmake_prefix_path.ps1'
[0.813s] INFO:colcon.colcon_core.shell:Creating environment descriptor '/home/alberto/Documents/kia_gd_ws/install/ur_ros_rtde_msgs/share/ur_ros_rtde_msgs/hook/cmake_prefix_path.dsv'
[0.813s] INFO:colcon.colcon_core.shell:Creating environment hook '/home/alberto/Documents/kia_gd_ws/install/ur_ros_rtde_msgs/share/ur_ros_rtde_msgs/hook/cmake_prefix_path.sh'
[0.814s] Level 1:colcon.colcon_core.environment:checking '/home/alberto/Documents/kia_gd_ws/install/ur_ros_rtde_msgs/lib'
[0.814s] Level 1:colcon.colcon_core.shell:create_environment_hook('ur_ros_rtde_msgs', 'ld_library_path_lib')
[0.814s] INFO:colcon.colcon_core.shell:Creating environment hook '/home/alberto/Documents/kia_gd_ws/install/ur_ros_rtde_msgs/share/ur_ros_rtde_msgs/hook/ld_library_path_lib.ps1'
[0.814s] INFO:colcon.colcon_core.shell:Creating environment descriptor '/home/alberto/Documents/kia_gd_ws/install/ur_ros_rtde_msgs/share/ur_ros_rtde_msgs/hook/ld_library_path_lib.dsv'
[0.815s] INFO:colcon.colcon_core.shell:Creating environment hook '/home/alberto/Documents/kia_gd_ws/install/ur_ros_rtde_msgs/share/ur_ros_rtde_msgs/hook/ld_library_path_lib.sh'
[0.815s] Level 1:colcon.colcon_core.environment:checking '/home/alberto/Documents/kia_gd_ws/install/ur_ros_rtde_msgs/bin'
[0.815s] Level 1:colcon.colcon_core.environment:checking '/home/alberto/Documents/kia_gd_ws/install/ur_ros_rtde_msgs/lib/pkgconfig/ur_ros_rtde_msgs.pc'
[0.815s] Level 1:colcon.colcon_core.environment:checking '/home/alberto/Documents/kia_gd_ws/install/ur_ros_rtde_msgs/lib/python3.10/site-packages'
[0.815s] Level 1:colcon.colcon_core.environment:checking '/home/alberto/Documents/kia_gd_ws/install/ur_ros_rtde_msgs/bin'
[0.815s] INFO:colcon.colcon_core.shell:Creating package script '/home/alberto/Documents/kia_gd_ws/install/ur_ros_rtde_msgs/share/ur_ros_rtde_msgs/package.ps1'
[0.816s] INFO:colcon.colcon_core.shell:Creating package descriptor '/home/alberto/Documents/kia_gd_ws/install/ur_ros_rtde_msgs/share/ur_ros_rtde_msgs/package.dsv'
[0.816s] INFO:colcon.colcon_core.shell:Creating package script '/home/alberto/Documents/kia_gd_ws/install/ur_ros_rtde_msgs/share/ur_ros_rtde_msgs/package.sh'
[0.816s] INFO:colcon.colcon_core.shell:Creating package script '/home/alberto/Documents/kia_gd_ws/install/ur_ros_rtde_msgs/share/ur_ros_rtde_msgs/package.bash'
[0.817s] INFO:colcon.colcon_core.shell:Creating package script '/home/alberto/Documents/kia_gd_ws/install/ur_ros_rtde_msgs/share/ur_ros_rtde_msgs/package.zsh'
[0.817s] Level 1:colcon.colcon_core.environment:create_file_with_runtime_dependencies(/home/alberto/Documents/kia_gd_ws/install/ur_ros_rtde_msgs/share/colcon-core/packages/ur_ros_rtde_msgs)
[0.817s] INFO:colcon.colcon_ros.task.ament_cmake.build:Building ROS package in '/home/alberto/Documents/kia_gd_ws/src/ur_ros_rtde/ur_ros_rtde' with build type 'ament_cmake'
[0.817s] INFO:colcon.colcon_cmake.task.cmake.build:Building CMake package in '/home/alberto/Documents/kia_gd_ws/src/ur_ros_rtde/ur_ros_rtde'
[0.818s] INFO:colcon.colcon_core.shell:Skip shell extension 'powershell' for command environment: Not usable outside of PowerShell
[0.818s] DEBUG:colcon.colcon_core.shell:Skip shell extension 'dsv' for command environment
[0.829s] DEBUG:colcon.colcon_core.event_handler.log_command:Invoking command in '/home/alberto/Documents/kia_gd_ws/build/ur_ros_rtde': CMAKE_PREFIX_PATH=/home/alberto/Documents/kia_gd_ws/install/ur_ros_rtde_simple_clients:/home/alberto/Documents/kia_gd_ws/install/ur_ros_rtde_msgs:/home/alberto/Documents/kia_gd_ws/install/ur_ros_rtde_tutorials:/home/alberto/Documents/kia_gd_ws/install/ur_ros_rtde:/home/alberto/Documents/kia_gd_ws/install/ur_ros_rtde_gripper_commands:/home/alberto/Documents/kia_gd_ws/install/ur:/home/alberto/Documents/kia_gd_ws/install/ur_calibration:/home/alberto/Documents/kia_gd_ws/install/ur_robot_driver:/home/alberto/Documents/kia_gd_ws/install/ur_moveit_config:/home/alberto/Documents/kia_gd_ws/install/ur_bringup:/home/alberto/Documents/kia_gd_ws/install/ur_controllers:/home/alberto/Documents/kia_gd_ws/install/ur_dashboard_msgs:/home/alberto/Documents/kia_gd_ws/install/simple_ur10e_moveit_config:/home/alberto/Documents/kia_gd_ws/install/simple_ur10e_description:/home/alberto/Documents/kia_gd_ws/install/kia_gd:/home/alberto/Documents/sub_alberto/install/uuv_visualization:/home/alberto/Documents/sub_alberto/install/uuv_vision:/home/alberto/Documents/sub_alberto/install/uuv_navigation:/home/alberto/Documents/sub_alberto/install/uuv_mission:/home/alberto/Documents/sub_alberto/install/uuv_master:/home/alberto/Documents/sub_alberto/install/uuv_control:/home/alberto/install/vectornav:/home/alberto/install/vectornav_msgs:/home/alberto/install/uuv_teleop:/home/alberto/install/uuv_description:/home/alberto/install/sub:/home/alberto/install/pid:/home/alberto/Documents/kia_gd_ws/install/ros_tcp_endpoint:/home/alberto/ros2_ws/install/docker_test:/opt/ros/humble:/home/alberto/install/catkin:/home/alberto/ros2_ws/install/sub:/home/alberto/ros2_ws/install/pid:/home/alberto/ros2_ws/install/catkin:/home/alberto/uuv/install/uuv LD_LIBRARY_PATH=/home/alberto/Documents/kia_gd_ws/install/ur_ros_rtde_msgs/lib:/home/alberto/Documents/kia_gd_ws/install/ur_ros_rtde_tutorials/lib:/home/alberto/Documents/kia_gd_ws/install/ur_ros_rtde/lib:/home/alberto/Documents/kia_gd_ws/install/ur_ros_rtde_gripper_commands/lib:/home/alberto/Documents/kia_gd_ws/install/ur_robot_driver/lib:/home/alberto/Documents/kia_gd_ws/install/ur_controllers/lib:/home/alberto/Documents/kia_gd_ws/install/ur_dashboard_msgs/lib:/home/alberto/install/vectornav/lib:/home/alberto/install/vectornav_msgs/lib:/opt/ros/humble/opt/rviz_ogre_vendor/lib:/opt/ros/humble/lib/x86_64-linux-gnu:/opt/ros/humble/lib /usr/bin/cmake --build /home/alberto/Documents/kia_gd_ws/build/ur_ros_rtde -- -j8 -l8
[0.972s] DEBUG:colcon.colcon_core.event_handler.log_command:Invoked command in '/home/alberto/Documents/kia_gd_ws/build/ur_ros_rtde' returned '0': CMAKE_PREFIX_PATH=/home/alberto/Documents/kia_gd_ws/install/ur_ros_rtde_simple_clients:/home/alberto/Documents/kia_gd_ws/install/ur_ros_rtde_msgs:/home/alberto/Documents/kia_gd_ws/install/ur_ros_rtde_tutorials:/home/alberto/Documents/kia_gd_ws/install/ur_ros_rtde:/home/alberto/Documents/kia_gd_ws/install/ur_ros_rtde_gripper_commands:/home/alberto/Documents/kia_gd_ws/install/ur:/home/alberto/Documents/kia_gd_ws/install/ur_calibration:/home/alberto/Documents/kia_gd_ws/install/ur_robot_driver:/home/alberto/Documents/kia_gd_ws/install/ur_moveit_config:/home/alberto/Documents/kia_gd_ws/install/ur_bringup:/home/alberto/Documents/kia_gd_ws/install/ur_controllers:/home/alberto/Documents/kia_gd_ws/install/ur_dashboard_msgs:/home/alberto/Documents/kia_gd_ws/install/simple_ur10e_moveit_config:/home/alberto/Documents/kia_gd_ws/install/simple_ur10e_description:/home/alberto/Documents/kia_gd_ws/install/kia_gd:/home/alberto/Documents/sub_alberto/install/uuv_visualization:/home/alberto/Documents/sub_alberto/install/uuv_vision:/home/alberto/Documents/sub_alberto/install/uuv_navigation:/home/alberto/Documents/sub_alberto/install/uuv_mission:/home/alberto/Documents/sub_alberto/install/uuv_master:/home/alberto/Documents/sub_alberto/install/uuv_control:/home/alberto/install/vectornav:/home/alberto/install/vectornav_msgs:/home/alberto/install/uuv_teleop:/home/alberto/install/uuv_description:/home/alberto/install/sub:/home/alberto/install/pid:/home/alberto/Documents/kia_gd_ws/install/ros_tcp_endpoint:/home/alberto/ros2_ws/install/docker_test:/opt/ros/humble:/home/alberto/install/catkin:/home/alberto/ros2_ws/install/sub:/home/alberto/ros2_ws/install/pid:/home/alberto/ros2_ws/install/catkin:/home/alberto/uuv/install/uuv LD_LIBRARY_PATH=/home/alberto/Documents/kia_gd_ws/install/ur_ros_rtde_msgs/lib:/home/alberto/Documents/kia_gd_ws/install/ur_ros_rtde_tutorials/lib:/home/alberto/Documents/kia_gd_ws/install/ur_ros_rtde/lib:/home/alberto/Documents/kia_gd_ws/install/ur_ros_rtde_gripper_commands/lib:/home/alberto/Documents/kia_gd_ws/install/ur_robot_driver/lib:/home/alberto/Documents/kia_gd_ws/install/ur_controllers/lib:/home/alberto/Documents/kia_gd_ws/install/ur_dashboard_msgs/lib:/home/alberto/install/vectornav/lib:/home/alberto/install/vectornav_msgs/lib:/opt/ros/humble/opt/rviz_ogre_vendor/lib:/opt/ros/humble/lib/x86_64-linux-gnu:/opt/ros/humble/lib /usr/bin/cmake --build /home/alberto/Documents/kia_gd_ws/build/ur_ros_rtde -- -j8 -l8
[0.973s] DEBUG:colcon.colcon_core.event_handler.log_command:Invoking command in '/home/alberto/Documents/kia_gd_ws/build/ur_ros_rtde': CMAKE_PREFIX_PATH=/home/alberto/Documents/kia_gd_ws/install/ur_ros_rtde_simple_clients:/home/alberto/Documents/kia_gd_ws/install/ur_ros_rtde_msgs:/home/alberto/Documents/kia_gd_ws/install/ur_ros_rtde_tutorials:/home/alberto/Documents/kia_gd_ws/install/ur_ros_rtde:/home/alberto/Documents/kia_gd_ws/install/ur_ros_rtde_gripper_commands:/home/alberto/Documents/kia_gd_ws/install/ur:/home/alberto/Documents/kia_gd_ws/install/ur_calibration:/home/alberto/Documents/kia_gd_ws/install/ur_robot_driver:/home/alberto/Documents/kia_gd_ws/install/ur_moveit_config:/home/alberto/Documents/kia_gd_ws/install/ur_bringup:/home/alberto/Documents/kia_gd_ws/install/ur_controllers:/home/alberto/Documents/kia_gd_ws/install/ur_dashboard_msgs:/home/alberto/Documents/kia_gd_ws/install/simple_ur10e_moveit_config:/home/alberto/Documents/kia_gd_ws/install/simple_ur10e_description:/home/alberto/Documents/kia_gd_ws/install/kia_gd:/home/alberto/Documents/sub_alberto/install/uuv_visualization:/home/alberto/Documents/sub_alberto/install/uuv_vision:/home/alberto/Documents/sub_alberto/install/uuv_navigation:/home/alberto/Documents/sub_alberto/install/uuv_mission:/home/alberto/Documents/sub_alberto/install/uuv_master:/home/alberto/Documents/sub_alberto/install/uuv_control:/home/alberto/install/vectornav:/home/alberto/install/vectornav_msgs:/home/alberto/install/uuv_teleop:/home/alberto/install/uuv_description:/home/alberto/install/sub:/home/alberto/install/pid:/home/alberto/Documents/kia_gd_ws/install/ros_tcp_endpoint:/home/alberto/ros2_ws/install/docker_test:/opt/ros/humble:/home/alberto/install/catkin:/home/alberto/ros2_ws/install/sub:/home/alberto/ros2_ws/install/pid:/home/alberto/ros2_ws/install/catkin:/home/alberto/uuv/install/uuv LD_LIBRARY_PATH=/home/alberto/Documents/kia_gd_ws/install/ur_ros_rtde_msgs/lib:/home/alberto/Documents/kia_gd_ws/install/ur_ros_rtde_tutorials/lib:/home/alberto/Documents/kia_gd_ws/install/ur_ros_rtde/lib:/home/alberto/Documents/kia_gd_ws/install/ur_ros_rtde_gripper_commands/lib:/home/alberto/Documents/kia_gd_ws/install/ur_robot_driver/lib:/home/alberto/Documents/kia_gd_ws/install/ur_controllers/lib:/home/alberto/Documents/kia_gd_ws/install/ur_dashboard_msgs/lib:/home/alberto/install/vectornav/lib:/home/alberto/install/vectornav_msgs/lib:/opt/ros/humble/opt/rviz_ogre_vendor/lib:/opt/ros/humble/lib/x86_64-linux-gnu:/opt/ros/humble/lib /usr/bin/cmake --install /home/alberto/Documents/kia_gd_ws/build/ur_ros_rtde
[0.994s] Level 1:colcon.colcon_core.environment:create_environment_scripts_only(ur_ros_rtde)
[0.994s] Level 1:colcon.colcon_core.environment:checking '/home/alberto/Documents/kia_gd_ws/install/ur_ros_rtde' for CMake module files
[0.994s] DEBUG:colcon.colcon_core.event_handler.log_command:Invoked command in '/home/alberto/Documents/kia_gd_ws/build/ur_ros_rtde' returned '0': CMAKE_PREFIX_PATH=/home/alberto/Documents/kia_gd_ws/install/ur_ros_rtde_simple_clients:/home/alberto/Documents/kia_gd_ws/install/ur_ros_rtde_msgs:/home/alberto/Documents/kia_gd_ws/install/ur_ros_rtde_tutorials:/home/alberto/Documents/kia_gd_ws/install/ur_ros_rtde:/home/alberto/Documents/kia_gd_ws/install/ur_ros_rtde_gripper_commands:/home/alberto/Documents/kia_gd_ws/install/ur:/home/alberto/Documents/kia_gd_ws/install/ur_calibration:/home/alberto/Documents/kia_gd_ws/install/ur_robot_driver:/home/alberto/Documents/kia_gd_ws/install/ur_moveit_config:/home/alberto/Documents/kia_gd_ws/install/ur_bringup:/home/alberto/Documents/kia_gd_ws/install/ur_controllers:/home/alberto/Documents/kia_gd_ws/install/ur_dashboard_msgs:/home/alberto/Documents/kia_gd_ws/install/simple_ur10e_moveit_config:/home/alberto/Documents/kia_gd_ws/install/simple_ur10e_description:/home/alberto/Documents/kia_gd_ws/install/kia_gd:/home/alberto/Documents/sub_alberto/install/uuv_visualization:/home/alberto/Documents/sub_alberto/install/uuv_vision:/home/alberto/Documents/sub_alberto/install/uuv_navigation:/home/alberto/Documents/sub_alberto/install/uuv_mission:/home/alberto/Documents/sub_alberto/install/uuv_master:/home/alberto/Documents/sub_alberto/install/uuv_control:/home/alberto/install/vectornav:/home/alberto/install/vectornav_msgs:/home/alberto/install/uuv_teleop:/home/alberto/install/uuv_description:/home/alberto/install/sub:/home/alberto/install/pid:/home/alberto/Documents/kia_gd_ws/install/ros_tcp_endpoint:/home/alberto/ros2_ws/install/docker_test:/opt/ros/humble:/home/alberto/install/catkin:/home/alberto/ros2_ws/install/sub:/home/alberto/ros2_ws/install/pid:/home/alberto/ros2_ws/install/catkin:/home/alberto/uuv/install/uuv LD_LIBRARY_PATH=/home/alberto/Documents/kia_gd_ws/install/ur_ros_rtde_msgs/lib:/home/alberto/Documents/kia_gd_ws/install/ur_ros_rtde_tutorials/lib:/home/alberto/Documents/kia_gd_ws/install/ur_ros_rtde/lib:/home/alberto/Documents/kia_gd_ws/install/ur_ros_rtde_gripper_commands/lib:/home/alberto/Documents/kia_gd_ws/install/ur_robot_driver/lib:/home/alberto/Documents/kia_gd_ws/install/ur_controllers/lib:/home/alberto/Documents/kia_gd_ws/install/ur_dashboard_msgs/lib:/home/alberto/install/vectornav/lib:/home/alberto/install/vectornav_msgs/lib:/opt/ros/humble/opt/rviz_ogre_vendor/lib:/opt/ros/humble/lib/x86_64-linux-gnu:/opt/ros/humble/lib /usr/bin/cmake --install /home/alberto/Documents/kia_gd_ws/build/ur_ros_rtde
[0.995s] Level 1:colcon.colcon_core.environment:checking '/home/alberto/Documents/kia_gd_ws/install/ur_ros_rtde' for CMake config files
[0.995s] Level 1:colcon.colcon_core.shell:create_environment_hook('ur_ros_rtde', 'cmake_prefix_path')
[0.995s] INFO:colcon.colcon_core.shell:Creating environment hook '/home/alberto/Documents/kia_gd_ws/install/ur_ros_rtde/share/ur_ros_rtde/hook/cmake_prefix_path.ps1'
[0.996s] INFO:colcon.colcon_core.shell:Creating environment descriptor '/home/alberto/Documents/kia_gd_ws/install/ur_ros_rtde/share/ur_ros_rtde/hook/cmake_prefix_path.dsv'
[0.996s] INFO:colcon.colcon_core.shell:Creating environment hook '/home/alberto/Documents/kia_gd_ws/install/ur_ros_rtde/share/ur_ros_rtde/hook/cmake_prefix_path.sh'
[0.996s] Level 1:colcon.colcon_core.environment:checking '/home/alberto/Documents/kia_gd_ws/install/ur_ros_rtde/lib'
[0.996s] Level 1:colcon.colcon_core.shell:create_environment_hook('ur_ros_rtde', 'ld_library_path_lib')
[0.996s] INFO:colcon.colcon_core.shell:Creating environment hook '/home/alberto/Documents/kia_gd_ws/install/ur_ros_rtde/share/ur_ros_rtde/hook/ld_library_path_lib.ps1'
[0.997s] INFO:colcon.colcon_core.shell:Creating environment descriptor '/home/alberto/Documents/kia_gd_ws/install/ur_ros_rtde/share/ur_ros_rtde/hook/ld_library_path_lib.dsv'
[0.997s] INFO:colcon.colcon_core.shell:Creating environment hook '/home/alberto/Documents/kia_gd_ws/install/ur_ros_rtde/share/ur_ros_rtde/hook/ld_library_path_lib.sh'
[0.997s] Level 1:colcon.colcon_core.environment:checking '/home/alberto/Documents/kia_gd_ws/install/ur_ros_rtde/bin'
[0.997s] Level 1:colcon.colcon_core.environment:checking '/home/alberto/Documents/kia_gd_ws/install/ur_ros_rtde/lib/pkgconfig/ur_ros_rtde.pc'
[0.998s] Level 1:colcon.colcon_core.environment:checking '/home/alberto/Documents/kia_gd_ws/install/ur_ros_rtde/lib/python3.10/site-packages'
[0.998s] Level 1:colcon.colcon_core.environment:checking '/home/alberto/Documents/kia_gd_ws/install/ur_ros_rtde/bin'
[0.998s] INFO:colcon.colcon_core.shell:Creating package script '/home/alberto/Documents/kia_gd_ws/install/ur_ros_rtde/share/ur_ros_rtde/package.ps1'
[0.998s] INFO:colcon.colcon_core.shell:Creating package descriptor '/home/alberto/Documents/kia_gd_ws/install/ur_ros_rtde/share/ur_ros_rtde/package.dsv'
[0.999s] INFO:colcon.colcon_core.shell:Creating package script '/home/alberto/Documents/kia_gd_ws/install/ur_ros_rtde/share/ur_ros_rtde/package.sh'
[0.999s] INFO:colcon.colcon_core.shell:Creating package script '/home/alberto/Documents/kia_gd_ws/install/ur_ros_rtde/share/ur_ros_rtde/package.bash'
[1.000s] INFO:colcon.colcon_core.shell:Creating package script '/home/alberto/Documents/kia_gd_ws/install/ur_ros_rtde/share/ur_ros_rtde/package.zsh'
[1.000s] Level 1:colcon.colcon_core.environment:create_file_with_runtime_dependencies(/home/alberto/Documents/kia_gd_ws/install/ur_ros_rtde/share/colcon-core/packages/ur_ros_rtde)
[1.000s] Level 1:colcon.colcon_core.environment:create_environment_scripts_only(ur_ros_rtde)
[1.001s] Level 1:colcon.colcon_core.environment:checking '/home/alberto/Documents/kia_gd_ws/install/ur_ros_rtde' for CMake module files
[1.001s] Level 1:colcon.colcon_core.environment:checking '/home/alberto/Documents/kia_gd_ws/install/ur_ros_rtde' for CMake config files
[1.001s] Level 1:colcon.colcon_core.shell:create_environment_hook('ur_ros_rtde', 'cmake_prefix_path')
[1.001s] INFO:colcon.colcon_core.shell:Creating environment hook '/home/alberto/Documents/kia_gd_ws/install/ur_ros_rtde/share/ur_ros_rtde/hook/cmake_prefix_path.ps1'
[1.002s] INFO:colcon.colcon_core.shell:Creating environment descriptor '/home/alberto/Documents/kia_gd_ws/install/ur_ros_rtde/share/ur_ros_rtde/hook/cmake_prefix_path.dsv'
[1.002s] INFO:colcon.colcon_core.shell:Creating environment hook '/home/alberto/Documents/kia_gd_ws/install/ur_ros_rtde/share/ur_ros_rtde/hook/cmake_prefix_path.sh'
[1.002s] Level 1:colcon.colcon_core.environment:checking '/home/alberto/Documents/kia_gd_ws/install/ur_ros_rtde/lib'
[1.002s] Level 1:colcon.colcon_core.shell:create_environment_hook('ur_ros_rtde', 'ld_library_path_lib')
[1.003s] INFO:colcon.colcon_core.shell:Creating environment hook '/home/alberto/Documents/kia_gd_ws/install/ur_ros_rtde/share/ur_ros_rtde/hook/ld_library_path_lib.ps1'
[1.003s] INFO:colcon.colcon_core.shell:Creating environment descriptor '/home/alberto/Documents/kia_gd_ws/install/ur_ros_rtde/share/ur_ros_rtde/hook/ld_library_path_lib.dsv'
[1.003s] INFO:colcon.colcon_core.shell:Creating environment hook '/home/alberto/Documents/kia_gd_ws/install/ur_ros_rtde/share/ur_ros_rtde/hook/ld_library_path_lib.sh'
[1.003s] Level 1:colcon.colcon_core.environment:checking '/home/alberto/Documents/kia_gd_ws/install/ur_ros_rtde/bin'
[1.003s] Level 1:colcon.colcon_core.environment:checking '/home/alberto/Documents/kia_gd_ws/install/ur_ros_rtde/lib/pkgconfig/ur_ros_rtde.pc'
[1.004s] Level 1:colcon.colcon_core.environment:checking '/home/alberto/Documents/kia_gd_ws/install/ur_ros_rtde/lib/python3.10/site-packages'
[1.004s] Level 1:colcon.colcon_core.environment:checking '/home/alberto/Documents/kia_gd_ws/install/ur_ros_rtde/bin'
[1.004s] INFO:colcon.colcon_core.shell:Creating package script '/home/alberto/Documents/kia_gd_ws/install/ur_ros_rtde/share/ur_ros_rtde/package.ps1'
[1.004s] INFO:colcon.colcon_core.shell:Creating package descriptor '/home/alberto/Documents/kia_gd_ws/install/ur_ros_rtde/share/ur_ros_rtde/package.dsv'
[1.005s] INFO:colcon.colcon_core.shell:Creating package script '/home/alberto/Documents/kia_gd_ws/install/ur_ros_rtde/share/ur_ros_rtde/package.sh'
[1.005s] INFO:colcon.colcon_core.shell:Creating package script '/home/alberto/Documents/kia_gd_ws/install/ur_ros_rtde/share/ur_ros_rtde/package.bash'
[1.005s] INFO:colcon.colcon_core.shell:Creating package script '/home/alberto/Documents/kia_gd_ws/install/ur_ros_rtde/share/ur_ros_rtde/package.zsh'
[1.006s] Level 1:colcon.colcon_core.environment:create_file_with_runtime_dependencies(/home/alberto/Documents/kia_gd_ws/install/ur_ros_rtde/share/colcon-core/packages/ur_ros_rtde)
[1.006s] INFO:colcon.colcon_ros.task.ament_cmake.build:Building ROS package in '/home/alberto/Documents/kia_gd_ws/src/ur_ros_rtde/ur_ros_rtde_gripper_commands' with build type 'ament_cmake'
[1.006s] INFO:colcon.colcon_cmake.task.cmake.build:Building CMake package in '/home/alberto/Documents/kia_gd_ws/src/ur_ros_rtde/ur_ros_rtde_gripper_commands'
[1.006s] INFO:colcon.colcon_core.shell:Skip shell extension 'powershell' for command environment: Not usable outside of PowerShell
[1.006s] DEBUG:colcon.colcon_core.shell:Skip shell extension 'dsv' for command environment
[1.011s] INFO:colcon.colcon_ros.task.ament_cmake.build:Building ROS package in '/home/alberto/Documents/kia_gd_ws/src/ur_ros_rtde/ur_ros_rtde_tutorials' with build type 'ament_cmake'
[1.011s] INFO:colcon.colcon_cmake.task.cmake.build:Building CMake package in '/home/alberto/Documents/kia_gd_ws/src/ur_ros_rtde/ur_ros_rtde_tutorials'
[1.011s] INFO:colcon.colcon_core.shell:Skip shell extension 'powershell' for command environment: Not usable outside of PowerShell
[1.011s] DEBUG:colcon.colcon_core.shell:Skip shell extension 'dsv' for command environment
[1.018s] DEBUG:colcon.colcon_core.event_handler.log_command:Invoking command in '/home/alberto/Documents/kia_gd_ws/src/ROS-TCP-Endpoint': PYTHONPATH=/home/alberto/Documents/kia_gd_ws/build/ros_tcp_endpoint/prefix_override:/usr/lib/python3/dist-packages/colcon_core/task/python/colcon_distutils_commands:/home/alberto/Documents/kia_gd_ws/install/ros_tcp_endpoint/lib/python3.10/site-packages:${PYTHONPATH} /usr/bin/python3 -W ignore:setup.py install is deprecated -W ignore:easy_install command is deprecated setup.py egg_info --egg-base ../../build/ros_tcp_endpoint build --build-base /home/alberto/Documents/kia_gd_ws/build/ros_tcp_endpoint/build install --record /home/alberto/Documents/kia_gd_ws/build/ros_tcp_endpoint/install.log --install-scripts $base/lib/ros_tcp_endpoint --single-version-externally-managed install_data
[1.021s] DEBUG:colcon.colcon_core.event_handler.log_command:Invoking command in '/home/alberto/Documents/kia_gd_ws/build/ur_ros_rtde_gripper_commands': CMAKE_PREFIX_PATH=/home/alberto/Documents/kia_gd_ws/install/ur_ros_rtde:/home/alberto/Documents/kia_gd_ws/install/ur_ros_rtde_simple_clients:/home/alberto/Documents/kia_gd_ws/install/ur_ros_rtde_msgs:/home/alberto/Documents/kia_gd_ws/install/ur_ros_rtde_tutorials:/home/alberto/Documents/kia_gd_ws/install/ur_ros_rtde_gripper_commands:/home/alberto/Documents/kia_gd_ws/install/ur:/home/alberto/Documents/kia_gd_ws/install/ur_calibration:/home/alberto/Documents/kia_gd_ws/install/ur_robot_driver:/home/alberto/Documents/kia_gd_ws/install/ur_moveit_config:/home/alberto/Documents/kia_gd_ws/install/ur_bringup:/home/alberto/Documents/kia_gd_ws/install/ur_controllers:/home/alberto/Documents/kia_gd_ws/install/ur_dashboard_msgs:/home/alberto/Documents/kia_gd_ws/install/simple_ur10e_moveit_config:/home/alberto/Documents/kia_gd_ws/install/simple_ur10e_description:/home/alberto/Documents/kia_gd_ws/install/kia_gd:/home/alberto/Documents/sub_alberto/install/uuv_visualization:/home/alberto/Documents/sub_alberto/install/uuv_vision:/home/alberto/Documents/sub_alberto/install/uuv_navigation:/home/alberto/Documents/sub_alberto/install/uuv_mission:/home/alberto/Documents/sub_alberto/install/uuv_master:/home/alberto/Documents/sub_alberto/install/uuv_control:/home/alberto/install/vectornav:/home/alberto/install/vectornav_msgs:/home/alberto/install/uuv_teleop:/home/alberto/install/uuv_description:/home/alberto/install/sub:/home/alberto/install/pid:/home/alberto/Documents/kia_gd_ws/install/ros_tcp_endpoint:/home/alberto/ros2_ws/install/docker_test:/opt/ros/humble:/home/alberto/install/catkin:/home/alberto/ros2_ws/install/sub:/home/alberto/ros2_ws/install/pid:/home/alberto/ros2_ws/install/catkin:/home/alberto/uuv/install/uuv LD_LIBRARY_PATH=/home/alberto/Documents/kia_gd_ws/install/ur_ros_rtde/lib:/home/alberto/Documents/kia_gd_ws/install/ur_ros_rtde_msgs/lib:/home/alberto/Documents/kia_gd_ws/install/ur_ros_rtde_tutorials/lib:/home/alberto/Documents/kia_gd_ws/install/ur_ros_rtde_gripper_commands/lib:/home/alberto/Documents/kia_gd_ws/install/ur_robot_driver/lib:/home/alberto/Documents/kia_gd_ws/install/ur_controllers/lib:/home/alberto/Documents/kia_gd_ws/install/ur_dashboard_msgs/lib:/home/alberto/install/vectornav/lib:/home/alberto/install/vectornav_msgs/lib:/opt/ros/humble/opt/rviz_ogre_vendor/lib:/opt/ros/humble/lib/x86_64-linux-gnu:/opt/ros/humble/lib /usr/bin/cmake --build /home/alberto/Documents/kia_gd_ws/build/ur_ros_rtde_gripper_commands -- -j8 -l8
[1.025s] DEBUG:colcon.colcon_core.event_handler.log_command:Invoking command in '/home/alberto/Documents/kia_gd_ws/build/ur_ros_rtde_tutorials': CMAKE_PREFIX_PATH=/home/alberto/Documents/kia_gd_ws/install/ur_ros_rtde:/home/alberto/Documents/kia_gd_ws/install/ur_ros_rtde_simple_clients:/home/alberto/Documents/kia_gd_ws/install/ur_ros_rtde_msgs:/home/alberto/Documents/kia_gd_ws/install/ur_ros_rtde_tutorials:/home/alberto/Documents/kia_gd_ws/install/ur_ros_rtde_gripper_commands:/home/alberto/Documents/kia_gd_ws/install/ur:/home/alberto/Documents/kia_gd_ws/install/ur_calibration:/home/alberto/Documents/kia_gd_ws/install/ur_robot_driver:/home/alberto/Documents/kia_gd_ws/install/ur_moveit_config:/home/alberto/Documents/kia_gd_ws/install/ur_bringup:/home/alberto/Documents/kia_gd_ws/install/ur_controllers:/home/alberto/Documents/kia_gd_ws/install/ur_dashboard_msgs:/home/alberto/Documents/kia_gd_ws/install/simple_ur10e_moveit_config:/home/alberto/Documents/kia_gd_ws/install/simple_ur10e_description:/home/alberto/Documents/kia_gd_ws/install/kia_gd:/home/alberto/Documents/sub_alberto/install/uuv_visualization:/home/alberto/Documents/sub_alberto/install/uuv_vision:/home/alberto/Documents/sub_alberto/install/uuv_navigation:/home/alberto/Documents/sub_alberto/install/uuv_mission:/home/alberto/Documents/sub_alberto/install/uuv_master:/home/alberto/Documents/sub_alberto/install/uuv_control:/home/alberto/install/vectornav:/home/alberto/install/vectornav_msgs:/home/alberto/install/uuv_teleop:/home/alberto/install/uuv_description:/home/alberto/install/sub:/home/alberto/install/pid:/home/alberto/Documents/kia_gd_ws/install/ros_tcp_endpoint:/home/alberto/ros2_ws/install/docker_test:/opt/ros/humble:/home/alberto/install/catkin:/home/alberto/ros2_ws/install/sub:/home/alberto/ros2_ws/install/pid:/home/alberto/ros2_ws/install/catkin:/home/alberto/uuv/install/uuv LD_LIBRARY_PATH=/home/alberto/Documents/kia_gd_ws/install/ur_ros_rtde/lib:/home/alberto/Documents/kia_gd_ws/install/ur_ros_rtde_msgs/lib:/home/alberto/Documents/kia_gd_ws/install/ur_ros_rtde_tutorials/lib:/home/alberto/Documents/kia_gd_ws/install/ur_ros_rtde_gripper_commands/lib:/home/alberto/Documents/kia_gd_ws/install/ur_robot_driver/lib:/home/alberto/Documents/kia_gd_ws/install/ur_controllers/lib:/home/alberto/Documents/kia_gd_ws/install/ur_dashboard_msgs/lib:/home/alberto/install/vectornav/lib:/home/alberto/install/vectornav_msgs/lib:/opt/ros/humble/opt/rviz_ogre_vendor/lib:/opt/ros/humble/lib/x86_64-linux-gnu:/opt/ros/humble/lib /usr/bin/cmake --build /home/alberto/Documents/kia_gd_ws/build/ur_ros_rtde_tutorials -- -j8 -l8
[1.604s] DEBUG:colcon.colcon_core.event_handler.log_command:Invoked command in '/home/alberto/Documents/kia_gd_ws/build/ur_ros_rtde_gripper_commands' returned '0': CMAKE_PREFIX_PATH=/home/alberto/Documents/kia_gd_ws/install/ur_ros_rtde:/home/alberto/Documents/kia_gd_ws/install/ur_ros_rtde_simple_clients:/home/alberto/Documents/kia_gd_ws/install/ur_ros_rtde_msgs:/home/alberto/Documents/kia_gd_ws/install/ur_ros_rtde_tutorials:/home/alberto/Documents/kia_gd_ws/install/ur_ros_rtde_gripper_commands:/home/alberto/Documents/kia_gd_ws/install/ur:/home/alberto/Documents/kia_gd_ws/install/ur_calibration:/home/alberto/Documents/kia_gd_ws/install/ur_robot_driver:/home/alberto/Documents/kia_gd_ws/install/ur_moveit_config:/home/alberto/Documents/kia_gd_ws/install/ur_bringup:/home/alberto/Documents/kia_gd_ws/install/ur_controllers:/home/alberto/Documents/kia_gd_ws/install/ur_dashboard_msgs:/home/alberto/Documents/kia_gd_ws/install/simple_ur10e_moveit_config:/home/alberto/Documents/kia_gd_ws/install/simple_ur10e_description:/home/alberto/Documents/kia_gd_ws/install/kia_gd:/home/alberto/Documents/sub_alberto/install/uuv_visualization:/home/alberto/Documents/sub_alberto/install/uuv_vision:/home/alberto/Documents/sub_alberto/install/uuv_navigation:/home/alberto/Documents/sub_alberto/install/uuv_mission:/home/alberto/Documents/sub_alberto/install/uuv_master:/home/alberto/Documents/sub_alberto/install/uuv_control:/home/alberto/install/vectornav:/home/alberto/install/vectornav_msgs:/home/alberto/install/uuv_teleop:/home/alberto/install/uuv_description:/home/alberto/install/sub:/home/alberto/install/pid:/home/alberto/Documents/kia_gd_ws/install/ros_tcp_endpoint:/home/alberto/ros2_ws/install/docker_test:/opt/ros/humble:/home/alberto/install/catkin:/home/alberto/ros2_ws/install/sub:/home/alberto/ros2_ws/install/pid:/home/alberto/ros2_ws/install/catkin:/home/alberto/uuv/install/uuv LD_LIBRARY_PATH=/home/alberto/Documents/kia_gd_ws/install/ur_ros_rtde/lib:/home/alberto/Documents/kia_gd_ws/install/ur_ros_rtde_msgs/lib:/home/alberto/Documents/kia_gd_ws/install/ur_ros_rtde_tutorials/lib:/home/alberto/Documents/kia_gd_ws/install/ur_ros_rtde_gripper_commands/lib:/home/alberto/Documents/kia_gd_ws/install/ur_robot_driver/lib:/home/alberto/Documents/kia_gd_ws/install/ur_controllers/lib:/home/alberto/Documents/kia_gd_ws/install/ur_dashboard_msgs/lib:/home/alberto/install/vectornav/lib:/home/alberto/install/vectornav_msgs/lib:/opt/ros/humble/opt/rviz_ogre_vendor/lib:/opt/ros/humble/lib/x86_64-linux-gnu:/opt/ros/humble/lib /usr/bin/cmake --build /home/alberto/Documents/kia_gd_ws/build/ur_ros_rtde_gripper_commands -- -j8 -l8
[1.607s] DEBUG:colcon.colcon_core.event_handler.log_command:Invoking command in '/home/alberto/Documents/kia_gd_ws/build/ur_ros_rtde_gripper_commands': CMAKE_PREFIX_PATH=/home/alberto/Documents/kia_gd_ws/install/ur_ros_rtde:/home/alberto/Documents/kia_gd_ws/install/ur_ros_rtde_simple_clients:/home/alberto/Documents/kia_gd_ws/install/ur_ros_rtde_msgs:/home/alberto/Documents/kia_gd_ws/install/ur_ros_rtde_tutorials:/home/alberto/Documents/kia_gd_ws/install/ur_ros_rtde_gripper_commands:/home/alberto/Documents/kia_gd_ws/install/ur:/home/alberto/Documents/kia_gd_ws/install/ur_calibration:/home/alberto/Documents/kia_gd_ws/install/ur_robot_driver:/home/alberto/Documents/kia_gd_ws/install/ur_moveit_config:/home/alberto/Documents/kia_gd_ws/install/ur_bringup:/home/alberto/Documents/kia_gd_ws/install/ur_controllers:/home/alberto/Documents/kia_gd_ws/install/ur_dashboard_msgs:/home/alberto/Documents/kia_gd_ws/install/simple_ur10e_moveit_config:/home/alberto/Documents/kia_gd_ws/install/simple_ur10e_description:/home/alberto/Documents/kia_gd_ws/install/kia_gd:/home/alberto/Documents/sub_alberto/install/uuv_visualization:/home/alberto/Documents/sub_alberto/install/uuv_vision:/home/alberto/Documents/sub_alberto/install/uuv_navigation:/home/alberto/Documents/sub_alberto/install/uuv_mission:/home/alberto/Documents/sub_alberto/install/uuv_master:/home/alberto/Documents/sub_alberto/install/uuv_control:/home/alberto/install/vectornav:/home/alberto/install/vectornav_msgs:/home/alberto/install/uuv_teleop:/home/alberto/install/uuv_description:/home/alberto/install/sub:/home/alberto/install/pid:/home/alberto/Documents/kia_gd_ws/install/ros_tcp_endpoint:/home/alberto/ros2_ws/install/docker_test:/opt/ros/humble:/home/alberto/install/catkin:/home/alberto/ros2_ws/install/sub:/home/alberto/ros2_ws/install/pid:/home/alberto/ros2_ws/install/catkin:/home/alberto/uuv/install/uuv LD_LIBRARY_PATH=/home/alberto/Documents/kia_gd_ws/install/ur_ros_rtde/lib:/home/alberto/Documents/kia_gd_ws/install/ur_ros_rtde_msgs/lib:/home/alberto/Documents/kia_gd_ws/install/ur_ros_rtde_tutorials/lib:/home/alberto/Documents/kia_gd_ws/install/ur_ros_rtde_gripper_commands/lib:/home/alberto/Documents/kia_gd_ws/install/ur_robot_driver/lib:/home/alberto/Documents/kia_gd_ws/install/ur_controllers/lib:/home/alberto/Documents/kia_gd_ws/install/ur_dashboard_msgs/lib:/home/alberto/install/vectornav/lib:/home/alberto/install/vectornav_msgs/lib:/opt/ros/humble/opt/rviz_ogre_vendor/lib:/opt/ros/humble/lib/x86_64-linux-gnu:/opt/ros/humble/lib /usr/bin/cmake --install /home/alberto/Documents/kia_gd_ws/build/ur_ros_rtde_gripper_commands
[1.641s] Level 1:colcon.colcon_core.environment:checking '/home/alberto/Documents/kia_gd_ws/install/ros_tcp_endpoint' for CMake module files
[1.642s] Level 1:colcon.colcon_core.environment:checking '/home/alberto/Documents/kia_gd_ws/install/ros_tcp_endpoint' for CMake config files
[1.642s] Level 1:colcon.colcon_core.environment:checking '/home/alberto/Documents/kia_gd_ws/install/ros_tcp_endpoint/lib'
[1.643s] Level 1:colcon.colcon_core.environment:checking '/home/alberto/Documents/kia_gd_ws/install/ros_tcp_endpoint/bin'
[1.643s] Level 1:colcon.colcon_core.environment:checking '/home/alberto/Documents/kia_gd_ws/install/ros_tcp_endpoint/lib/pkgconfig/ros_tcp_endpoint.pc'
[1.643s] Level 1:colcon.colcon_core.environment:checking '/home/alberto/Documents/kia_gd_ws/install/ros_tcp_endpoint/lib/python3.10/site-packages'
[1.643s] Level 1:colcon.colcon_core.shell:create_environment_hook('ros_tcp_endpoint', 'pythonpath')
[1.643s] INFO:colcon.colcon_core.shell:Creating environment hook '/home/alberto/Documents/kia_gd_ws/install/ros_tcp_endpoint/share/ros_tcp_endpoint/hook/pythonpath.ps1'
[1.644s] INFO:colcon.colcon_core.shell:Creating environment descriptor '/home/alberto/Documents/kia_gd_ws/install/ros_tcp_endpoint/share/ros_tcp_endpoint/hook/pythonpath.dsv'
[1.644s] INFO:colcon.colcon_core.shell:Creating environment hook '/home/alberto/Documents/kia_gd_ws/install/ros_tcp_endpoint/share/ros_tcp_endpoint/hook/pythonpath.sh'
[1.645s] DEBUG:colcon.colcon_core.event_handler.log_command:Invoked command in '/home/alberto/Documents/kia_gd_ws/src/ROS-TCP-Endpoint' returned '0': PYTHONPATH=/home/alberto/Documents/kia_gd_ws/build/ros_tcp_endpoint/prefix_override:/usr/lib/python3/dist-packages/colcon_core/task/python/colcon_distutils_commands:/home/alberto/Documents/kia_gd_ws/install/ros_tcp_endpoint/lib/python3.10/site-packages:${PYTHONPATH} /usr/bin/python3 -W ignore:setup.py install is deprecated -W ignore:easy_install command is deprecated setup.py egg_info --egg-base ../../build/ros_tcp_endpoint build --build-base /home/alberto/Documents/kia_gd_ws/build/ros_tcp_endpoint/build install --record /home/alberto/Documents/kia_gd_ws/build/ros_tcp_endpoint/install.log --install-scripts $base/lib/ros_tcp_endpoint --single-version-externally-managed install_data
[1.647s] Level 1:colcon.colcon_core.environment:checking '/home/alberto/Documents/kia_gd_ws/install/ros_tcp_endpoint/bin'
[1.647s] Level 1:colcon.colcon_core.environment:create_environment_scripts_only(ros_tcp_endpoint)
[1.648s] INFO:colcon.colcon_core.shell:Creating package script '/home/alberto/Documents/kia_gd_ws/install/ros_tcp_endpoint/share/ros_tcp_endpoint/package.ps1'
[1.648s] INFO:colcon.colcon_core.shell:Creating package descriptor '/home/alberto/Documents/kia_gd_ws/install/ros_tcp_endpoint/share/ros_tcp_endpoint/package.dsv'
[1.649s] INFO:colcon.colcon_core.shell:Creating package script '/home/alberto/Documents/kia_gd_ws/install/ros_tcp_endpoint/share/ros_tcp_endpoint/package.sh'
[1.649s] INFO:colcon.colcon_core.shell:Creating package script '/home/alberto/Documents/kia_gd_ws/install/ros_tcp_endpoint/share/ros_tcp_endpoint/package.bash'
[1.650s] INFO:colcon.colcon_core.shell:Creating package script '/home/alberto/Documents/kia_gd_ws/install/ros_tcp_endpoint/share/ros_tcp_endpoint/package.zsh'
[1.650s] Level 1:colcon.colcon_core.environment:create_file_with_runtime_dependencies(/home/alberto/Documents/kia_gd_ws/install/ros_tcp_endpoint/share/colcon-core/packages/ros_tcp_endpoint)
[1.687s] DEBUG:colcon.colcon_core.event_handler.log_command:Invoked command in '/home/alberto/Documents/kia_gd_ws/build/ur_ros_rtde_tutorials' returned '0': CMAKE_PREFIX_PATH=/home/alberto/Documents/kia_gd_ws/install/ur_ros_rtde:/home/alberto/Documents/kia_gd_ws/install/ur_ros_rtde_simple_clients:/home/alberto/Documents/kia_gd_ws/install/ur_ros_rtde_msgs:/home/alberto/Documents/kia_gd_ws/install/ur_ros_rtde_tutorials:/home/alberto/Documents/kia_gd_ws/install/ur_ros_rtde_gripper_commands:/home/alberto/Documents/kia_gd_ws/install/ur:/home/alberto/Documents/kia_gd_ws/install/ur_calibration:/home/alberto/Documents/kia_gd_ws/install/ur_robot_driver:/home/alberto/Documents/kia_gd_ws/install/ur_moveit_config:/home/alberto/Documents/kia_gd_ws/install/ur_bringup:/home/alberto/Documents/kia_gd_ws/install/ur_controllers:/home/alberto/Documents/kia_gd_ws/install/ur_dashboard_msgs:/home/alberto/Documents/kia_gd_ws/install/simple_ur10e_moveit_config:/home/alberto/Documents/kia_gd_ws/install/simple_ur10e_description:/home/alberto/Documents/kia_gd_ws/install/kia_gd:/home/alberto/Documents/sub_alberto/install/uuv_visualization:/home/alberto/Documents/sub_alberto/install/uuv_vision:/home/alberto/Documents/sub_alberto/install/uuv_navigation:/home/alberto/Documents/sub_alberto/install/uuv_mission:/home/alberto/Documents/sub_alberto/install/uuv_master:/home/alberto/Documents/sub_alberto/install/uuv_control:/home/alberto/install/vectornav:/home/alberto/install/vectornav_msgs:/home/alberto/install/uuv_teleop:/home/alberto/install/uuv_description:/home/alberto/install/sub:/home/alberto/install/pid:/home/alberto/Documents/kia_gd_ws/install/ros_tcp_endpoint:/home/alberto/ros2_ws/install/docker_test:/opt/ros/humble:/home/alberto/install/catkin:/home/alberto/ros2_ws/install/sub:/home/alberto/ros2_ws/install/pid:/home/alberto/ros2_ws/install/catkin:/home/alberto/uuv/install/uuv LD_LIBRARY_PATH=/home/alberto/Documents/kia_gd_ws/install/ur_ros_rtde/lib:/home/alberto/Documents/kia_gd_ws/install/ur_ros_rtde_msgs/lib:/home/alberto/Documents/kia_gd_ws/install/ur_ros_rtde_tutorials/lib:/home/alberto/Documents/kia_gd_ws/install/ur_ros_rtde_gripper_commands/lib:/home/alberto/Documents/kia_gd_ws/install/ur_robot_driver/lib:/home/alberto/Documents/kia_gd_ws/install/ur_controllers/lib:/home/alberto/Documents/kia_gd_ws/install/ur_dashboard_msgs/lib:/home/alberto/install/vectornav/lib:/home/alberto/install/vectornav_msgs/lib:/opt/ros/humble/opt/rviz_ogre_vendor/lib:/opt/ros/humble/lib/x86_64-linux-gnu:/opt/ros/humble/lib /usr/bin/cmake --build /home/alberto/Documents/kia_gd_ws/build/ur_ros_rtde_tutorials -- -j8 -l8
[1.688s] DEBUG:colcon.colcon_core.event_handler.log_command:Invoking command in '/home/alberto/Documents/kia_gd_ws/build/ur_ros_rtde_tutorials': CMAKE_PREFIX_PATH=/home/alberto/Documents/kia_gd_ws/install/ur_ros_rtde:/home/alberto/Documents/kia_gd_ws/install/ur_ros_rtde_simple_clients:/home/alberto/Documents/kia_gd_ws/install/ur_ros_rtde_msgs:/home/alberto/Documents/kia_gd_ws/install/ur_ros_rtde_tutorials:/home/alberto/Documents/kia_gd_ws/install/ur_ros_rtde_gripper_commands:/home/alberto/Documents/kia_gd_ws/install/ur:/home/alberto/Documents/kia_gd_ws/install/ur_calibration:/home/alberto/Documents/kia_gd_ws/install/ur_robot_driver:/home/alberto/Documents/kia_gd_ws/install/ur_moveit_config:/home/alberto/Documents/kia_gd_ws/install/ur_bringup:/home/alberto/Documents/kia_gd_ws/install/ur_controllers:/home/alberto/Documents/kia_gd_ws/install/ur_dashboard_msgs:/home/alberto/Documents/kia_gd_ws/install/simple_ur10e_moveit_config:/home/alberto/Documents/kia_gd_ws/install/simple_ur10e_description:/home/alberto/Documents/kia_gd_ws/install/kia_gd:/home/alberto/Documents/sub_alberto/install/uuv_visualization:/home/alberto/Documents/sub_alberto/install/uuv_vision:/home/alberto/Documents/sub_alberto/install/uuv_navigation:/home/alberto/Documents/sub_alberto/install/uuv_mission:/home/alberto/Documents/sub_alberto/install/uuv_master:/home/alberto/Documents/sub_alberto/install/uuv_control:/home/alberto/install/vectornav:/home/alberto/install/vectornav_msgs:/home/alberto/install/uuv_teleop:/home/alberto/install/uuv_description:/home/alberto/install/sub:/home/alberto/install/pid:/home/alberto/Documents/kia_gd_ws/install/ros_tcp_endpoint:/home/alberto/ros2_ws/install/docker_test:/opt/ros/humble:/home/alberto/install/catkin:/home/alberto/ros2_ws/install/sub:/home/alberto/ros2_ws/install/pid:/home/alberto/ros2_ws/install/catkin:/home/alberto/uuv/install/uuv LD_LIBRARY_PATH=/home/alberto/Documents/kia_gd_ws/install/ur_ros_rtde/lib:/home/alberto/Documents/kia_gd_ws/install/ur_ros_rtde_msgs/lib:/home/alberto/Documents/kia_gd_ws/install/ur_ros_rtde_tutorials/lib:/home/alberto/Documents/kia_gd_ws/install/ur_ros_rtde_gripper_commands/lib:/home/alberto/Documents/kia_gd_ws/install/ur_robot_driver/lib:/home/alberto/Documents/kia_gd_ws/install/ur_controllers/lib:/home/alberto/Documents/kia_gd_ws/install/ur_dashboard_msgs/lib:/home/alberto/install/vectornav/lib:/home/alberto/install/vectornav_msgs/lib:/opt/ros/humble/opt/rviz_ogre_vendor/lib:/opt/ros/humble/lib/x86_64-linux-gnu:/opt/ros/humble/lib /usr/bin/cmake --install /home/alberto/Documents/kia_gd_ws/build/ur_ros_rtde_tutorials
[1.710s] Level 1:colcon.colcon_core.environment:create_environment_scripts_only(ur_ros_rtde_gripper_commands)
[1.711s] Level 1:colcon.colcon_core.environment:checking '/home/alberto/Documents/kia_gd_ws/install/ur_ros_rtde_gripper_commands' for CMake module files
[1.714s] Level 1:colcon.colcon_core.environment:checking '/home/alberto/Documents/kia_gd_ws/install/ur_ros_rtde_gripper_commands' for CMake config files
[1.715s] Level 1:colcon.colcon_core.shell:create_environment_hook('ur_ros_rtde_gripper_commands', 'cmake_prefix_path')
[1.715s] INFO:colcon.colcon_core.shell:Creating environment hook '/home/alberto/Documents/kia_gd_ws/install/ur_ros_rtde_gripper_commands/share/ur_ros_rtde_gripper_commands/hook/cmake_prefix_path.ps1'
[1.716s] INFO:colcon.colcon_core.shell:Creating environment descriptor '/home/alberto/Documents/kia_gd_ws/install/ur_ros_rtde_gripper_commands/share/ur_ros_rtde_gripper_commands/hook/cmake_prefix_path.dsv'
[1.716s] INFO:colcon.colcon_core.shell:Creating environment hook '/home/alberto/Documents/kia_gd_ws/install/ur_ros_rtde_gripper_commands/share/ur_ros_rtde_gripper_commands/hook/cmake_prefix_path.sh'
[1.720s] Level 1:colcon.colcon_core.environment:checking '/home/alberto/Documents/kia_gd_ws/install/ur_ros_rtde_gripper_commands/lib'
[1.720s] Level 1:colcon.colcon_core.shell:create_environment_hook('ur_ros_rtde_gripper_commands', 'ld_library_path_lib')
[1.720s] INFO:colcon.colcon_core.shell:Creating environment hook '/home/alberto/Documents/kia_gd_ws/install/ur_ros_rtde_gripper_commands/share/ur_ros_rtde_gripper_commands/hook/ld_library_path_lib.ps1'
[1.721s] INFO:colcon.colcon_core.shell:Creating environment descriptor '/home/alberto/Documents/kia_gd_ws/install/ur_ros_rtde_gripper_commands/share/ur_ros_rtde_gripper_commands/hook/ld_library_path_lib.dsv'
[1.718s] DEBUG:colcon.colcon_core.event_handler.log_command:Invoked command in '/home/alberto/Documents/kia_gd_ws/build/ur_ros_rtde_gripper_commands' returned '0': CMAKE_PREFIX_PATH=/home/alberto/Documents/kia_gd_ws/install/ur_ros_rtde:/home/alberto/Documents/kia_gd_ws/install/ur_ros_rtde_simple_clients:/home/alberto/Documents/kia_gd_ws/install/ur_ros_rtde_msgs:/home/alberto/Documents/kia_gd_ws/install/ur_ros_rtde_tutorials:/home/alberto/Documents/kia_gd_ws/install/ur_ros_rtde_gripper_commands:/home/alberto/Documents/kia_gd_ws/install/ur:/home/alberto/Documents/kia_gd_ws/install/ur_calibration:/home/alberto/Documents/kia_gd_ws/install/ur_robot_driver:/home/alberto/Documents/kia_gd_ws/install/ur_moveit_config:/home/alberto/Documents/kia_gd_ws/install/ur_bringup:/home/alberto/Documents/kia_gd_ws/install/ur_controllers:/home/alberto/Documents/kia_gd_ws/install/ur_dashboard_msgs:/home/alberto/Documents/kia_gd_ws/install/simple_ur10e_moveit_config:/home/alberto/Documents/kia_gd_ws/install/simple_ur10e_description:/home/alberto/Documents/kia_gd_ws/install/kia_gd:/home/alberto/Documents/sub_alberto/install/uuv_visualization:/home/alberto/Documents/sub_alberto/install/uuv_vision:/home/alberto/Documents/sub_alberto/install/uuv_navigation:/home/alberto/Documents/sub_alberto/install/uuv_mission:/home/alberto/Documents/sub_alberto/install/uuv_master:/home/alberto/Documents/sub_alberto/install/uuv_control:/home/alberto/install/vectornav:/home/alberto/install/vectornav_msgs:/home/alberto/install/uuv_teleop:/home/alberto/install/uuv_description:/home/alberto/install/sub:/home/alberto/install/pid:/home/alberto/Documents/kia_gd_ws/install/ros_tcp_endpoint:/home/alberto/ros2_ws/install/docker_test:/opt/ros/humble:/home/alberto/install/catkin:/home/alberto/ros2_ws/install/sub:/home/alberto/ros2_ws/install/pid:/home/alberto/ros2_ws/install/catkin:/home/alberto/uuv/install/uuv LD_LIBRARY_PATH=/home/alberto/Documents/kia_gd_ws/install/ur_ros_rtde/lib:/home/alberto/Documents/kia_gd_ws/install/ur_ros_rtde_msgs/lib:/home/alberto/Documents/kia_gd_ws/install/ur_ros_rtde_tutorials/lib:/home/alberto/Documents/kia_gd_ws/install/ur_ros_rtde_gripper_commands/lib:/home/alberto/Documents/kia_gd_ws/install/ur_robot_driver/lib:/home/alberto/Documents/kia_gd_ws/install/ur_controllers/lib:/home/alberto/Documents/kia_gd_ws/install/ur_dashboard_msgs/lib:/home/alberto/install/vectornav/lib:/home/alberto/install/vectornav_msgs/lib:/opt/ros/humble/opt/rviz_ogre_vendor/lib:/opt/ros/humble/lib/x86_64-linux-gnu:/opt/ros/humble/lib /usr/bin/cmake --install /home/alberto/Documents/kia_gd_ws/build/ur_ros_rtde_gripper_commands
[1.721s] INFO:colcon.colcon_core.shell:Creating environment hook '/home/alberto/Documents/kia_gd_ws/install/ur_ros_rtde_gripper_commands/share/ur_ros_rtde_gripper_commands/hook/ld_library_path_lib.sh'
[1.722s] Level 1:colcon.colcon_core.environment:checking '/home/alberto/Documents/kia_gd_ws/install/ur_ros_rtde_gripper_commands/bin'
[1.722s] Level 1:colcon.colcon_core.environment:checking '/home/alberto/Documents/kia_gd_ws/install/ur_ros_rtde_gripper_commands/lib/pkgconfig/ur_ros_rtde_gripper_commands.pc'
[1.722s] Level 1:colcon.colcon_core.environment:checking '/home/alberto/Documents/kia_gd_ws/install/ur_ros_rtde_gripper_commands/lib/python3.10/site-packages'
[1.722s] Level 1:colcon.colcon_core.environment:checking '/home/alberto/Documents/kia_gd_ws/install/ur_ros_rtde_gripper_commands/bin'
[1.723s] INFO:colcon.colcon_core.shell:Creating package script '/home/alberto/Documents/kia_gd_ws/install/ur_ros_rtde_gripper_commands/share/ur_ros_rtde_gripper_commands/package.ps1'
[1.728s] INFO:colcon.colcon_core.shell:Creating package descriptor '/home/alberto/Documents/kia_gd_ws/install/ur_ros_rtde_gripper_commands/share/ur_ros_rtde_gripper_commands/package.dsv'
[1.728s] INFO:colcon.colcon_core.shell:Creating package script '/home/alberto/Documents/kia_gd_ws/install/ur_ros_rtde_gripper_commands/share/ur_ros_rtde_gripper_commands/package.sh'
[1.729s] INFO:colcon.colcon_core.shell:Creating package script '/home/alberto/Documents/kia_gd_ws/install/ur_ros_rtde_gripper_commands/share/ur_ros_rtde_gripper_commands/package.bash'
[1.729s] INFO:colcon.colcon_core.shell:Creating package script '/home/alberto/Documents/kia_gd_ws/install/ur_ros_rtde_gripper_commands/share/ur_ros_rtde_gripper_commands/package.zsh'
[1.730s] Level 1:colcon.colcon_core.environment:create_file_with_runtime_dependencies(/home/alberto/Documents/kia_gd_ws/install/ur_ros_rtde_gripper_commands/share/colcon-core/packages/ur_ros_rtde_gripper_commands)
[1.731s] Level 1:colcon.colcon_core.environment:create_environment_scripts_only(ur_ros_rtde_gripper_commands)
[1.731s] Level 1:colcon.colcon_core.environment:checking '/home/alberto/Documents/kia_gd_ws/install/ur_ros_rtde_gripper_commands' for CMake module files
[1.732s] Level 1:colcon.colcon_core.environment:checking '/home/alberto/Documents/kia_gd_ws/install/ur_ros_rtde_gripper_commands' for CMake config files
[1.732s] Level 1:colcon.colcon_core.shell:create_environment_hook('ur_ros_rtde_gripper_commands', 'cmake_prefix_path')
[1.732s] INFO:colcon.colcon_core.shell:Creating environment hook '/home/alberto/Documents/kia_gd_ws/install/ur_ros_rtde_gripper_commands/share/ur_ros_rtde_gripper_commands/hook/cmake_prefix_path.ps1'
[1.733s] INFO:colcon.colcon_core.shell:Creating environment descriptor '/home/alberto/Documents/kia_gd_ws/install/ur_ros_rtde_gripper_commands/share/ur_ros_rtde_gripper_commands/hook/cmake_prefix_path.dsv'
[1.733s] INFO:colcon.colcon_core.shell:Creating environment hook '/home/alberto/Documents/kia_gd_ws/install/ur_ros_rtde_gripper_commands/share/ur_ros_rtde_gripper_commands/hook/cmake_prefix_path.sh'
[1.733s] Level 1:colcon.colcon_core.environment:checking '/home/alberto/Documents/kia_gd_ws/install/ur_ros_rtde_gripper_commands/lib'
[1.733s] Level 1:colcon.colcon_core.shell:create_environment_hook('ur_ros_rtde_gripper_commands', 'ld_library_path_lib')
[1.734s] INFO:colcon.colcon_core.shell:Creating environment hook '/home/alberto/Documents/kia_gd_ws/install/ur_ros_rtde_gripper_commands/share/ur_ros_rtde_gripper_commands/hook/ld_library_path_lib.ps1'
[1.734s] INFO:colcon.colcon_core.shell:Creating environment descriptor '/home/alberto/Documents/kia_gd_ws/install/ur_ros_rtde_gripper_commands/share/ur_ros_rtde_gripper_commands/hook/ld_library_path_lib.dsv'
[1.734s] INFO:colcon.colcon_core.shell:Creating environment hook '/home/alberto/Documents/kia_gd_ws/install/ur_ros_rtde_gripper_commands/share/ur_ros_rtde_gripper_commands/hook/ld_library_path_lib.sh'
[1.734s] Level 1:colcon.colcon_core.environment:checking '/home/alberto/Documents/kia_gd_ws/install/ur_ros_rtde_gripper_commands/bin'
[1.734s] Level 1:colcon.colcon_core.environment:checking '/home/alberto/Documents/kia_gd_ws/install/ur_ros_rtde_gripper_commands/lib/pkgconfig/ur_ros_rtde_gripper_commands.pc'
[1.735s] Level 1:colcon.colcon_core.environment:checking '/home/alberto/Documents/kia_gd_ws/install/ur_ros_rtde_gripper_commands/lib/python3.10/site-packages'
[1.735s] Level 1:colcon.colcon_core.environment:checking '/home/alberto/Documents/kia_gd_ws/install/ur_ros_rtde_gripper_commands/bin'
[1.735s] INFO:colcon.colcon_core.shell:Creating package script '/home/alberto/Documents/kia_gd_ws/install/ur_ros_rtde_gripper_commands/share/ur_ros_rtde_gripper_commands/package.ps1'
[1.735s] INFO:colcon.colcon_core.shell:Creating package descriptor '/home/alberto/Documents/kia_gd_ws/install/ur_ros_rtde_gripper_commands/share/ur_ros_rtde_gripper_commands/package.dsv'
[1.736s] INFO:colcon.colcon_core.shell:Creating package script '/home/alberto/Documents/kia_gd_ws/install/ur_ros_rtde_gripper_commands/share/ur_ros_rtde_gripper_commands/package.sh'
[1.736s] INFO:colcon.colcon_core.shell:Creating package script '/home/alberto/Documents/kia_gd_ws/install/ur_ros_rtde_gripper_commands/share/ur_ros_rtde_gripper_commands/package.bash'
[1.736s] INFO:colcon.colcon_core.shell:Creating package script '/home/alberto/Documents/kia_gd_ws/install/ur_ros_rtde_gripper_commands/share/ur_ros_rtde_gripper_commands/package.zsh'
[1.737s] Level 1:colcon.colcon_core.environment:create_file_with_runtime_dependencies(/home/alberto/Documents/kia_gd_ws/install/ur_ros_rtde_gripper_commands/share/colcon-core/packages/ur_ros_rtde_gripper_commands)
[1.751s] Level 1:colcon.colcon_core.environment:create_environment_scripts_only(ur_ros_rtde_tutorials)
[1.751s] Level 1:colcon.colcon_core.environment:checking '/home/alberto/Documents/kia_gd_ws/install/ur_ros_rtde_tutorials' for CMake module files
[1.751s] DEBUG:colcon.colcon_core.event_handler.log_command:Invoked command in '/home/alberto/Documents/kia_gd_ws/build/ur_ros_rtde_tutorials' returned '0': CMAKE_PREFIX_PATH=/home/alberto/Documents/kia_gd_ws/install/ur_ros_rtde:/home/alberto/Documents/kia_gd_ws/install/ur_ros_rtde_simple_clients:/home/alberto/Documents/kia_gd_ws/install/ur_ros_rtde_msgs:/home/alberto/Documents/kia_gd_ws/install/ur_ros_rtde_tutorials:/home/alberto/Documents/kia_gd_ws/install/ur_ros_rtde_gripper_commands:/home/alberto/Documents/kia_gd_ws/install/ur:/home/alberto/Documents/kia_gd_ws/install/ur_calibration:/home/alberto/Documents/kia_gd_ws/install/ur_robot_driver:/home/alberto/Documents/kia_gd_ws/install/ur_moveit_config:/home/alberto/Documents/kia_gd_ws/install/ur_bringup:/home/alberto/Documents/kia_gd_ws/install/ur_controllers:/home/alberto/Documents/kia_gd_ws/install/ur_dashboard_msgs:/home/alberto/Documents/kia_gd_ws/install/simple_ur10e_moveit_config:/home/alberto/Documents/kia_gd_ws/install/simple_ur10e_description:/home/alberto/Documents/kia_gd_ws/install/kia_gd:/home/alberto/Documents/sub_alberto/install/uuv_visualization:/home/alberto/Documents/sub_alberto/install/uuv_vision:/home/alberto/Documents/sub_alberto/install/uuv_navigation:/home/alberto/Documents/sub_alberto/install/uuv_mission:/home/alberto/Documents/sub_alberto/install/uuv_master:/home/alberto/Documents/sub_alberto/install/uuv_control:/home/alberto/install/vectornav:/home/alberto/install/vectornav_msgs:/home/alberto/install/uuv_teleop:/home/alberto/install/uuv_description:/home/alberto/install/sub:/home/alberto/install/pid:/home/alberto/Documents/kia_gd_ws/install/ros_tcp_endpoint:/home/alberto/ros2_ws/install/docker_test:/opt/ros/humble:/home/alberto/install/catkin:/home/alberto/ros2_ws/install/sub:/home/alberto/ros2_ws/install/pid:/home/alberto/ros2_ws/install/catkin:/home/alberto/uuv/install/uuv LD_LIBRARY_PATH=/home/alberto/Documents/kia_gd_ws/install/ur_ros_rtde/lib:/home/alberto/Documents/kia_gd_ws/install/ur_ros_rtde_msgs/lib:/home/alberto/Documents/kia_gd_ws/install/ur_ros_rtde_tutorials/lib:/home/alberto/Documents/kia_gd_ws/install/ur_ros_rtde_gripper_commands/lib:/home/alberto/Documents/kia_gd_ws/install/ur_robot_driver/lib:/home/alberto/Documents/kia_gd_ws/install/ur_controllers/lib:/home/alberto/Documents/kia_gd_ws/install/ur_dashboard_msgs/lib:/home/alberto/install/vectornav/lib:/home/alberto/install/vectornav_msgs/lib:/opt/ros/humble/opt/rviz_ogre_vendor/lib:/opt/ros/humble/lib/x86_64-linux-gnu:/opt/ros/humble/lib /usr/bin/cmake --install /home/alberto/Documents/kia_gd_ws/build/ur_ros_rtde_tutorials
[1.752s] Level 1:colcon.colcon_core.environment:checking '/home/alberto/Documents/kia_gd_ws/install/ur_ros_rtde_tutorials' for CMake config files
[1.752s] Level 1:colcon.colcon_core.shell:create_environment_hook('ur_ros_rtde_tutorials', 'cmake_prefix_path')
[1.752s] INFO:colcon.colcon_core.shell:Creating environment hook '/home/alberto/Documents/kia_gd_ws/install/ur_ros_rtde_tutorials/share/ur_ros_rtde_tutorials/hook/cmake_prefix_path.ps1'
[1.753s] INFO:colcon.colcon_core.shell:Creating environment descriptor '/home/alberto/Documents/kia_gd_ws/install/ur_ros_rtde_tutorials/share/ur_ros_rtde_tutorials/hook/cmake_prefix_path.dsv'
[1.753s] INFO:colcon.colcon_core.shell:Creating environment hook '/home/alberto/Documents/kia_gd_ws/install/ur_ros_rtde_tutorials/share/ur_ros_rtde_tutorials/hook/cmake_prefix_path.sh'
[1.753s] Level 1:colcon.colcon_core.environment:checking '/home/alberto/Documents/kia_gd_ws/install/ur_ros_rtde_tutorials/lib'
[1.754s] Level 1:colcon.colcon_core.shell:create_environment_hook('ur_ros_rtde_tutorials', 'ld_library_path_lib')
[1.754s] INFO:colcon.colcon_core.shell:Creating environment hook '/home/alberto/Documents/kia_gd_ws/install/ur_ros_rtde_tutorials/share/ur_ros_rtde_tutorials/hook/ld_library_path_lib.ps1'
[1.754s] INFO:colcon.colcon_core.shell:Creating environment descriptor '/home/alberto/Documents/kia_gd_ws/install/ur_ros_rtde_tutorials/share/ur_ros_rtde_tutorials/hook/ld_library_path_lib.dsv'
[1.754s] INFO:colcon.colcon_core.shell:Creating environment hook '/home/alberto/Documents/kia_gd_ws/install/ur_ros_rtde_tutorials/share/ur_ros_rtde_tutorials/hook/ld_library_path_lib.sh'
[1.755s] Level 1:colcon.colcon_core.environment:checking '/home/alberto/Documents/kia_gd_ws/install/ur_ros_rtde_tutorials/bin'
[1.755s] Level 1:colcon.colcon_core.environment:checking '/home/alberto/Documents/kia_gd_ws/install/ur_ros_rtde_tutorials/lib/pkgconfig/ur_ros_rtde_tutorials.pc'
[1.755s] Level 1:colcon.colcon_core.environment:checking '/home/alberto/Documents/kia_gd_ws/install/ur_ros_rtde_tutorials/lib/python3.10/site-packages'
[1.755s] Level 1:colcon.colcon_core.environment:checking '/home/alberto/Documents/kia_gd_ws/install/ur_ros_rtde_tutorials/bin'
[1.755s] INFO:colcon.colcon_core.shell:Creating package script '/home/alberto/Documents/kia_gd_ws/install/ur_ros_rtde_tutorials/share/ur_ros_rtde_tutorials/package.ps1'
[1.756s] INFO:colcon.colcon_core.shell:Creating package descriptor '/home/alberto/Documents/kia_gd_ws/install/ur_ros_rtde_tutorials/share/ur_ros_rtde_tutorials/package.dsv'
[1.756s] INFO:colcon.colcon_core.shell:Creating package script '/home/alberto/Documents/kia_gd_ws/install/ur_ros_rtde_tutorials/share/ur_ros_rtde_tutorials/package.sh'
[1.756s] INFO:colcon.colcon_core.shell:Creating package script '/home/alberto/Documents/kia_gd_ws/install/ur_ros_rtde_tutorials/share/ur_ros_rtde_tutorials/package.bash'
[1.757s] INFO:colcon.colcon_core.shell:Creating package script '/home/alberto/Documents/kia_gd_ws/install/ur_ros_rtde_tutorials/share/ur_ros_rtde_tutorials/package.zsh'
[1.757s] Level 1:colcon.colcon_core.environment:create_file_with_runtime_dependencies(/home/alberto/Documents/kia_gd_ws/install/ur_ros_rtde_tutorials/share/colcon-core/packages/ur_ros_rtde_tutorials)
[1.757s] Level 1:colcon.colcon_core.environment:create_environment_scripts_only(ur_ros_rtde_tutorials)
[1.758s] Level 1:colcon.colcon_core.environment:checking '/home/alberto/Documents/kia_gd_ws/install/ur_ros_rtde_tutorials' for CMake module files
[1.758s] Level 1:colcon.colcon_core.environment:checking '/home/alberto/Documents/kia_gd_ws/install/ur_ros_rtde_tutorials' for CMake config files
[1.758s] Level 1:colcon.colcon_core.shell:create_environment_hook('ur_ros_rtde_tutorials', 'cmake_prefix_path')
[1.758s] INFO:colcon.colcon_core.shell:Creating environment hook '/home/alberto/Documents/kia_gd_ws/install/ur_ros_rtde_tutorials/share/ur_ros_rtde_tutorials/hook/cmake_prefix_path.ps1'
[1.759s] INFO:colcon.colcon_core.shell:Creating environment descriptor '/home/alberto/Documents/kia_gd_ws/install/ur_ros_rtde_tutorials/share/ur_ros_rtde_tutorials/hook/cmake_prefix_path.dsv'
[1.759s] INFO:colcon.colcon_core.shell:Creating environment hook '/home/alberto/Documents/kia_gd_ws/install/ur_ros_rtde_tutorials/share/ur_ros_rtde_tutorials/hook/cmake_prefix_path.sh'
[1.759s] Level 1:colcon.colcon_core.environment:checking '/home/alberto/Documents/kia_gd_ws/install/ur_ros_rtde_tutorials/lib'
[1.759s] Level 1:colcon.colcon_core.shell:create_environment_hook('ur_ros_rtde_tutorials', 'ld_library_path_lib')
[1.760s] INFO:colcon.colcon_core.shell:Creating environment hook '/home/alberto/Documents/kia_gd_ws/install/ur_ros_rtde_tutorials/share/ur_ros_rtde_tutorials/hook/ld_library_path_lib.ps1'
[1.760s] INFO:colcon.colcon_core.shell:Creating environment descriptor '/home/alberto/Documents/kia_gd_ws/install/ur_ros_rtde_tutorials/share/ur_ros_rtde_tutorials/hook/ld_library_path_lib.dsv'
[1.760s] INFO:colcon.colcon_core.shell:Creating environment hook '/home/alberto/Documents/kia_gd_ws/install/ur_ros_rtde_tutorials/share/ur_ros_rtde_tutorials/hook/ld_library_path_lib.sh'
[1.760s] Level 1:colcon.colcon_core.environment:checking '/home/alberto/Documents/kia_gd_ws/install/ur_ros_rtde_tutorials/bin'
[1.760s] Level 1:colcon.colcon_core.environment:checking '/home/alberto/Documents/kia_gd_ws/install/ur_ros_rtde_tutorials/lib/pkgconfig/ur_ros_rtde_tutorials.pc'
[1.761s] Level 1:colcon.colcon_core.environment:checking '/home/alberto/Documents/kia_gd_ws/install/ur_ros_rtde_tutorials/lib/python3.10/site-packages'
[1.761s] Level 1:colcon.colcon_core.environment:checking '/home/alberto/Documents/kia_gd_ws/install/ur_ros_rtde_tutorials/bin'
[1.761s] INFO:colcon.colcon_core.shell:Creating package script '/home/alberto/Documents/kia_gd_ws/install/ur_ros_rtde_tutorials/share/ur_ros_rtde_tutorials/package.ps1'
[1.761s] INFO:colcon.colcon_core.shell:Creating package descriptor '/home/alberto/Documents/kia_gd_ws/install/ur_ros_rtde_tutorials/share/ur_ros_rtde_tutorials/package.dsv'
[1.762s] INFO:colcon.colcon_core.shell:Creating package script '/home/alberto/Documents/kia_gd_ws/install/ur_ros_rtde_tutorials/share/ur_ros_rtde_tutorials/package.sh'
[1.762s] INFO:colcon.colcon_core.shell:Creating package script '/home/alberto/Documents/kia_gd_ws/install/ur_ros_rtde_tutorials/share/ur_ros_rtde_tutorials/package.bash'
[1.763s] INFO:colcon.colcon_core.shell:Creating package script '/home/alberto/Documents/kia_gd_ws/install/ur_ros_rtde_tutorials/share/ur_ros_rtde_tutorials/package.zsh'
[1.763s] Level 1:colcon.colcon_core.environment:create_file_with_runtime_dependencies(/home/alberto/Documents/kia_gd_ws/install/ur_ros_rtde_tutorials/share/colcon-core/packages/ur_ros_rtde_tutorials)
[1.763s] DEBUG:colcon.colcon_parallel_executor.executor.parallel:closing loop
[1.763s] DEBUG:colcon.colcon_parallel_executor.executor.parallel:loop closed
[1.764s] DEBUG:colcon.colcon_parallel_executor.executor.parallel:run_until_complete finished with '0'
[1.764s] DEBUG:colcon.colcon_core.event_reactor:joining thread
[1.768s] INFO:colcon.colcon_core.plugin_system:Skipping extension 'colcon_notification.desktop_notification.terminal_notifier': Not used on non-Darwin systems
[1.768s] INFO:colcon.colcon_core.plugin_system:Skipping extension 'colcon_notification.desktop_notification.win32': Not used on non-Windows systems
[1.768s] INFO:colcon.colcon_notification.desktop_notification:Sending desktop notification using 'notify2'
[1.779s] DEBUG:colcon.colcon_core.event_reactor:joined thread
[1.780s] INFO:colcon.colcon_core.shell:Creating prefix script '/home/alberto/Documents/kia_gd_ws/install/local_setup.ps1'
[1.781s] INFO:colcon.colcon_core.shell:Creating prefix util module '/home/alberto/Documents/kia_gd_ws/install/_local_setup_util_ps1.py'
[1.782s] INFO:colcon.colcon_core.shell:Creating prefix chain script '/home/alberto/Documents/kia_gd_ws/install/setup.ps1'
[1.783s] INFO:colcon.colcon_core.shell:Creating prefix script '/home/alberto/Documents/kia_gd_ws/install/local_setup.sh'
[1.784s] INFO:colcon.colcon_core.shell:Creating prefix util module '/home/alberto/Documents/kia_gd_ws/install/_local_setup_util_sh.py'
[1.784s] INFO:colcon.colcon_core.shell:Creating prefix chain script '/home/alberto/Documents/kia_gd_ws/install/setup.sh'
[1.786s] INFO:colcon.colcon_core.shell:Creating prefix script '/home/alberto/Documents/kia_gd_ws/install/local_setup.bash'
[1.786s] INFO:colcon.colcon_core.shell:Creating prefix chain script '/home/alberto/Documents/kia_gd_ws/install/setup.bash'
[1.788s] INFO:colcon.colcon_core.shell:Creating prefix script '/home/alberto/Documents/kia_gd_ws/install/local_setup.zsh'
[1.788s] INFO:colcon.colcon_core.shell:Creating prefix chain script '/home/alberto/Documents/kia_gd_ws/install/setup.zsh'
