[0.167s] DEBUG:colcon:Command line arguments: ['/usr/bin/colcon', 'build']
[0.167s] DEBUG:colcon:Parsed command line arguments: Namespace(log_base=None, log_level=None, verb_name='build', build_base='build', install_base='install', merge_install=False, symlink_install=False, test_result_base=None, continue_on_error=False, executor='parallel', parallel_workers=8, event_handlers=None, ignore_user_meta=False, metas=['./colcon.meta'], base_paths=['.'], packages_ignore=None, packages_ignore_regex=None, paths=None, packages_up_to=None, packages_up_to_regex=None, packages_above=None, packages_above_and_dependencies=None, packages_above_depth=None, packages_select_by_dep=None, packages_skip_by_dep=None, packages_skip_up_to=None, packages_select_build_failed=False, packages_skip_build_finished=False, packages_select_test_failures=False, packages_skip_test_passed=False, packages_select=None, packages_skip=None, packages_select_regex=None, packages_skip_regex=None, packages_start=None, packages_end=None, allow_overriding=[], cmake_args=None, cmake_target=None, cmake_target_skip_unavailable=False, cmake_clean_cache=False, cmake_clean_first=False, cmake_force_configure=False, ament_cmake_args=None, catkin_cmake_args=None, catkin_skip_building_tests=False, mixin_files=None, mixin=None, verb_parser=<colcon_mixin.mixin.mixin_argument.MixinArgumentDecorator object at 0x79282e041bd0>, verb_extension=<colcon_core.verb.build.BuildVerb object at 0x79282e041600>, main=<bound method BuildVerb.main of <colcon_core.verb.build.BuildVerb object at 0x79282e041600>>, mixin_verb=('build',))
[0.223s] Level 1:colcon.colcon_core.package_discovery:discover_packages(colcon_meta) check parameters
[0.223s] Level 1:colcon.colcon_core.package_discovery:discover_packages(recursive) check parameters
[0.223s] Level 1:colcon.colcon_core.package_discovery:discover_packages(ignore) check parameters
[0.223s] Level 1:colcon.colcon_core.package_discovery:discover_packages(path) check parameters
[0.223s] Level 1:colcon.colcon_core.package_discovery:discover_packages(colcon_meta) discover
[0.223s] Level 1:colcon.colcon_core.package_discovery:discover_packages(recursive) discover
[0.223s] INFO:colcon.colcon_core.package_discovery:Crawling recursively for packages in '/home/alberto/Documents/kia_gd_ws'
[0.223s] Level 1:colcon.colcon_core.package_identification:_identify(.) by extensions ['ignore', 'ignore_ament_install']
[0.223s] Level 1:colcon.colcon_core.package_identification:_identify(.) by extension 'ignore'
[0.223s] Level 1:colcon.colcon_core.package_identification:_identify(.) by extension 'ignore_ament_install'
[0.224s] Level 1:colcon.colcon_core.package_identification:_identify(.) by extensions ['colcon_pkg']
[0.224s] Level 1:colcon.colcon_core.package_identification:_identify(.) by extension 'colcon_pkg'
[0.224s] Level 1:colcon.colcon_core.package_identification:_identify(.) by extensions ['colcon_meta']
[0.224s] Level 1:colcon.colcon_core.package_identification:_identify(.) by extension 'colcon_meta'
[0.224s] Level 1:colcon.colcon_core.package_identification:_identify(.) by extensions ['ros']
[0.224s] Level 1:colcon.colcon_core.package_identification:_identify(.) by extension 'ros'
[0.265s] Level 1:colcon.colcon_core.package_identification:_identify(.) by extensions ['cmake', 'python']
[0.265s] Level 1:colcon.colcon_core.package_identification:_identify(.) by extension 'cmake'
[0.265s] Level 1:colcon.colcon_core.package_identification:_identify(.) by extension 'python'
[0.265s] Level 1:colcon.colcon_core.package_identification:_identify(.) by extensions ['python_setup_py']
[0.265s] Level 1:colcon.colcon_core.package_identification:_identify(.) by extension 'python_setup_py'
[0.265s] Level 1:colcon.colcon_core.package_identification:_identify(build) by extensions ['ignore', 'ignore_ament_install']
[0.266s] Level 1:colcon.colcon_core.package_identification:_identify(build) by extension 'ignore'
[0.266s] Level 1:colcon.colcon_core.package_identification:_identify(build) ignored
[0.266s] Level 1:colcon.colcon_core.package_identification:_identify(install) by extensions ['ignore', 'ignore_ament_install']
[0.266s] Level 1:colcon.colcon_core.package_identification:_identify(install) by extension 'ignore'
[0.266s] Level 1:colcon.colcon_core.package_identification:_identify(install) ignored
[0.267s] Level 1:colcon.colcon_core.package_identification:_identify(log) by extensions ['ignore', 'ignore_ament_install']
[0.267s] Level 1:colcon.colcon_core.package_identification:_identify(log) by extension 'ignore'
[0.267s] Level 1:colcon.colcon_core.package_identification:_identify(log) ignored
[0.267s] Level 1:colcon.colcon_core.package_identification:_identify(src) by extensions ['ignore', 'ignore_ament_install']
[0.267s] Level 1:colcon.colcon_core.package_identification:_identify(src) by extension 'ignore'
[0.268s] Level 1:colcon.colcon_core.package_identification:_identify(src) by extension 'ignore_ament_install'
[0.268s] Level 1:colcon.colcon_core.package_identification:_identify(src) by extensions ['colcon_pkg']
[0.268s] Level 1:colcon.colcon_core.package_identification:_identify(src) by extension 'colcon_pkg'
[0.268s] Level 1:colcon.colcon_core.package_identification:_identify(src) by extensions ['colcon_meta']
[0.268s] Level 1:colcon.colcon_core.package_identification:_identify(src) by extension 'colcon_meta'
[0.268s] Level 1:colcon.colcon_core.package_identification:_identify(src) by extensions ['ros']
[0.268s] Level 1:colcon.colcon_core.package_identification:_identify(src) by extension 'ros'
[0.268s] Level 1:colcon.colcon_core.package_identification:_identify(src) by extensions ['cmake', 'python']
[0.268s] Level 1:colcon.colcon_core.package_identification:_identify(src) by extension 'cmake'
[0.268s] Level 1:colcon.colcon_core.package_identification:_identify(src) by extension 'python'
[0.268s] Level 1:colcon.colcon_core.package_identification:_identify(src) by extensions ['python_setup_py']
[0.268s] Level 1:colcon.colcon_core.package_identification:_identify(src) by extension 'python_setup_py'
[0.268s] Level 1:colcon.colcon_core.package_identification:_identify(src/ROS-TCP-Endpoint) by extensions ['ignore', 'ignore_ament_install']
[0.268s] Level 1:colcon.colcon_core.package_identification:_identify(src/ROS-TCP-Endpoint) by extension 'ignore'
[0.268s] Level 1:colcon.colcon_core.package_identification:_identify(src/ROS-TCP-Endpoint) by extension 'ignore_ament_install'
[0.268s] Level 1:colcon.colcon_core.package_identification:_identify(src/ROS-TCP-Endpoint) by extensions ['colcon_pkg']
[0.268s] Level 1:colcon.colcon_core.package_identification:_identify(src/ROS-TCP-Endpoint) by extension 'colcon_pkg'
[0.269s] Level 1:colcon.colcon_core.package_identification:_identify(src/ROS-TCP-Endpoint) by extensions ['colcon_meta']
[0.269s] Level 1:colcon.colcon_core.package_identification:_identify(src/ROS-TCP-Endpoint) by extension 'colcon_meta'
[0.269s] Level 1:colcon.colcon_core.package_identification:_identify(src/ROS-TCP-Endpoint) by extensions ['ros']
[0.269s] Level 1:colcon.colcon_core.package_identification:_identify(src/ROS-TCP-Endpoint) by extension 'ros'
[0.273s] DEBUG:colcon.colcon_core.package_identification:Package 'src/ROS-TCP-Endpoint' with type 'ros.ament_python' and name 'ros_tcp_endpoint'
[0.273s] Level 1:colcon.colcon_core.package_identification:_identify(src/kia_gd) by extensions ['ignore', 'ignore_ament_install']
[0.273s] Level 1:colcon.colcon_core.package_identification:_identify(src/kia_gd) by extension 'ignore'
[0.273s] Level 1:colcon.colcon_core.package_identification:_identify(src/kia_gd) by extension 'ignore_ament_install'
[0.273s] Level 1:colcon.colcon_core.package_identification:_identify(src/kia_gd) by extensions ['colcon_pkg']
[0.274s] Level 1:colcon.colcon_core.package_identification:_identify(src/kia_gd) by extension 'colcon_pkg'
[0.274s] Level 1:colcon.colcon_core.package_identification:_identify(src/kia_gd) by extensions ['colcon_meta']
[0.274s] Level 1:colcon.colcon_core.package_identification:_identify(src/kia_gd) by extension 'colcon_meta'
[0.274s] Level 1:colcon.colcon_core.package_identification:_identify(src/kia_gd) by extensions ['ros']
[0.274s] Level 1:colcon.colcon_core.package_identification:_identify(src/kia_gd) by extension 'ros'
[0.275s] DEBUG:colcon.colcon_core.package_identification:Package 'src/kia_gd' with type 'ros.ament_cmake' and name 'kia_gd'
[0.276s] Level 1:colcon.colcon_core.package_identification:_identify(src/ur_ros_rtde) by extensions ['ignore', 'ignore_ament_install']
[0.276s] Level 1:colcon.colcon_core.package_identification:_identify(src/ur_ros_rtde) by extension 'ignore'
[0.276s] Level 1:colcon.colcon_core.package_identification:_identify(src/ur_ros_rtde) by extension 'ignore_ament_install'
[0.276s] Level 1:colcon.colcon_core.package_identification:_identify(src/ur_ros_rtde) by extensions ['colcon_pkg']
[0.276s] Level 1:colcon.colcon_core.package_identification:_identify(src/ur_ros_rtde) by extension 'colcon_pkg'
[0.276s] Level 1:colcon.colcon_core.package_identification:_identify(src/ur_ros_rtde) by extensions ['colcon_meta']
[0.276s] Level 1:colcon.colcon_core.package_identification:_identify(src/ur_ros_rtde) by extension 'colcon_meta'
[0.276s] Level 1:colcon.colcon_core.package_identification:_identify(src/ur_ros_rtde) by extensions ['ros']
[0.276s] Level 1:colcon.colcon_core.package_identification:_identify(src/ur_ros_rtde) by extension 'ros'
[0.276s] Level 1:colcon.colcon_core.package_identification:_identify(src/ur_ros_rtde) by extensions ['cmake', 'python']
[0.277s] Level 1:colcon.colcon_core.package_identification:_identify(src/ur_ros_rtde) by extension 'cmake'
[0.277s] Level 1:colcon.colcon_core.package_identification:_identify(src/ur_ros_rtde) by extension 'python'
[0.277s] Level 1:colcon.colcon_core.package_identification:_identify(src/ur_ros_rtde) by extensions ['python_setup_py']
[0.277s] Level 1:colcon.colcon_core.package_identification:_identify(src/ur_ros_rtde) by extension 'python_setup_py'
[0.277s] Level 1:colcon.colcon_core.package_identification:_identify(src/ur_ros_rtde/build) by extensions ['ignore', 'ignore_ament_install']
[0.277s] Level 1:colcon.colcon_core.package_identification:_identify(src/ur_ros_rtde/build) by extension 'ignore'
[0.277s] Level 1:colcon.colcon_core.package_identification:_identify(src/ur_ros_rtde/build) ignored
[0.277s] Level 1:colcon.colcon_core.package_identification:_identify(src/ur_ros_rtde/images) by extensions ['ignore', 'ignore_ament_install']
[0.277s] Level 1:colcon.colcon_core.package_identification:_identify(src/ur_ros_rtde/images) by extension 'ignore'
[0.277s] Level 1:colcon.colcon_core.package_identification:_identify(src/ur_ros_rtde/images) by extension 'ignore_ament_install'
[0.277s] Level 1:colcon.colcon_core.package_identification:_identify(src/ur_ros_rtde/images) by extensions ['colcon_pkg']
[0.277s] Level 1:colcon.colcon_core.package_identification:_identify(src/ur_ros_rtde/images) by extension 'colcon_pkg'
[0.277s] Level 1:colcon.colcon_core.package_identification:_identify(src/ur_ros_rtde/images) by extensions ['colcon_meta']
[0.277s] Level 1:colcon.colcon_core.package_identification:_identify(src/ur_ros_rtde/images) by extension 'colcon_meta'
[0.277s] Level 1:colcon.colcon_core.package_identification:_identify(src/ur_ros_rtde/images) by extensions ['ros']
[0.278s] Level 1:colcon.colcon_core.package_identification:_identify(src/ur_ros_rtde/images) by extension 'ros'
[0.278s] Level 1:colcon.colcon_core.package_identification:_identify(src/ur_ros_rtde/images) by extensions ['cmake', 'python']
[0.278s] Level 1:colcon.colcon_core.package_identification:_identify(src/ur_ros_rtde/images) by extension 'cmake'
[0.278s] Level 1:colcon.colcon_core.package_identification:_identify(src/ur_ros_rtde/images) by extension 'python'
[0.278s] Level 1:colcon.colcon_core.package_identification:_identify(src/ur_ros_rtde/images) by extensions ['python_setup_py']
[0.278s] Level 1:colcon.colcon_core.package_identification:_identify(src/ur_ros_rtde/images) by extension 'python_setup_py'
[0.278s] Level 1:colcon.colcon_core.package_identification:_identify(src/ur_ros_rtde/install) by extensions ['ignore', 'ignore_ament_install']
[0.278s] Level 1:colcon.colcon_core.package_identification:_identify(src/ur_ros_rtde/install) by extension 'ignore'
[0.278s] Level 1:colcon.colcon_core.package_identification:_identify(src/ur_ros_rtde/install) ignored
[0.278s] Level 1:colcon.colcon_core.package_identification:_identify(src/ur_ros_rtde/log) by extensions ['ignore', 'ignore_ament_install']
[0.278s] Level 1:colcon.colcon_core.package_identification:_identify(src/ur_ros_rtde/log) by extension 'ignore'
[0.278s] Level 1:colcon.colcon_core.package_identification:_identify(src/ur_ros_rtde/log) ignored
[0.278s] Level 1:colcon.colcon_core.package_identification:_identify(src/ur_ros_rtde/simple_ur10e_description) by extensions ['ignore', 'ignore_ament_install']
[0.279s] Level 1:colcon.colcon_core.package_identification:_identify(src/ur_ros_rtde/simple_ur10e_description) by extension 'ignore'
[0.279s] Level 1:colcon.colcon_core.package_identification:_identify(src/ur_ros_rtde/simple_ur10e_description) by extension 'ignore_ament_install'
[0.279s] Level 1:colcon.colcon_core.package_identification:_identify(src/ur_ros_rtde/simple_ur10e_description) by extensions ['colcon_pkg']
[0.279s] Level 1:colcon.colcon_core.package_identification:_identify(src/ur_ros_rtde/simple_ur10e_description) by extension 'colcon_pkg'
[0.279s] Level 1:colcon.colcon_core.package_identification:_identify(src/ur_ros_rtde/simple_ur10e_description) by extensions ['colcon_meta']
[0.279s] Level 1:colcon.colcon_core.package_identification:_identify(src/ur_ros_rtde/simple_ur10e_description) by extension 'colcon_meta'
[0.279s] Level 1:colcon.colcon_core.package_identification:_identify(src/ur_ros_rtde/simple_ur10e_description) by extensions ['ros']
[0.279s] Level 1:colcon.colcon_core.package_identification:_identify(src/ur_ros_rtde/simple_ur10e_description) by extension 'ros'
[0.280s] DEBUG:colcon.colcon_core.package_identification:Package 'src/ur_ros_rtde/simple_ur10e_description' with type 'ros.ament_cmake' and name 'simple_ur10e_description'
[0.280s] Level 1:colcon.colcon_core.package_identification:_identify(src/ur_ros_rtde/simple_ur10e_moveit_config) by extensions ['ignore', 'ignore_ament_install']
[0.280s] Level 1:colcon.colcon_core.package_identification:_identify(src/ur_ros_rtde/simple_ur10e_moveit_config) by extension 'ignore'
[0.280s] Level 1:colcon.colcon_core.package_identification:_identify(src/ur_ros_rtde/simple_ur10e_moveit_config) by extension 'ignore_ament_install'
[0.281s] Level 1:colcon.colcon_core.package_identification:_identify(src/ur_ros_rtde/simple_ur10e_moveit_config) by extensions ['colcon_pkg']
[0.281s] Level 1:colcon.colcon_core.package_identification:_identify(src/ur_ros_rtde/simple_ur10e_moveit_config) by extension 'colcon_pkg'
[0.281s] Level 1:colcon.colcon_core.package_identification:_identify(src/ur_ros_rtde/simple_ur10e_moveit_config) by extensions ['colcon_meta']
[0.281s] Level 1:colcon.colcon_core.package_identification:_identify(src/ur_ros_rtde/simple_ur10e_moveit_config) by extension 'colcon_meta'
[0.281s] Level 1:colcon.colcon_core.package_identification:_identify(src/ur_ros_rtde/simple_ur10e_moveit_config) by extensions ['ros']
[0.281s] Level 1:colcon.colcon_core.package_identification:_identify(src/ur_ros_rtde/simple_ur10e_moveit_config) by extension 'ros'
[0.282s] DEBUG:colcon.colcon_core.package_identification:Package 'src/ur_ros_rtde/simple_ur10e_moveit_config' with type 'ros.ament_cmake' and name 'simple_ur10e_moveit_config'
[0.282s] Level 1:colcon.colcon_core.package_identification:_identify(src/ur_ros_rtde/ur_ros_rtde) by extensions ['ignore', 'ignore_ament_install']
[0.282s] Level 1:colcon.colcon_core.package_identification:_identify(src/ur_ros_rtde/ur_ros_rtde) by extension 'ignore'
[0.282s] Level 1:colcon.colcon_core.package_identification:_identify(src/ur_ros_rtde/ur_ros_rtde) by extension 'ignore_ament_install'
[0.282s] Level 1:colcon.colcon_core.package_identification:_identify(src/ur_ros_rtde/ur_ros_rtde) by extensions ['colcon_pkg']
[0.283s] Level 1:colcon.colcon_core.package_identification:_identify(src/ur_ros_rtde/ur_ros_rtde) by extension 'colcon_pkg'
[0.283s] Level 1:colcon.colcon_core.package_identification:_identify(src/ur_ros_rtde/ur_ros_rtde) by extensions ['colcon_meta']
[0.283s] Level 1:colcon.colcon_core.package_identification:_identify(src/ur_ros_rtde/ur_ros_rtde) by extension 'colcon_meta'
[0.283s] Level 1:colcon.colcon_core.package_identification:_identify(src/ur_ros_rtde/ur_ros_rtde) by extensions ['ros']
[0.283s] Level 1:colcon.colcon_core.package_identification:_identify(src/ur_ros_rtde/ur_ros_rtde) by extension 'ros'
[0.284s] DEBUG:colcon.colcon_core.package_identification:Package 'src/ur_ros_rtde/ur_ros_rtde' with type 'ros.ament_cmake' and name 'ur_ros_rtde'
[0.284s] Level 1:colcon.colcon_core.package_identification:_identify(src/ur_ros_rtde/ur_ros_rtde_gripper_commands) by extensions ['ignore', 'ignore_ament_install']
[0.284s] Level 1:colcon.colcon_core.package_identification:_identify(src/ur_ros_rtde/ur_ros_rtde_gripper_commands) by extension 'ignore'
[0.284s] Level 1:colcon.colcon_core.package_identification:_identify(src/ur_ros_rtde/ur_ros_rtde_gripper_commands) by extension 'ignore_ament_install'
[0.285s] Level 1:colcon.colcon_core.package_identification:_identify(src/ur_ros_rtde/ur_ros_rtde_gripper_commands) by extensions ['colcon_pkg']
[0.285s] Level 1:colcon.colcon_core.package_identification:_identify(src/ur_ros_rtde/ur_ros_rtde_gripper_commands) by extension 'colcon_pkg'
[0.285s] Level 1:colcon.colcon_core.package_identification:_identify(src/ur_ros_rtde/ur_ros_rtde_gripper_commands) by extensions ['colcon_meta']
[0.285s] Level 1:colcon.colcon_core.package_identification:_identify(src/ur_ros_rtde/ur_ros_rtde_gripper_commands) by extension 'colcon_meta'
[0.285s] Level 1:colcon.colcon_core.package_identification:_identify(src/ur_ros_rtde/ur_ros_rtde_gripper_commands) by extensions ['ros']
[0.285s] Level 1:colcon.colcon_core.package_identification:_identify(src/ur_ros_rtde/ur_ros_rtde_gripper_commands) by extension 'ros'
[0.286s] DEBUG:colcon.colcon_core.package_identification:Package 'src/ur_ros_rtde/ur_ros_rtde_gripper_commands' with type 'ros.ament_cmake' and name 'ur_ros_rtde_gripper_commands'
[0.286s] Level 1:colcon.colcon_core.package_identification:_identify(src/ur_ros_rtde/ur_ros_rtde_msgs) by extensions ['ignore', 'ignore_ament_install']
[0.286s] Level 1:colcon.colcon_core.package_identification:_identify(src/ur_ros_rtde/ur_ros_rtde_msgs) by extension 'ignore'
[0.286s] Level 1:colcon.colcon_core.package_identification:_identify(src/ur_ros_rtde/ur_ros_rtde_msgs) by extension 'ignore_ament_install'
[0.286s] Level 1:colcon.colcon_core.package_identification:_identify(src/ur_ros_rtde/ur_ros_rtde_msgs) by extensions ['colcon_pkg']
[0.286s] Level 1:colcon.colcon_core.package_identification:_identify(src/ur_ros_rtde/ur_ros_rtde_msgs) by extension 'colcon_pkg'
[0.286s] Level 1:colcon.colcon_core.package_identification:_identify(src/ur_ros_rtde/ur_ros_rtde_msgs) by extensions ['colcon_meta']
[0.286s] Level 1:colcon.colcon_core.package_identification:_identify(src/ur_ros_rtde/ur_ros_rtde_msgs) by extension 'colcon_meta'
[0.286s] Level 1:colcon.colcon_core.package_identification:_identify(src/ur_ros_rtde/ur_ros_rtde_msgs) by extensions ['ros']
[0.287s] Level 1:colcon.colcon_core.package_identification:_identify(src/ur_ros_rtde/ur_ros_rtde_msgs) by extension 'ros'
[0.287s] DEBUG:colcon.colcon_core.package_identification:Package 'src/ur_ros_rtde/ur_ros_rtde_msgs' with type 'ros.ament_cmake' and name 'ur_ros_rtde_msgs'
[0.288s] Level 1:colcon.colcon_core.package_identification:_identify(src/ur_ros_rtde/ur_ros_rtde_simple_clients) by extensions ['ignore', 'ignore_ament_install']
[0.288s] Level 1:colcon.colcon_core.package_identification:_identify(src/ur_ros_rtde/ur_ros_rtde_simple_clients) by extension 'ignore'
[0.288s] Level 1:colcon.colcon_core.package_identification:_identify(src/ur_ros_rtde/ur_ros_rtde_simple_clients) by extension 'ignore_ament_install'
[0.288s] Level 1:colcon.colcon_core.package_identification:_identify(src/ur_ros_rtde/ur_ros_rtde_simple_clients) by extensions ['colcon_pkg']
[0.288s] Level 1:colcon.colcon_core.package_identification:_identify(src/ur_ros_rtde/ur_ros_rtde_simple_clients) by extension 'colcon_pkg'
[0.288s] Level 1:colcon.colcon_core.package_identification:_identify(src/ur_ros_rtde/ur_ros_rtde_simple_clients) by extensions ['colcon_meta']
[0.288s] Level 1:colcon.colcon_core.package_identification:_identify(src/ur_ros_rtde/ur_ros_rtde_simple_clients) by extension 'colcon_meta'
[0.288s] Level 1:colcon.colcon_core.package_identification:_identify(src/ur_ros_rtde/ur_ros_rtde_simple_clients) by extensions ['ros']
[0.288s] Level 1:colcon.colcon_core.package_identification:_identify(src/ur_ros_rtde/ur_ros_rtde_simple_clients) by extension 'ros'
[0.289s] DEBUG:colcon.colcon_core.package_identification:Package 'src/ur_ros_rtde/ur_ros_rtde_simple_clients' with type 'ros.ament_cmake' and name 'ur_ros_rtde_simple_clients'
[0.289s] Level 1:colcon.colcon_core.package_identification:_identify(src/ur_ros_rtde/ur_ros_rtde_tutorials) by extensions ['ignore', 'ignore_ament_install']
[0.289s] Level 1:colcon.colcon_core.package_identification:_identify(src/ur_ros_rtde/ur_ros_rtde_tutorials) by extension 'ignore'
[0.289s] Level 1:colcon.colcon_core.package_identification:_identify(src/ur_ros_rtde/ur_ros_rtde_tutorials) by extension 'ignore_ament_install'
[0.289s] Level 1:colcon.colcon_core.package_identification:_identify(src/ur_ros_rtde/ur_ros_rtde_tutorials) by extensions ['colcon_pkg']
[0.289s] Level 1:colcon.colcon_core.package_identification:_identify(src/ur_ros_rtde/ur_ros_rtde_tutorials) by extension 'colcon_pkg'
[0.289s] Level 1:colcon.colcon_core.package_identification:_identify(src/ur_ros_rtde/ur_ros_rtde_tutorials) by extensions ['colcon_meta']
[0.289s] Level 1:colcon.colcon_core.package_identification:_identify(src/ur_ros_rtde/ur_ros_rtde_tutorials) by extension 'colcon_meta'
[0.289s] Level 1:colcon.colcon_core.package_identification:_identify(src/ur_ros_rtde/ur_ros_rtde_tutorials) by extensions ['ros']
[0.289s] Level 1:colcon.colcon_core.package_identification:_identify(src/ur_ros_rtde/ur_ros_rtde_tutorials) by extension 'ros'
[0.290s] DEBUG:colcon.colcon_core.package_identification:Package 'src/ur_ros_rtde/ur_ros_rtde_tutorials' with type 'ros.ament_cmake' and name 'ur_ros_rtde_tutorials'
[0.290s] Level 1:colcon.colcon_core.package_identification:_identify(ursim_programs) by extensions ['ignore', 'ignore_ament_install']
[0.290s] Level 1:colcon.colcon_core.package_identification:_identify(ursim_programs) by extension 'ignore'
[0.290s] Level 1:colcon.colcon_core.package_identification:_identify(ursim_programs) by extension 'ignore_ament_install'
[0.290s] Level 1:colcon.colcon_core.package_identification:_identify(ursim_programs) by extensions ['colcon_pkg']
[0.290s] Level 1:colcon.colcon_core.package_identification:_identify(ursim_programs) by extension 'colcon_pkg'
[0.290s] Level 1:colcon.colcon_core.package_identification:_identify(ursim_programs) by extensions ['colcon_meta']
[0.290s] Level 1:colcon.colcon_core.package_identification:_identify(ursim_programs) by extension 'colcon_meta'
[0.290s] Level 1:colcon.colcon_core.package_identification:_identify(ursim_programs) by extensions ['ros']
[0.290s] Level 1:colcon.colcon_core.package_identification:_identify(ursim_programs) by extension 'ros'
[0.290s] Level 1:colcon.colcon_core.package_identification:_identify(ursim_programs) by extensions ['cmake', 'python']
[0.290s] Level 1:colcon.colcon_core.package_identification:_identify(ursim_programs) by extension 'cmake'
[0.291s] Level 1:colcon.colcon_core.package_identification:_identify(ursim_programs) by extension 'python'
[0.291s] Level 1:colcon.colcon_core.package_identification:_identify(ursim_programs) by extensions ['python_setup_py']
[0.291s] Level 1:colcon.colcon_core.package_identification:_identify(ursim_programs) by extension 'python_setup_py'
[0.291s] Level 1:colcon.colcon_core.package_discovery:discover_packages(recursive) using defaults
[0.291s] Level 1:colcon.colcon_core.package_discovery:discover_packages(ignore) discover
[0.291s] Level 1:colcon.colcon_core.package_discovery:discover_packages(ignore) using defaults
[0.291s] Level 1:colcon.colcon_core.package_discovery:discover_packages(path) discover
[0.291s] Level 1:colcon.colcon_core.package_discovery:discover_packages(path) using defaults
[0.330s] Level 1:colcon.colcon_core.package_discovery:discover_packages(prefix_path) check parameters
[0.330s] Level 1:colcon.colcon_core.package_discovery:discover_packages(prefix_path) discover
[0.336s] DEBUG:colcon.colcon_installed_package_information.package_discovery:Found 17 installed packages in /home/alberto/Documents/kia_gd_ws/install
[0.337s] DEBUG:colcon.colcon_installed_package_information.package_discovery:Found 6 installed packages in /home/alberto/Documents/sub_alberto/install
[0.338s] DEBUG:colcon.colcon_installed_package_information.package_discovery:Found 8 installed packages in /home/alberto/install
[0.339s] DEBUG:colcon.colcon_installed_package_information.package_discovery:Found 4 installed packages in /home/alberto/ros2_ws/install
[0.340s] DEBUG:colcon.colcon_installed_package_information.package_discovery:Found 1 installed packages in /home/alberto/uuv/install
[0.343s] DEBUG:colcon.colcon_installed_package_information.package_discovery:Found 334 installed packages in /opt/ros/humble
[0.347s] Level 1:colcon.colcon_core.package_discovery:discover_packages(prefix_path) using defaults
[0.452s] Level 5:colcon.colcon_core.verb:set package 'kia_gd' build argument 'cmake_args' from command line to 'None'
[0.452s] Level 5:colcon.colcon_core.verb:set package 'kia_gd' build argument 'cmake_target' from command line to 'None'
[0.452s] Level 5:colcon.colcon_core.verb:set package 'kia_gd' build argument 'cmake_target_skip_unavailable' from command line to 'False'
[0.452s] Level 5:colcon.colcon_core.verb:set package 'kia_gd' build argument 'cmake_clean_cache' from command line to 'False'
[0.452s] Level 5:colcon.colcon_core.verb:set package 'kia_gd' build argument 'cmake_clean_first' from command line to 'False'
[0.452s] Level 5:colcon.colcon_core.verb:set package 'kia_gd' build argument 'cmake_force_configure' from command line to 'False'
[0.452s] Level 5:colcon.colcon_core.verb:set package 'kia_gd' build argument 'ament_cmake_args' from command line to 'None'
[0.452s] Level 5:colcon.colcon_core.verb:set package 'kia_gd' build argument 'catkin_cmake_args' from command line to 'None'
[0.452s] Level 5:colcon.colcon_core.verb:set package 'kia_gd' build argument 'catkin_skip_building_tests' from command line to 'False'
[0.452s] DEBUG:colcon.colcon_core.verb:Building package 'kia_gd' with the following arguments: {'ament_cmake_args': None, 'build_base': '/home/alberto/Documents/kia_gd_ws/build/kia_gd', 'catkin_cmake_args': None, 'catkin_skip_building_tests': False, 'cmake_args': None, 'cmake_clean_cache': False, 'cmake_clean_first': False, 'cmake_force_configure': False, 'cmake_target': None, 'cmake_target_skip_unavailable': False, 'install_base': '/home/alberto/Documents/kia_gd_ws/install/kia_gd', 'merge_install': False, 'path': '/home/alberto/Documents/kia_gd_ws/src/kia_gd', 'symlink_install': False, 'test_result_base': None}
[0.453s] Level 5:colcon.colcon_core.verb:set package 'ros_tcp_endpoint' build argument 'cmake_args' from command line to 'None'
[0.453s] Level 5:colcon.colcon_core.verb:set package 'ros_tcp_endpoint' build argument 'cmake_target' from command line to 'None'
[0.453s] Level 5:colcon.colcon_core.verb:set package 'ros_tcp_endpoint' build argument 'cmake_target_skip_unavailable' from command line to 'False'
[0.453s] Level 5:colcon.colcon_core.verb:set package 'ros_tcp_endpoint' build argument 'cmake_clean_cache' from command line to 'False'
[0.453s] Level 5:colcon.colcon_core.verb:set package 'ros_tcp_endpoint' build argument 'cmake_clean_first' from command line to 'False'
[0.453s] Level 5:colcon.colcon_core.verb:set package 'ros_tcp_endpoint' build argument 'cmake_force_configure' from command line to 'False'
[0.453s] Level 5:colcon.colcon_core.verb:set package 'ros_tcp_endpoint' build argument 'ament_cmake_args' from command line to 'None'
[0.453s] Level 5:colcon.colcon_core.verb:set package 'ros_tcp_endpoint' build argument 'catkin_cmake_args' from command line to 'None'
[0.453s] Level 5:colcon.colcon_core.verb:set package 'ros_tcp_endpoint' build argument 'catkin_skip_building_tests' from command line to 'False'
[0.454s] DEBUG:colcon.colcon_core.verb:Building package 'ros_tcp_endpoint' with the following arguments: {'ament_cmake_args': None, 'build_base': '/home/alberto/Documents/kia_gd_ws/build/ros_tcp_endpoint', 'catkin_cmake_args': None, 'catkin_skip_building_tests': False, 'cmake_args': None, 'cmake_clean_cache': False, 'cmake_clean_first': False, 'cmake_force_configure': False, 'cmake_target': None, 'cmake_target_skip_unavailable': False, 'install_base': '/home/alberto/Documents/kia_gd_ws/install/ros_tcp_endpoint', 'merge_install': False, 'path': '/home/alberto/Documents/kia_gd_ws/src/ROS-TCP-Endpoint', 'symlink_install': False, 'test_result_base': None}
[0.454s] Level 5:colcon.colcon_core.verb:set package 'simple_ur10e_description' build argument 'cmake_args' from command line to 'None'
[0.454s] Level 5:colcon.colcon_core.verb:set package 'simple_ur10e_description' build argument 'cmake_target' from command line to 'None'
[0.454s] Level 5:colcon.colcon_core.verb:set package 'simple_ur10e_description' build argument 'cmake_target_skip_unavailable' from command line to 'False'
[0.454s] Level 5:colcon.colcon_core.verb:set package 'simple_ur10e_description' build argument 'cmake_clean_cache' from command line to 'False'
[0.454s] Level 5:colcon.colcon_core.verb:set package 'simple_ur10e_description' build argument 'cmake_clean_first' from command line to 'False'
[0.455s] Level 5:colcon.colcon_core.verb:set package 'simple_ur10e_description' build argument 'cmake_force_configure' from command line to 'False'
[0.455s] Level 5:colcon.colcon_core.verb:set package 'simple_ur10e_description' build argument 'ament_cmake_args' from command line to 'None'
[0.455s] Level 5:colcon.colcon_core.verb:set package 'simple_ur10e_description' build argument 'catkin_cmake_args' from command line to 'None'
[0.455s] Level 5:colcon.colcon_core.verb:set package 'simple_ur10e_description' build argument 'catkin_skip_building_tests' from command line to 'False'
[0.455s] DEBUG:colcon.colcon_core.verb:Building package 'simple_ur10e_description' with the following arguments: {'ament_cmake_args': None, 'build_base': '/home/alberto/Documents/kia_gd_ws/build/simple_ur10e_description', 'catkin_cmake_args': None, 'catkin_skip_building_tests': False, 'cmake_args': None, 'cmake_clean_cache': False, 'cmake_clean_first': False, 'cmake_force_configure': False, 'cmake_target': None, 'cmake_target_skip_unavailable': False, 'install_base': '/home/alberto/Documents/kia_gd_ws/install/simple_ur10e_description', 'merge_install': False, 'path': '/home/alberto/Documents/kia_gd_ws/src/ur_ros_rtde/simple_ur10e_description', 'symlink_install': False, 'test_result_base': None}
[0.455s] Level 5:colcon.colcon_core.verb:set package 'ur_ros_rtde_msgs' build argument 'cmake_args' from command line to 'None'
[0.455s] Level 5:colcon.colcon_core.verb:set package 'ur_ros_rtde_msgs' build argument 'cmake_target' from command line to 'None'
[0.455s] Level 5:colcon.colcon_core.verb:set package 'ur_ros_rtde_msgs' build argument 'cmake_target_skip_unavailable' from command line to 'False'
[0.456s] Level 5:colcon.colcon_core.verb:set package 'ur_ros_rtde_msgs' build argument 'cmake_clean_cache' from command line to 'False'
[0.456s] Level 5:colcon.colcon_core.verb:set package 'ur_ros_rtde_msgs' build argument 'cmake_clean_first' from command line to 'False'
[0.456s] Level 5:colcon.colcon_core.verb:set package 'ur_ros_rtde_msgs' build argument 'cmake_force_configure' from command line to 'False'
[0.456s] Level 5:colcon.colcon_core.verb:set package 'ur_ros_rtde_msgs' build argument 'ament_cmake_args' from command line to 'None'
[0.456s] Level 5:colcon.colcon_core.verb:set package 'ur_ros_rtde_msgs' build argument 'catkin_cmake_args' from command line to 'None'
[0.456s] Level 5:colcon.colcon_core.verb:set package 'ur_ros_rtde_msgs' build argument 'catkin_skip_building_tests' from command line to 'False'
[0.456s] DEBUG:colcon.colcon_core.verb:Building package 'ur_ros_rtde_msgs' with the following arguments: {'ament_cmake_args': None, 'build_base': '/home/alberto/Documents/kia_gd_ws/build/ur_ros_rtde_msgs', 'catkin_cmake_args': None, 'catkin_skip_building_tests': False, 'cmake_args': None, 'cmake_clean_cache': False, 'cmake_clean_first': False, 'cmake_force_configure': False, 'cmake_target': None, 'cmake_target_skip_unavailable': False, 'install_base': '/home/alberto/Documents/kia_gd_ws/install/ur_ros_rtde_msgs', 'merge_install': False, 'path': '/home/alberto/Documents/kia_gd_ws/src/ur_ros_rtde/ur_ros_rtde_msgs', 'symlink_install': False, 'test_result_base': None}
[0.456s] Level 5:colcon.colcon_core.verb:set package 'ur_ros_rtde_simple_clients' build argument 'cmake_args' from command line to 'None'
[0.456s] Level 5:colcon.colcon_core.verb:set package 'ur_ros_rtde_simple_clients' build argument 'cmake_target' from command line to 'None'
[0.457s] Level 5:colcon.colcon_core.verb:set package 'ur_ros_rtde_simple_clients' build argument 'cmake_target_skip_unavailable' from command line to 'False'
[0.457s] Level 5:colcon.colcon_core.verb:set package 'ur_ros_rtde_simple_clients' build argument 'cmake_clean_cache' from command line to 'False'
[0.457s] Level 5:colcon.colcon_core.verb:set package 'ur_ros_rtde_simple_clients' build argument 'cmake_clean_first' from command line to 'False'
[0.457s] Level 5:colcon.colcon_core.verb:set package 'ur_ros_rtde_simple_clients' build argument 'cmake_force_configure' from command line to 'False'
[0.457s] Level 5:colcon.colcon_core.verb:set package 'ur_ros_rtde_simple_clients' build argument 'ament_cmake_args' from command line to 'None'
[0.457s] Level 5:colcon.colcon_core.verb:set package 'ur_ros_rtde_simple_clients' build argument 'catkin_cmake_args' from command line to 'None'
[0.457s] Level 5:colcon.colcon_core.verb:set package 'ur_ros_rtde_simple_clients' build argument 'catkin_skip_building_tests' from command line to 'False'
[0.457s] DEBUG:colcon.colcon_core.verb:Building package 'ur_ros_rtde_simple_clients' with the following arguments: {'ament_cmake_args': None, 'build_base': '/home/alberto/Documents/kia_gd_ws/build/ur_ros_rtde_simple_clients', 'catkin_cmake_args': None, 'catkin_skip_building_tests': False, 'cmake_args': None, 'cmake_clean_cache': False, 'cmake_clean_first': False, 'cmake_force_configure': False, 'cmake_target': None, 'cmake_target_skip_unavailable': False, 'install_base': '/home/alberto/Documents/kia_gd_ws/install/ur_ros_rtde_simple_clients', 'merge_install': False, 'path': '/home/alberto/Documents/kia_gd_ws/src/ur_ros_rtde/ur_ros_rtde_simple_clients', 'symlink_install': False, 'test_result_base': None}
[0.457s] Level 5:colcon.colcon_core.verb:set package 'simple_ur10e_moveit_config' build argument 'cmake_args' from command line to 'None'
[0.458s] Level 5:colcon.colcon_core.verb:set package 'simple_ur10e_moveit_config' build argument 'cmake_target' from command line to 'None'
[0.458s] Level 5:colcon.colcon_core.verb:set package 'simple_ur10e_moveit_config' build argument 'cmake_target_skip_unavailable' from command line to 'False'
[0.458s] Level 5:colcon.colcon_core.verb:set package 'simple_ur10e_moveit_config' build argument 'cmake_clean_cache' from command line to 'False'
[0.458s] Level 5:colcon.colcon_core.verb:set package 'simple_ur10e_moveit_config' build argument 'cmake_clean_first' from command line to 'False'
[0.458s] Level 5:colcon.colcon_core.verb:set package 'simple_ur10e_moveit_config' build argument 'cmake_force_configure' from command line to 'False'
[0.458s] Level 5:colcon.colcon_core.verb:set package 'simple_ur10e_moveit_config' build argument 'ament_cmake_args' from command line to 'None'
[0.458s] Level 5:colcon.colcon_core.verb:set package 'simple_ur10e_moveit_config' build argument 'catkin_cmake_args' from command line to 'None'
[0.458s] Level 5:colcon.colcon_core.verb:set package 'simple_ur10e_moveit_config' build argument 'catkin_skip_building_tests' from command line to 'False'
[0.458s] DEBUG:colcon.colcon_core.verb:Building package 'simple_ur10e_moveit_config' with the following arguments: {'ament_cmake_args': None, 'build_base': '/home/alberto/Documents/kia_gd_ws/build/simple_ur10e_moveit_config', 'catkin_cmake_args': None, 'catkin_skip_building_tests': False, 'cmake_args': None, 'cmake_clean_cache': False, 'cmake_clean_first': False, 'cmake_force_configure': False, 'cmake_target': None, 'cmake_target_skip_unavailable': False, 'install_base': '/home/alberto/Documents/kia_gd_ws/install/simple_ur10e_moveit_config', 'merge_install': False, 'path': '/home/alberto/Documents/kia_gd_ws/src/ur_ros_rtde/simple_ur10e_moveit_config', 'symlink_install': False, 'test_result_base': None}
[0.458s] Level 5:colcon.colcon_core.verb:set package 'ur_ros_rtde' build argument 'cmake_args' from command line to 'None'
[0.459s] Level 5:colcon.colcon_core.verb:set package 'ur_ros_rtde' build argument 'cmake_target' from command line to 'None'
[0.459s] Level 5:colcon.colcon_core.verb:set package 'ur_ros_rtde' build argument 'cmake_target_skip_unavailable' from command line to 'False'
[0.459s] Level 5:colcon.colcon_core.verb:set package 'ur_ros_rtde' build argument 'cmake_clean_cache' from command line to 'False'
[0.459s] Level 5:colcon.colcon_core.verb:set package 'ur_ros_rtde' build argument 'cmake_clean_first' from command line to 'False'
[0.459s] Level 5:colcon.colcon_core.verb:set package 'ur_ros_rtde' build argument 'cmake_force_configure' from command line to 'False'
[0.459s] Level 5:colcon.colcon_core.verb:set package 'ur_ros_rtde' build argument 'ament_cmake_args' from command line to 'None'
[0.459s] Level 5:colcon.colcon_core.verb:set package 'ur_ros_rtde' build argument 'catkin_cmake_args' from command line to 'None'
[0.459s] Level 5:colcon.colcon_core.verb:set package 'ur_ros_rtde' build argument 'catkin_skip_building_tests' from command line to 'False'
[0.459s] DEBUG:colcon.colcon_core.verb:Building package 'ur_ros_rtde' with the following arguments: {'ament_cmake_args': None, 'build_base': '/home/alberto/Documents/kia_gd_ws/build/ur_ros_rtde', 'catkin_cmake_args': None, 'catkin_skip_building_tests': False, 'cmake_args': None, 'cmake_clean_cache': False, 'cmake_clean_first': False, 'cmake_force_configure': False, 'cmake_target': None, 'cmake_target_skip_unavailable': False, 'install_base': '/home/alberto/Documents/kia_gd_ws/install/ur_ros_rtde', 'merge_install': False, 'path': '/home/alberto/Documents/kia_gd_ws/src/ur_ros_rtde/ur_ros_rtde', 'symlink_install': False, 'test_result_base': None}
[0.459s] Level 5:colcon.colcon_core.verb:set package 'ur_ros_rtde_gripper_commands' build argument 'cmake_args' from command line to 'None'
[0.460s] Level 5:colcon.colcon_core.verb:set package 'ur_ros_rtde_gripper_commands' build argument 'cmake_target' from command line to 'None'
[0.460s] Level 5:colcon.colcon_core.verb:set package 'ur_ros_rtde_gripper_commands' build argument 'cmake_target_skip_unavailable' from command line to 'False'
[0.460s] Level 5:colcon.colcon_core.verb:set package 'ur_ros_rtde_gripper_commands' build argument 'cmake_clean_cache' from command line to 'False'
[0.460s] Level 5:colcon.colcon_core.verb:set package 'ur_ros_rtde_gripper_commands' build argument 'cmake_clean_first' from command line to 'False'
[0.460s] Level 5:colcon.colcon_core.verb:set package 'ur_ros_rtde_gripper_commands' build argument 'cmake_force_configure' from command line to 'False'
[0.460s] Level 5:colcon.colcon_core.verb:set package 'ur_ros_rtde_gripper_commands' build argument 'ament_cmake_args' from command line to 'None'
[0.460s] Level 5:colcon.colcon_core.verb:set package 'ur_ros_rtde_gripper_commands' build argument 'catkin_cmake_args' from command line to 'None'
[0.460s] Level 5:colcon.colcon_core.verb:set package 'ur_ros_rtde_gripper_commands' build argument 'catkin_skip_building_tests' from command line to 'False'
[0.460s] DEBUG:colcon.colcon_core.verb:Building package 'ur_ros_rtde_gripper_commands' with the following arguments: {'ament_cmake_args': None, 'build_base': '/home/alberto/Documents/kia_gd_ws/build/ur_ros_rtde_gripper_commands', 'catkin_cmake_args': None, 'catkin_skip_building_tests': False, 'cmake_args': None, 'cmake_clean_cache': False, 'cmake_clean_first': False, 'cmake_force_configure': False, 'cmake_target': None, 'cmake_target_skip_unavailable': False, 'install_base': '/home/alberto/Documents/kia_gd_ws/install/ur_ros_rtde_gripper_commands', 'merge_install': False, 'path': '/home/alberto/Documents/kia_gd_ws/src/ur_ros_rtde/ur_ros_rtde_gripper_commands', 'symlink_install': False, 'test_result_base': None}
[0.460s] Level 5:colcon.colcon_core.verb:set package 'ur_ros_rtde_tutorials' build argument 'cmake_args' from command line to 'None'
[0.461s] Level 5:colcon.colcon_core.verb:set package 'ur_ros_rtde_tutorials' build argument 'cmake_target' from command line to 'None'
[0.461s] Level 5:colcon.colcon_core.verb:set package 'ur_ros_rtde_tutorials' build argument 'cmake_target_skip_unavailable' from command line to 'False'
[0.461s] Level 5:colcon.colcon_core.verb:set package 'ur_ros_rtde_tutorials' build argument 'cmake_clean_cache' from command line to 'False'
[0.461s] Level 5:colcon.colcon_core.verb:set package 'ur_ros_rtde_tutorials' build argument 'cmake_clean_first' from command line to 'False'
[0.461s] Level 5:colcon.colcon_core.verb:set package 'ur_ros_rtde_tutorials' build argument 'cmake_force_configure' from command line to 'False'
[0.461s] Level 5:colcon.colcon_core.verb:set package 'ur_ros_rtde_tutorials' build argument 'ament_cmake_args' from command line to 'None'
[0.461s] Level 5:colcon.colcon_core.verb:set package 'ur_ros_rtde_tutorials' build argument 'catkin_cmake_args' from command line to 'None'
[0.461s] Level 5:colcon.colcon_core.verb:set package 'ur_ros_rtde_tutorials' build argument 'catkin_skip_building_tests' from command line to 'False'
[0.461s] DEBUG:colcon.colcon_core.verb:Building package 'ur_ros_rtde_tutorials' with the following arguments: {'ament_cmake_args': None, 'build_base': '/home/alberto/Documents/kia_gd_ws/build/ur_ros_rtde_tutorials', 'catkin_cmake_args': None, 'catkin_skip_building_tests': False, 'cmake_args': None, 'cmake_clean_cache': False, 'cmake_clean_first': False, 'cmake_force_configure': False, 'cmake_target': None, 'cmake_target_skip_unavailable': False, 'install_base': '/home/alberto/Documents/kia_gd_ws/install/ur_ros_rtde_tutorials', 'merge_install': False, 'path': '/home/alberto/Documents/kia_gd_ws/src/ur_ros_rtde/ur_ros_rtde_tutorials', 'symlink_install': False, 'test_result_base': None}
[0.461s] INFO:colcon.colcon_core.executor:Executing jobs using 'parallel' executor
[0.463s] DEBUG:colcon.colcon_parallel_executor.executor.parallel:run_until_complete
[0.463s] INFO:colcon.colcon_ros.task.ament_cmake.build:Building ROS package in '/home/alberto/Documents/kia_gd_ws/src/ur_ros_rtde/ur_ros_rtde_msgs' with build type 'ament_cmake'
[0.464s] INFO:colcon.colcon_cmake.task.cmake.build:Building CMake package in '/home/alberto/Documents/kia_gd_ws/src/ur_ros_rtde/ur_ros_rtde_msgs'
[0.468s] INFO:colcon.colcon_core.plugin_system:Skipping extension 'colcon_core.shell.bat': Not used on non-Windows systems
[0.468s] INFO:colcon.colcon_core.shell:Skip shell extension 'powershell' for command environment: Not usable outside of PowerShell
[0.468s] DEBUG:colcon.colcon_core.shell:Skip shell extension 'dsv' for command environment
[0.480s] INFO:colcon.colcon_ros.task.ament_cmake.build:Building ROS package in '/home/alberto/Documents/kia_gd_ws/src/ur_ros_rtde/ur_ros_rtde_simple_clients' with build type 'ament_cmake'
[0.480s] INFO:colcon.colcon_cmake.task.cmake.build:Building CMake package in '/home/alberto/Documents/kia_gd_ws/src/ur_ros_rtde/ur_ros_rtde_simple_clients'
[0.481s] INFO:colcon.colcon_core.shell:Skip shell extension 'powershell' for command environment: Not usable outside of PowerShell
[0.481s] DEBUG:colcon.colcon_core.shell:Skip shell extension 'dsv' for command environment
[0.495s] INFO:colcon.colcon_ros.task.ament_cmake.build:Building ROS package in '/home/alberto/Documents/kia_gd_ws/src/ur_ros_rtde/simple_ur10e_description' with build type 'ament_cmake'
[0.496s] INFO:colcon.colcon_cmake.task.cmake.build:Building CMake package in '/home/alberto/Documents/kia_gd_ws/src/ur_ros_rtde/simple_ur10e_description'
[0.497s] INFO:colcon.colcon_core.shell:Skip shell extension 'powershell' for command environment: Not usable outside of PowerShell
[0.497s] DEBUG:colcon.colcon_core.shell:Skip shell extension 'dsv' for command environment
[0.509s] INFO:colcon.colcon_ros.task.ament_cmake.build:Building ROS package in '/home/alberto/Documents/kia_gd_ws/src/kia_gd' with build type 'ament_cmake'
[0.509s] INFO:colcon.colcon_cmake.task.cmake.build:Building CMake package in '/home/alberto/Documents/kia_gd_ws/src/kia_gd'
[0.510s] INFO:colcon.colcon_core.shell:Skip shell extension 'powershell' for command environment: Not usable outside of PowerShell
[0.511s] DEBUG:colcon.colcon_core.shell:Skip shell extension 'dsv' for command environment
[0.520s] INFO:colcon.colcon_ros.task.ament_python.build:Building ROS package in '/home/alberto/Documents/kia_gd_ws/src/ROS-TCP-Endpoint' with build type 'ament_python'
[0.520s] Level 1:colcon.colcon_core.shell:create_environment_hook('ros_tcp_endpoint', 'ament_prefix_path')
[0.521s] INFO:colcon.colcon_core.shell:Creating environment hook '/home/alberto/Documents/kia_gd_ws/install/ros_tcp_endpoint/share/ros_tcp_endpoint/hook/ament_prefix_path.ps1'
[0.522s] INFO:colcon.colcon_core.shell:Creating environment descriptor '/home/alberto/Documents/kia_gd_ws/install/ros_tcp_endpoint/share/ros_tcp_endpoint/hook/ament_prefix_path.dsv'
[0.523s] INFO:colcon.colcon_core.shell:Creating environment hook '/home/alberto/Documents/kia_gd_ws/install/ros_tcp_endpoint/share/ros_tcp_endpoint/hook/ament_prefix_path.sh'
[0.525s] INFO:colcon.colcon_core.shell:Skip shell extension 'powershell' for command environment: Not usable outside of PowerShell
[0.525s] DEBUG:colcon.colcon_core.shell:Skip shell extension 'dsv' for command environment
[0.549s] DEBUG:colcon.colcon_core.event_handler.log_command:Invoking command in '/home/alberto/Documents/kia_gd_ws/build/ur_ros_rtde_msgs': CMAKE_PREFIX_PATH=/home/alberto/Documents/kia_gd_ws/install/ur_ros_rtde_tutorials:/home/alberto/Documents/kia_gd_ws/install/ur_ros_rtde:/home/alberto/Documents/kia_gd_ws/install/ur_ros_rtde_simple_clients:/home/alberto/Documents/kia_gd_ws/install/ur_ros_rtde_gripper_commands:/home/alberto/Documents/kia_gd_ws/install/ur_ros_rtde_msgs:/home/alberto/Documents/kia_gd_ws/install/ur:/home/alberto/Documents/kia_gd_ws/install/ur_calibration:/home/alberto/Documents/kia_gd_ws/install/ur_robot_driver:/home/alberto/Documents/kia_gd_ws/install/ur_moveit_config:/home/alberto/Documents/kia_gd_ws/install/ur_bringup:/home/alberto/Documents/kia_gd_ws/install/ur_controllers:/home/alberto/Documents/kia_gd_ws/install/ur_dashboard_msgs:/home/alberto/Documents/kia_gd_ws/install/simple_ur10e_moveit_config:/home/alberto/Documents/kia_gd_ws/install/simple_ur10e_description:/home/alberto/Documents/kia_gd_ws/install/kia_gd:/home/alberto/Documents/sub_alberto/install/uuv_visualization:/home/alberto/Documents/sub_alberto/install/uuv_vision:/home/alberto/Documents/sub_alberto/install/uuv_navigation:/home/alberto/Documents/sub_alberto/install/uuv_mission:/home/alberto/Documents/sub_alberto/install/uuv_master:/home/alberto/Documents/sub_alberto/install/uuv_control:/home/alberto/install/vectornav:/home/alberto/install/vectornav_msgs:/home/alberto/install/uuv_teleop:/home/alberto/install/uuv_description:/home/alberto/install/sub:/home/alberto/install/pid:/home/alberto/Documents/kia_gd_ws/install/ros_tcp_endpoint:/home/alberto/ros2_ws/install/docker_test:/opt/ros/humble:/home/alberto/install/catkin:/home/alberto/ros2_ws/install/sub:/home/alberto/ros2_ws/install/pid:/home/alberto/ros2_ws/install/catkin:/home/alberto/uuv/install/uuv /usr/bin/cmake --build /home/alberto/Documents/kia_gd_ws/build/ur_ros_rtde_msgs -- -j8 -l8
[0.560s] DEBUG:colcon.colcon_core.event_handler.log_command:Invoking command in '/home/alberto/Documents/kia_gd_ws/build/ur_ros_rtde_simple_clients': CMAKE_PREFIX_PATH=/home/alberto/Documents/kia_gd_ws/install/ur_ros_rtde_tutorials:/home/alberto/Documents/kia_gd_ws/install/ur_ros_rtde:/home/alberto/Documents/kia_gd_ws/install/ur_ros_rtde_simple_clients:/home/alberto/Documents/kia_gd_ws/install/ur_ros_rtde_gripper_commands:/home/alberto/Documents/kia_gd_ws/install/ur_ros_rtde_msgs:/home/alberto/Documents/kia_gd_ws/install/ur:/home/alberto/Documents/kia_gd_ws/install/ur_calibration:/home/alberto/Documents/kia_gd_ws/install/ur_robot_driver:/home/alberto/Documents/kia_gd_ws/install/ur_moveit_config:/home/alberto/Documents/kia_gd_ws/install/ur_bringup:/home/alberto/Documents/kia_gd_ws/install/ur_controllers:/home/alberto/Documents/kia_gd_ws/install/ur_dashboard_msgs:/home/alberto/Documents/kia_gd_ws/install/simple_ur10e_moveit_config:/home/alberto/Documents/kia_gd_ws/install/simple_ur10e_description:/home/alberto/Documents/kia_gd_ws/install/kia_gd:/home/alberto/Documents/sub_alberto/install/uuv_visualization:/home/alberto/Documents/sub_alberto/install/uuv_vision:/home/alberto/Documents/sub_alberto/install/uuv_navigation:/home/alberto/Documents/sub_alberto/install/uuv_mission:/home/alberto/Documents/sub_alberto/install/uuv_master:/home/alberto/Documents/sub_alberto/install/uuv_control:/home/alberto/install/vectornav:/home/alberto/install/vectornav_msgs:/home/alberto/install/uuv_teleop:/home/alberto/install/uuv_description:/home/alberto/install/sub:/home/alberto/install/pid:/home/alberto/Documents/kia_gd_ws/install/ros_tcp_endpoint:/home/alberto/ros2_ws/install/docker_test:/opt/ros/humble:/home/alberto/install/catkin:/home/alberto/ros2_ws/install/sub:/home/alberto/ros2_ws/install/pid:/home/alberto/ros2_ws/install/catkin:/home/alberto/uuv/install/uuv /usr/bin/cmake --build /home/alberto/Documents/kia_gd_ws/build/ur_ros_rtde_simple_clients -- -j8 -l8
[0.561s] DEBUG:colcon.colcon_core.event_handler.log_command:Invoking command in '/home/alberto/Documents/kia_gd_ws/build/simple_ur10e_description': CMAKE_PREFIX_PATH=/home/alberto/Documents/kia_gd_ws/install/ur_ros_rtde_tutorials:/home/alberto/Documents/kia_gd_ws/install/ur_ros_rtde:/home/alberto/Documents/kia_gd_ws/install/ur_ros_rtde_simple_clients:/home/alberto/Documents/kia_gd_ws/install/ur_ros_rtde_gripper_commands:/home/alberto/Documents/kia_gd_ws/install/ur_ros_rtde_msgs:/home/alberto/Documents/kia_gd_ws/install/ur:/home/alberto/Documents/kia_gd_ws/install/ur_calibration:/home/alberto/Documents/kia_gd_ws/install/ur_robot_driver:/home/alberto/Documents/kia_gd_ws/install/ur_moveit_config:/home/alberto/Documents/kia_gd_ws/install/ur_bringup:/home/alberto/Documents/kia_gd_ws/install/ur_controllers:/home/alberto/Documents/kia_gd_ws/install/ur_dashboard_msgs:/home/alberto/Documents/kia_gd_ws/install/simple_ur10e_moveit_config:/home/alberto/Documents/kia_gd_ws/install/simple_ur10e_description:/home/alberto/Documents/kia_gd_ws/install/kia_gd:/home/alberto/Documents/sub_alberto/install/uuv_visualization:/home/alberto/Documents/sub_alberto/install/uuv_vision:/home/alberto/Documents/sub_alberto/install/uuv_navigation:/home/alberto/Documents/sub_alberto/install/uuv_mission:/home/alberto/Documents/sub_alberto/install/uuv_master:/home/alberto/Documents/sub_alberto/install/uuv_control:/home/alberto/install/vectornav:/home/alberto/install/vectornav_msgs:/home/alberto/install/uuv_teleop:/home/alberto/install/uuv_description:/home/alberto/install/sub:/home/alberto/install/pid:/home/alberto/Documents/kia_gd_ws/install/ros_tcp_endpoint:/home/alberto/ros2_ws/install/docker_test:/opt/ros/humble:/home/alberto/install/catkin:/home/alberto/ros2_ws/install/sub:/home/alberto/ros2_ws/install/pid:/home/alberto/ros2_ws/install/catkin:/home/alberto/uuv/install/uuv /usr/bin/cmake --build /home/alberto/Documents/kia_gd_ws/build/simple_ur10e_description -- -j8 -l8
[0.569s] DEBUG:colcon.colcon_core.event_handler.log_command:Invoking command in '/home/alberto/Documents/kia_gd_ws/build/kia_gd': CMAKE_PREFIX_PATH=/home/alberto/Documents/kia_gd_ws/install/ur_ros_rtde_tutorials:/home/alberto/Documents/kia_gd_ws/install/ur_ros_rtde:/home/alberto/Documents/kia_gd_ws/install/ur_ros_rtde_simple_clients:/home/alberto/Documents/kia_gd_ws/install/ur_ros_rtde_gripper_commands:/home/alberto/Documents/kia_gd_ws/install/ur_ros_rtde_msgs:/home/alberto/Documents/kia_gd_ws/install/ur:/home/alberto/Documents/kia_gd_ws/install/ur_calibration:/home/alberto/Documents/kia_gd_ws/install/ur_robot_driver:/home/alberto/Documents/kia_gd_ws/install/ur_moveit_config:/home/alberto/Documents/kia_gd_ws/install/ur_bringup:/home/alberto/Documents/kia_gd_ws/install/ur_controllers:/home/alberto/Documents/kia_gd_ws/install/ur_dashboard_msgs:/home/alberto/Documents/kia_gd_ws/install/simple_ur10e_moveit_config:/home/alberto/Documents/kia_gd_ws/install/simple_ur10e_description:/home/alberto/Documents/kia_gd_ws/install/kia_gd:/home/alberto/Documents/sub_alberto/install/uuv_visualization:/home/alberto/Documents/sub_alberto/install/uuv_vision:/home/alberto/Documents/sub_alberto/install/uuv_navigation:/home/alberto/Documents/sub_alberto/install/uuv_mission:/home/alberto/Documents/sub_alberto/install/uuv_master:/home/alberto/Documents/sub_alberto/install/uuv_control:/home/alberto/install/vectornav:/home/alberto/install/vectornav_msgs:/home/alberto/install/uuv_teleop:/home/alberto/install/uuv_description:/home/alberto/install/sub:/home/alberto/install/pid:/home/alberto/Documents/kia_gd_ws/install/ros_tcp_endpoint:/home/alberto/ros2_ws/install/docker_test:/opt/ros/humble:/home/alberto/install/catkin:/home/alberto/ros2_ws/install/sub:/home/alberto/ros2_ws/install/pid:/home/alberto/ros2_ws/install/catkin:/home/alberto/uuv/install/uuv /usr/bin/cmake --build /home/alberto/Documents/kia_gd_ws/build/kia_gd -- -j8 -l8
[1.122s] INFO:colcon.colcon_core.task.python.build:Building Python package in '/home/alberto/Documents/kia_gd_ws/src/ROS-TCP-Endpoint'
[1.123s] INFO:colcon.colcon_core.shell:Skip shell extension 'powershell' for command environment: Not usable outside of PowerShell
[1.123s] DEBUG:colcon.colcon_core.shell:Skip shell extension 'dsv' for command environment
[1.141s] DEBUG:colcon.colcon_core.event_handler.log_command:Invoked command in '/home/alberto/Documents/kia_gd_ws/build/ur_ros_rtde_simple_clients' returned '0': CMAKE_PREFIX_PATH=/home/alberto/Documents/kia_gd_ws/install/ur_ros_rtde_tutorials:/home/alberto/Documents/kia_gd_ws/install/ur_ros_rtde:/home/alberto/Documents/kia_gd_ws/install/ur_ros_rtde_simple_clients:/home/alberto/Documents/kia_gd_ws/install/ur_ros_rtde_gripper_commands:/home/alberto/Documents/kia_gd_ws/install/ur_ros_rtde_msgs:/home/alberto/Documents/kia_gd_ws/install/ur:/home/alberto/Documents/kia_gd_ws/install/ur_calibration:/home/alberto/Documents/kia_gd_ws/install/ur_robot_driver:/home/alberto/Documents/kia_gd_ws/install/ur_moveit_config:/home/alberto/Documents/kia_gd_ws/install/ur_bringup:/home/alberto/Documents/kia_gd_ws/install/ur_controllers:/home/alberto/Documents/kia_gd_ws/install/ur_dashboard_msgs:/home/alberto/Documents/kia_gd_ws/install/simple_ur10e_moveit_config:/home/alberto/Documents/kia_gd_ws/install/simple_ur10e_description:/home/alberto/Documents/kia_gd_ws/install/kia_gd:/home/alberto/Documents/sub_alberto/install/uuv_visualization:/home/alberto/Documents/sub_alberto/install/uuv_vision:/home/alberto/Documents/sub_alberto/install/uuv_navigation:/home/alberto/Documents/sub_alberto/install/uuv_mission:/home/alberto/Documents/sub_alberto/install/uuv_master:/home/alberto/Documents/sub_alberto/install/uuv_control:/home/alberto/install/vectornav:/home/alberto/install/vectornav_msgs:/home/alberto/install/uuv_teleop:/home/alberto/install/uuv_description:/home/alberto/install/sub:/home/alberto/install/pid:/home/alberto/Documents/kia_gd_ws/install/ros_tcp_endpoint:/home/alberto/ros2_ws/install/docker_test:/opt/ros/humble:/home/alberto/install/catkin:/home/alberto/ros2_ws/install/sub:/home/alberto/ros2_ws/install/pid:/home/alberto/ros2_ws/install/catkin:/home/alberto/uuv/install/uuv /usr/bin/cmake --build /home/alberto/Documents/kia_gd_ws/build/ur_ros_rtde_simple_clients -- -j8 -l8
[1.160s] DEBUG:colcon.colcon_core.event_handler.log_command:Invoking command in '/home/alberto/Documents/kia_gd_ws/build/ur_ros_rtde_simple_clients': CMAKE_PREFIX_PATH=/home/alberto/Documents/kia_gd_ws/install/ur_ros_rtde_tutorials:/home/alberto/Documents/kia_gd_ws/install/ur_ros_rtde:/home/alberto/Documents/kia_gd_ws/install/ur_ros_rtde_simple_clients:/home/alberto/Documents/kia_gd_ws/install/ur_ros_rtde_gripper_commands:/home/alberto/Documents/kia_gd_ws/install/ur_ros_rtde_msgs:/home/alberto/Documents/kia_gd_ws/install/ur:/home/alberto/Documents/kia_gd_ws/install/ur_calibration:/home/alberto/Documents/kia_gd_ws/install/ur_robot_driver:/home/alberto/Documents/kia_gd_ws/install/ur_moveit_config:/home/alberto/Documents/kia_gd_ws/install/ur_bringup:/home/alberto/Documents/kia_gd_ws/install/ur_controllers:/home/alberto/Documents/kia_gd_ws/install/ur_dashboard_msgs:/home/alberto/Documents/kia_gd_ws/install/simple_ur10e_moveit_config:/home/alberto/Documents/kia_gd_ws/install/simple_ur10e_description:/home/alberto/Documents/kia_gd_ws/install/kia_gd:/home/alberto/Documents/sub_alberto/install/uuv_visualization:/home/alberto/Documents/sub_alberto/install/uuv_vision:/home/alberto/Documents/sub_alberto/install/uuv_navigation:/home/alberto/Documents/sub_alberto/install/uuv_mission:/home/alberto/Documents/sub_alberto/install/uuv_master:/home/alberto/Documents/sub_alberto/install/uuv_control:/home/alberto/install/vectornav:/home/alberto/install/vectornav_msgs:/home/alberto/install/uuv_teleop:/home/alberto/install/uuv_description:/home/alberto/install/sub:/home/alberto/install/pid:/home/alberto/Documents/kia_gd_ws/install/ros_tcp_endpoint:/home/alberto/ros2_ws/install/docker_test:/opt/ros/humble:/home/alberto/install/catkin:/home/alberto/ros2_ws/install/sub:/home/alberto/ros2_ws/install/pid:/home/alberto/ros2_ws/install/catkin:/home/alberto/uuv/install/uuv /usr/bin/cmake --install /home/alberto/Documents/kia_gd_ws/build/ur_ros_rtde_simple_clients
[1.166s] DEBUG:colcon.colcon_core.event_handler.log_command:Invoked command in '/home/alberto/Documents/kia_gd_ws/build/simple_ur10e_description' returned '0': CMAKE_PREFIX_PATH=/home/alberto/Documents/kia_gd_ws/install/ur_ros_rtde_tutorials:/home/alberto/Documents/kia_gd_ws/install/ur_ros_rtde:/home/alberto/Documents/kia_gd_ws/install/ur_ros_rtde_simple_clients:/home/alberto/Documents/kia_gd_ws/install/ur_ros_rtde_gripper_commands:/home/alberto/Documents/kia_gd_ws/install/ur_ros_rtde_msgs:/home/alberto/Documents/kia_gd_ws/install/ur:/home/alberto/Documents/kia_gd_ws/install/ur_calibration:/home/alberto/Documents/kia_gd_ws/install/ur_robot_driver:/home/alberto/Documents/kia_gd_ws/install/ur_moveit_config:/home/alberto/Documents/kia_gd_ws/install/ur_bringup:/home/alberto/Documents/kia_gd_ws/install/ur_controllers:/home/alberto/Documents/kia_gd_ws/install/ur_dashboard_msgs:/home/alberto/Documents/kia_gd_ws/install/simple_ur10e_moveit_config:/home/alberto/Documents/kia_gd_ws/install/simple_ur10e_description:/home/alberto/Documents/kia_gd_ws/install/kia_gd:/home/alberto/Documents/sub_alberto/install/uuv_visualization:/home/alberto/Documents/sub_alberto/install/uuv_vision:/home/alberto/Documents/sub_alberto/install/uuv_navigation:/home/alberto/Documents/sub_alberto/install/uuv_mission:/home/alberto/Documents/sub_alberto/install/uuv_master:/home/alberto/Documents/sub_alberto/install/uuv_control:/home/alberto/install/vectornav:/home/alberto/install/vectornav_msgs:/home/alberto/install/uuv_teleop:/home/alberto/install/uuv_description:/home/alberto/install/sub:/home/alberto/install/pid:/home/alberto/Documents/kia_gd_ws/install/ros_tcp_endpoint:/home/alberto/ros2_ws/install/docker_test:/opt/ros/humble:/home/alberto/install/catkin:/home/alberto/ros2_ws/install/sub:/home/alberto/ros2_ws/install/pid:/home/alberto/ros2_ws/install/catkin:/home/alberto/uuv/install/uuv /usr/bin/cmake --build /home/alberto/Documents/kia_gd_ws/build/simple_ur10e_description -- -j8 -l8
[1.167s] DEBUG:colcon.colcon_core.event_handler.log_command:Invoking command in '/home/alberto/Documents/kia_gd_ws/build/simple_ur10e_description': CMAKE_PREFIX_PATH=/home/alberto/Documents/kia_gd_ws/install/ur_ros_rtde_tutorials:/home/alberto/Documents/kia_gd_ws/install/ur_ros_rtde:/home/alberto/Documents/kia_gd_ws/install/ur_ros_rtde_simple_clients:/home/alberto/Documents/kia_gd_ws/install/ur_ros_rtde_gripper_commands:/home/alberto/Documents/kia_gd_ws/install/ur_ros_rtde_msgs:/home/alberto/Documents/kia_gd_ws/install/ur:/home/alberto/Documents/kia_gd_ws/install/ur_calibration:/home/alberto/Documents/kia_gd_ws/install/ur_robot_driver:/home/alberto/Documents/kia_gd_ws/install/ur_moveit_config:/home/alberto/Documents/kia_gd_ws/install/ur_bringup:/home/alberto/Documents/kia_gd_ws/install/ur_controllers:/home/alberto/Documents/kia_gd_ws/install/ur_dashboard_msgs:/home/alberto/Documents/kia_gd_ws/install/simple_ur10e_moveit_config:/home/alberto/Documents/kia_gd_ws/install/simple_ur10e_description:/home/alberto/Documents/kia_gd_ws/install/kia_gd:/home/alberto/Documents/sub_alberto/install/uuv_visualization:/home/alberto/Documents/sub_alberto/install/uuv_vision:/home/alberto/Documents/sub_alberto/install/uuv_navigation:/home/alberto/Documents/sub_alberto/install/uuv_mission:/home/alberto/Documents/sub_alberto/install/uuv_master:/home/alberto/Documents/sub_alberto/install/uuv_control:/home/alberto/install/vectornav:/home/alberto/install/vectornav_msgs:/home/alberto/install/uuv_teleop:/home/alberto/install/uuv_description:/home/alberto/install/sub:/home/alberto/install/pid:/home/alberto/Documents/kia_gd_ws/install/ros_tcp_endpoint:/home/alberto/ros2_ws/install/docker_test:/opt/ros/humble:/home/alberto/install/catkin:/home/alberto/ros2_ws/install/sub:/home/alberto/ros2_ws/install/pid:/home/alberto/ros2_ws/install/catkin:/home/alberto/uuv/install/uuv /usr/bin/cmake --install /home/alberto/Documents/kia_gd_ws/build/simple_ur10e_description
[1.167s] DEBUG:colcon.colcon_core.event_handler.log_command:Invoked command in '/home/alberto/Documents/kia_gd_ws/build/kia_gd' returned '0': CMAKE_PREFIX_PATH=/home/alberto/Documents/kia_gd_ws/install/ur_ros_rtde_tutorials:/home/alberto/Documents/kia_gd_ws/install/ur_ros_rtde:/home/alberto/Documents/kia_gd_ws/install/ur_ros_rtde_simple_clients:/home/alberto/Documents/kia_gd_ws/install/ur_ros_rtde_gripper_commands:/home/alberto/Documents/kia_gd_ws/install/ur_ros_rtde_msgs:/home/alberto/Documents/kia_gd_ws/install/ur:/home/alberto/Documents/kia_gd_ws/install/ur_calibration:/home/alberto/Documents/kia_gd_ws/install/ur_robot_driver:/home/alberto/Documents/kia_gd_ws/install/ur_moveit_config:/home/alberto/Documents/kia_gd_ws/install/ur_bringup:/home/alberto/Documents/kia_gd_ws/install/ur_controllers:/home/alberto/Documents/kia_gd_ws/install/ur_dashboard_msgs:/home/alberto/Documents/kia_gd_ws/install/simple_ur10e_moveit_config:/home/alberto/Documents/kia_gd_ws/install/simple_ur10e_description:/home/alberto/Documents/kia_gd_ws/install/kia_gd:/home/alberto/Documents/sub_alberto/install/uuv_visualization:/home/alberto/Documents/sub_alberto/install/uuv_vision:/home/alberto/Documents/sub_alberto/install/uuv_navigation:/home/alberto/Documents/sub_alberto/install/uuv_mission:/home/alberto/Documents/sub_alberto/install/uuv_master:/home/alberto/Documents/sub_alberto/install/uuv_control:/home/alberto/install/vectornav:/home/alberto/install/vectornav_msgs:/home/alberto/install/uuv_teleop:/home/alberto/install/uuv_description:/home/alberto/install/sub:/home/alberto/install/pid:/home/alberto/Documents/kia_gd_ws/install/ros_tcp_endpoint:/home/alberto/ros2_ws/install/docker_test:/opt/ros/humble:/home/alberto/install/catkin:/home/alberto/ros2_ws/install/sub:/home/alberto/ros2_ws/install/pid:/home/alberto/ros2_ws/install/catkin:/home/alberto/uuv/install/uuv /usr/bin/cmake --build /home/alberto/Documents/kia_gd_ws/build/kia_gd -- -j8 -l8
[1.197s] DEBUG:colcon.colcon_core.event_handler.log_command:Invoking command in '/home/alberto/Documents/kia_gd_ws/build/kia_gd': CMAKE_PREFIX_PATH=/home/alberto/Documents/kia_gd_ws/install/ur_ros_rtde_tutorials:/home/alberto/Documents/kia_gd_ws/install/ur_ros_rtde:/home/alberto/Documents/kia_gd_ws/install/ur_ros_rtde_simple_clients:/home/alberto/Documents/kia_gd_ws/install/ur_ros_rtde_gripper_commands:/home/alberto/Documents/kia_gd_ws/install/ur_ros_rtde_msgs:/home/alberto/Documents/kia_gd_ws/install/ur:/home/alberto/Documents/kia_gd_ws/install/ur_calibration:/home/alberto/Documents/kia_gd_ws/install/ur_robot_driver:/home/alberto/Documents/kia_gd_ws/install/ur_moveit_config:/home/alberto/Documents/kia_gd_ws/install/ur_bringup:/home/alberto/Documents/kia_gd_ws/install/ur_controllers:/home/alberto/Documents/kia_gd_ws/install/ur_dashboard_msgs:/home/alberto/Documents/kia_gd_ws/install/simple_ur10e_moveit_config:/home/alberto/Documents/kia_gd_ws/install/simple_ur10e_description:/home/alberto/Documents/kia_gd_ws/install/kia_gd:/home/alberto/Documents/sub_alberto/install/uuv_visualization:/home/alberto/Documents/sub_alberto/install/uuv_vision:/home/alberto/Documents/sub_alberto/install/uuv_navigation:/home/alberto/Documents/sub_alberto/install/uuv_mission:/home/alberto/Documents/sub_alberto/install/uuv_master:/home/alberto/Documents/sub_alberto/install/uuv_control:/home/alberto/install/vectornav:/home/alberto/install/vectornav_msgs:/home/alberto/install/uuv_teleop:/home/alberto/install/uuv_description:/home/alberto/install/sub:/home/alberto/install/pid:/home/alberto/Documents/kia_gd_ws/install/ros_tcp_endpoint:/home/alberto/ros2_ws/install/docker_test:/opt/ros/humble:/home/alberto/install/catkin:/home/alberto/ros2_ws/install/sub:/home/alberto/ros2_ws/install/pid:/home/alberto/ros2_ws/install/catkin:/home/alberto/uuv/install/uuv /usr/bin/cmake --install /home/alberto/Documents/kia_gd_ws/build/kia_gd
[1.198s] Level 1:colcon.colcon_core.environment:create_environment_scripts_only(simple_ur10e_description)
[1.214s] Level 1:colcon.colcon_core.environment:checking '/home/alberto/Documents/kia_gd_ws/install/simple_ur10e_description' for CMake module files
[1.218s] DEBUG:colcon.colcon_core.event_handler.log_command:Invoked command in '/home/alberto/Documents/kia_gd_ws/build/simple_ur10e_description' returned '0': CMAKE_PREFIX_PATH=/home/alberto/Documents/kia_gd_ws/install/ur_ros_rtde_tutorials:/home/alberto/Documents/kia_gd_ws/install/ur_ros_rtde:/home/alberto/Documents/kia_gd_ws/install/ur_ros_rtde_simple_clients:/home/alberto/Documents/kia_gd_ws/install/ur_ros_rtde_gripper_commands:/home/alberto/Documents/kia_gd_ws/install/ur_ros_rtde_msgs:/home/alberto/Documents/kia_gd_ws/install/ur:/home/alberto/Documents/kia_gd_ws/install/ur_calibration:/home/alberto/Documents/kia_gd_ws/install/ur_robot_driver:/home/alberto/Documents/kia_gd_ws/install/ur_moveit_config:/home/alberto/Documents/kia_gd_ws/install/ur_bringup:/home/alberto/Documents/kia_gd_ws/install/ur_controllers:/home/alberto/Documents/kia_gd_ws/install/ur_dashboard_msgs:/home/alberto/Documents/kia_gd_ws/install/simple_ur10e_moveit_config:/home/alberto/Documents/kia_gd_ws/install/simple_ur10e_description:/home/alberto/Documents/kia_gd_ws/install/kia_gd:/home/alberto/Documents/sub_alberto/install/uuv_visualization:/home/alberto/Documents/sub_alberto/install/uuv_vision:/home/alberto/Documents/sub_alberto/install/uuv_navigation:/home/alberto/Documents/sub_alberto/install/uuv_mission:/home/alberto/Documents/sub_alberto/install/uuv_master:/home/alberto/Documents/sub_alberto/install/uuv_control:/home/alberto/install/vectornav:/home/alberto/install/vectornav_msgs:/home/alberto/install/uuv_teleop:/home/alberto/install/uuv_description:/home/alberto/install/sub:/home/alberto/install/pid:/home/alberto/Documents/kia_gd_ws/install/ros_tcp_endpoint:/home/alberto/ros2_ws/install/docker_test:/opt/ros/humble:/home/alberto/install/catkin:/home/alberto/ros2_ws/install/sub:/home/alberto/ros2_ws/install/pid:/home/alberto/ros2_ws/install/catkin:/home/alberto/uuv/install/uuv /usr/bin/cmake --install /home/alberto/Documents/kia_gd_ws/build/simple_ur10e_description
[1.222s] Level 1:colcon.colcon_core.environment:checking '/home/alberto/Documents/kia_gd_ws/install/simple_ur10e_description' for CMake config files
[1.223s] Level 1:colcon.colcon_core.shell:create_environment_hook('simple_ur10e_description', 'cmake_prefix_path')
[1.223s] INFO:colcon.colcon_core.shell:Creating environment hook '/home/alberto/Documents/kia_gd_ws/install/simple_ur10e_description/share/simple_ur10e_description/hook/cmake_prefix_path.ps1'
[1.234s] INFO:colcon.colcon_core.shell:Creating environment descriptor '/home/alberto/Documents/kia_gd_ws/install/simple_ur10e_description/share/simple_ur10e_description/hook/cmake_prefix_path.dsv'
[1.235s] INFO:colcon.colcon_core.shell:Creating environment hook '/home/alberto/Documents/kia_gd_ws/install/simple_ur10e_description/share/simple_ur10e_description/hook/cmake_prefix_path.sh'
[1.236s] Level 1:colcon.colcon_core.environment:checking '/home/alberto/Documents/kia_gd_ws/install/simple_ur10e_description/bin'
[1.236s] Level 1:colcon.colcon_core.environment:checking '/home/alberto/Documents/kia_gd_ws/install/simple_ur10e_description/lib/pkgconfig/simple_ur10e_description.pc'
[1.237s] Level 1:colcon.colcon_core.environment:checking '/home/alberto/Documents/kia_gd_ws/install/simple_ur10e_description/lib/python3.10/site-packages'
[1.237s] Level 1:colcon.colcon_core.environment:checking '/home/alberto/Documents/kia_gd_ws/install/simple_ur10e_description/bin'
[1.240s] INFO:colcon.colcon_core.shell:Creating package script '/home/alberto/Documents/kia_gd_ws/install/simple_ur10e_description/share/simple_ur10e_description/package.ps1'
[1.245s] INFO:colcon.colcon_core.shell:Creating package descriptor '/home/alberto/Documents/kia_gd_ws/install/simple_ur10e_description/share/simple_ur10e_description/package.dsv'
[1.248s] INFO:colcon.colcon_core.shell:Creating package script '/home/alberto/Documents/kia_gd_ws/install/simple_ur10e_description/share/simple_ur10e_description/package.sh'
[1.262s] INFO:colcon.colcon_core.shell:Creating package script '/home/alberto/Documents/kia_gd_ws/install/simple_ur10e_description/share/simple_ur10e_description/package.bash'
[1.264s] INFO:colcon.colcon_core.shell:Creating package script '/home/alberto/Documents/kia_gd_ws/install/simple_ur10e_description/share/simple_ur10e_description/package.zsh'
[1.265s] Level 1:colcon.colcon_core.environment:create_file_with_runtime_dependencies(/home/alberto/Documents/kia_gd_ws/install/simple_ur10e_description/share/colcon-core/packages/simple_ur10e_description)
[1.272s] Level 1:colcon.colcon_core.environment:create_environment_scripts_only(simple_ur10e_description)
[1.272s] Level 1:colcon.colcon_core.environment:checking '/home/alberto/Documents/kia_gd_ws/install/simple_ur10e_description' for CMake module files
[1.273s] Level 1:colcon.colcon_core.environment:checking '/home/alberto/Documents/kia_gd_ws/install/simple_ur10e_description' for CMake config files
[1.274s] Level 1:colcon.colcon_core.shell:create_environment_hook('simple_ur10e_description', 'cmake_prefix_path')
[1.274s] INFO:colcon.colcon_core.shell:Creating environment hook '/home/alberto/Documents/kia_gd_ws/install/simple_ur10e_description/share/simple_ur10e_description/hook/cmake_prefix_path.ps1'
[1.279s] INFO:colcon.colcon_core.shell:Creating environment descriptor '/home/alberto/Documents/kia_gd_ws/install/simple_ur10e_description/share/simple_ur10e_description/hook/cmake_prefix_path.dsv'
[1.280s] INFO:colcon.colcon_core.shell:Creating environment hook '/home/alberto/Documents/kia_gd_ws/install/simple_ur10e_description/share/simple_ur10e_description/hook/cmake_prefix_path.sh'
[1.283s] Level 1:colcon.colcon_core.environment:checking '/home/alberto/Documents/kia_gd_ws/install/simple_ur10e_description/bin'
[1.283s] Level 1:colcon.colcon_core.environment:checking '/home/alberto/Documents/kia_gd_ws/install/simple_ur10e_description/lib/pkgconfig/simple_ur10e_description.pc'
[1.283s] Level 1:colcon.colcon_core.environment:checking '/home/alberto/Documents/kia_gd_ws/install/simple_ur10e_description/lib/python3.10/site-packages'
[1.288s] Level 1:colcon.colcon_core.environment:checking '/home/alberto/Documents/kia_gd_ws/install/simple_ur10e_description/bin'
[1.288s] INFO:colcon.colcon_core.shell:Creating package script '/home/alberto/Documents/kia_gd_ws/install/simple_ur10e_description/share/simple_ur10e_description/package.ps1'
[1.289s] INFO:colcon.colcon_core.shell:Creating package descriptor '/home/alberto/Documents/kia_gd_ws/install/simple_ur10e_description/share/simple_ur10e_description/package.dsv'
[1.290s] INFO:colcon.colcon_core.shell:Creating package script '/home/alberto/Documents/kia_gd_ws/install/simple_ur10e_description/share/simple_ur10e_description/package.sh'
[1.294s] INFO:colcon.colcon_core.shell:Creating package script '/home/alberto/Documents/kia_gd_ws/install/simple_ur10e_description/share/simple_ur10e_description/package.bash'
[1.295s] INFO:colcon.colcon_core.shell:Creating package script '/home/alberto/Documents/kia_gd_ws/install/simple_ur10e_description/share/simple_ur10e_description/package.zsh'
[1.295s] Level 1:colcon.colcon_core.environment:create_file_with_runtime_dependencies(/home/alberto/Documents/kia_gd_ws/install/simple_ur10e_description/share/colcon-core/packages/simple_ur10e_description)
[1.296s] INFO:colcon.colcon_ros.task.ament_cmake.build:Building ROS package in '/home/alberto/Documents/kia_gd_ws/src/ur_ros_rtde/simple_ur10e_moveit_config' with build type 'ament_cmake'
[1.296s] INFO:colcon.colcon_cmake.task.cmake.build:Building CMake package in '/home/alberto/Documents/kia_gd_ws/src/ur_ros_rtde/simple_ur10e_moveit_config'
[1.297s] INFO:colcon.colcon_core.shell:Skip shell extension 'powershell' for command environment: Not usable outside of PowerShell
[1.302s] DEBUG:colcon.colcon_core.shell:Skip shell extension 'dsv' for command environment
[1.334s] Level 1:colcon.colcon_core.environment:create_environment_scripts_only(ur_ros_rtde_simple_clients)
[1.334s] Level 1:colcon.colcon_core.environment:checking '/home/alberto/Documents/kia_gd_ws/install/ur_ros_rtde_simple_clients' for CMake module files
[1.336s] DEBUG:colcon.colcon_core.event_handler.log_command:Invoked command in '/home/alberto/Documents/kia_gd_ws/build/ur_ros_rtde_simple_clients' returned '0': CMAKE_PREFIX_PATH=/home/alberto/Documents/kia_gd_ws/install/ur_ros_rtde_tutorials:/home/alberto/Documents/kia_gd_ws/install/ur_ros_rtde:/home/alberto/Documents/kia_gd_ws/install/ur_ros_rtde_simple_clients:/home/alberto/Documents/kia_gd_ws/install/ur_ros_rtde_gripper_commands:/home/alberto/Documents/kia_gd_ws/install/ur_ros_rtde_msgs:/home/alberto/Documents/kia_gd_ws/install/ur:/home/alberto/Documents/kia_gd_ws/install/ur_calibration:/home/alberto/Documents/kia_gd_ws/install/ur_robot_driver:/home/alberto/Documents/kia_gd_ws/install/ur_moveit_config:/home/alberto/Documents/kia_gd_ws/install/ur_bringup:/home/alberto/Documents/kia_gd_ws/install/ur_controllers:/home/alberto/Documents/kia_gd_ws/install/ur_dashboard_msgs:/home/alberto/Documents/kia_gd_ws/install/simple_ur10e_moveit_config:/home/alberto/Documents/kia_gd_ws/install/simple_ur10e_description:/home/alberto/Documents/kia_gd_ws/install/kia_gd:/home/alberto/Documents/sub_alberto/install/uuv_visualization:/home/alberto/Documents/sub_alberto/install/uuv_vision:/home/alberto/Documents/sub_alberto/install/uuv_navigation:/home/alberto/Documents/sub_alberto/install/uuv_mission:/home/alberto/Documents/sub_alberto/install/uuv_master:/home/alberto/Documents/sub_alberto/install/uuv_control:/home/alberto/install/vectornav:/home/alberto/install/vectornav_msgs:/home/alberto/install/uuv_teleop:/home/alberto/install/uuv_description:/home/alberto/install/sub:/home/alberto/install/pid:/home/alberto/Documents/kia_gd_ws/install/ros_tcp_endpoint:/home/alberto/ros2_ws/install/docker_test:/opt/ros/humble:/home/alberto/install/catkin:/home/alberto/ros2_ws/install/sub:/home/alberto/ros2_ws/install/pid:/home/alberto/ros2_ws/install/catkin:/home/alberto/uuv/install/uuv /usr/bin/cmake --install /home/alberto/Documents/kia_gd_ws/build/ur_ros_rtde_simple_clients
[1.338s] Level 1:colcon.colcon_core.environment:checking '/home/alberto/Documents/kia_gd_ws/install/ur_ros_rtde_simple_clients' for CMake config files
[1.338s] Level 1:colcon.colcon_core.shell:create_environment_hook('ur_ros_rtde_simple_clients', 'cmake_prefix_path')
[1.339s] INFO:colcon.colcon_core.shell:Creating environment hook '/home/alberto/Documents/kia_gd_ws/install/ur_ros_rtde_simple_clients/share/ur_ros_rtde_simple_clients/hook/cmake_prefix_path.ps1'
[1.340s] INFO:colcon.colcon_core.shell:Creating environment descriptor '/home/alberto/Documents/kia_gd_ws/install/ur_ros_rtde_simple_clients/share/ur_ros_rtde_simple_clients/hook/cmake_prefix_path.dsv'
[1.340s] INFO:colcon.colcon_core.shell:Creating environment hook '/home/alberto/Documents/kia_gd_ws/install/ur_ros_rtde_simple_clients/share/ur_ros_rtde_simple_clients/hook/cmake_prefix_path.sh'
[1.342s] Level 1:colcon.colcon_core.environment:checking '/home/alberto/Documents/kia_gd_ws/install/ur_ros_rtde_simple_clients/bin'
[1.342s] Level 1:colcon.colcon_core.environment:checking '/home/alberto/Documents/kia_gd_ws/install/ur_ros_rtde_simple_clients/lib/pkgconfig/ur_ros_rtde_simple_clients.pc'
[1.342s] Level 1:colcon.colcon_core.environment:checking '/home/alberto/Documents/kia_gd_ws/install/ur_ros_rtde_simple_clients/lib/python3.10/site-packages'
[1.343s] Level 1:colcon.colcon_core.environment:checking '/home/alberto/Documents/kia_gd_ws/install/ur_ros_rtde_simple_clients/bin'
[1.344s] INFO:colcon.colcon_core.shell:Creating package script '/home/alberto/Documents/kia_gd_ws/install/ur_ros_rtde_simple_clients/share/ur_ros_rtde_simple_clients/package.ps1'
[1.345s] INFO:colcon.colcon_core.shell:Creating package descriptor '/home/alberto/Documents/kia_gd_ws/install/ur_ros_rtde_simple_clients/share/ur_ros_rtde_simple_clients/package.dsv'
[1.346s] INFO:colcon.colcon_core.shell:Creating package script '/home/alberto/Documents/kia_gd_ws/install/ur_ros_rtde_simple_clients/share/ur_ros_rtde_simple_clients/package.sh'
[1.347s] INFO:colcon.colcon_core.shell:Creating package script '/home/alberto/Documents/kia_gd_ws/install/ur_ros_rtde_simple_clients/share/ur_ros_rtde_simple_clients/package.bash'
[1.348s] INFO:colcon.colcon_core.shell:Creating package script '/home/alberto/Documents/kia_gd_ws/install/ur_ros_rtde_simple_clients/share/ur_ros_rtde_simple_clients/package.zsh'
[1.348s] Level 1:colcon.colcon_core.environment:create_file_with_runtime_dependencies(/home/alberto/Documents/kia_gd_ws/install/ur_ros_rtde_simple_clients/share/colcon-core/packages/ur_ros_rtde_simple_clients)
[1.349s] Level 1:colcon.colcon_core.environment:create_environment_scripts_only(ur_ros_rtde_simple_clients)
[1.350s] Level 1:colcon.colcon_core.environment:checking '/home/alberto/Documents/kia_gd_ws/install/ur_ros_rtde_simple_clients' for CMake module files
[1.350s] Level 1:colcon.colcon_core.environment:checking '/home/alberto/Documents/kia_gd_ws/install/ur_ros_rtde_simple_clients' for CMake config files
[1.350s] Level 1:colcon.colcon_core.shell:create_environment_hook('ur_ros_rtde_simple_clients', 'cmake_prefix_path')
[1.351s] INFO:colcon.colcon_core.shell:Creating environment hook '/home/alberto/Documents/kia_gd_ws/install/ur_ros_rtde_simple_clients/share/ur_ros_rtde_simple_clients/hook/cmake_prefix_path.ps1'
[1.351s] INFO:colcon.colcon_core.shell:Creating environment descriptor '/home/alberto/Documents/kia_gd_ws/install/ur_ros_rtde_simple_clients/share/ur_ros_rtde_simple_clients/hook/cmake_prefix_path.dsv'
[1.352s] INFO:colcon.colcon_core.shell:Creating environment hook '/home/alberto/Documents/kia_gd_ws/install/ur_ros_rtde_simple_clients/share/ur_ros_rtde_simple_clients/hook/cmake_prefix_path.sh'
[1.352s] Level 1:colcon.colcon_core.environment:checking '/home/alberto/Documents/kia_gd_ws/install/ur_ros_rtde_simple_clients/bin'
[1.352s] Level 1:colcon.colcon_core.environment:checking '/home/alberto/Documents/kia_gd_ws/install/ur_ros_rtde_simple_clients/lib/pkgconfig/ur_ros_rtde_simple_clients.pc'
[1.353s] Level 1:colcon.colcon_core.environment:checking '/home/alberto/Documents/kia_gd_ws/install/ur_ros_rtde_simple_clients/lib/python3.10/site-packages'
[1.353s] Level 1:colcon.colcon_core.environment:checking '/home/alberto/Documents/kia_gd_ws/install/ur_ros_rtde_simple_clients/bin'
[1.354s] INFO:colcon.colcon_core.shell:Creating package script '/home/alberto/Documents/kia_gd_ws/install/ur_ros_rtde_simple_clients/share/ur_ros_rtde_simple_clients/package.ps1'
[1.354s] INFO:colcon.colcon_core.shell:Creating package descriptor '/home/alberto/Documents/kia_gd_ws/install/ur_ros_rtde_simple_clients/share/ur_ros_rtde_simple_clients/package.dsv'
[1.355s] INFO:colcon.colcon_core.shell:Creating package script '/home/alberto/Documents/kia_gd_ws/install/ur_ros_rtde_simple_clients/share/ur_ros_rtde_simple_clients/package.sh'
[1.355s] INFO:colcon.colcon_core.shell:Creating package script '/home/alberto/Documents/kia_gd_ws/install/ur_ros_rtde_simple_clients/share/ur_ros_rtde_simple_clients/package.bash'
[1.356s] INFO:colcon.colcon_core.shell:Creating package script '/home/alberto/Documents/kia_gd_ws/install/ur_ros_rtde_simple_clients/share/ur_ros_rtde_simple_clients/package.zsh'
[1.356s] Level 1:colcon.colcon_core.environment:create_file_with_runtime_dependencies(/home/alberto/Documents/kia_gd_ws/install/ur_ros_rtde_simple_clients/share/colcon-core/packages/ur_ros_rtde_simple_clients)
[1.358s] Level 1:colcon.colcon_core.environment:create_environment_scripts_only(kia_gd)
[1.358s] Level 1:colcon.colcon_core.environment:checking '/home/alberto/Documents/kia_gd_ws/install/kia_gd' for CMake module files
[1.359s] DEBUG:colcon.colcon_core.event_handler.log_command:Invoked command in '/home/alberto/Documents/kia_gd_ws/build/kia_gd' returned '0': CMAKE_PREFIX_PATH=/home/alberto/Documents/kia_gd_ws/install/ur_ros_rtde_tutorials:/home/alberto/Documents/kia_gd_ws/install/ur_ros_rtde:/home/alberto/Documents/kia_gd_ws/install/ur_ros_rtde_simple_clients:/home/alberto/Documents/kia_gd_ws/install/ur_ros_rtde_gripper_commands:/home/alberto/Documents/kia_gd_ws/install/ur_ros_rtde_msgs:/home/alberto/Documents/kia_gd_ws/install/ur:/home/alberto/Documents/kia_gd_ws/install/ur_calibration:/home/alberto/Documents/kia_gd_ws/install/ur_robot_driver:/home/alberto/Documents/kia_gd_ws/install/ur_moveit_config:/home/alberto/Documents/kia_gd_ws/install/ur_bringup:/home/alberto/Documents/kia_gd_ws/install/ur_controllers:/home/alberto/Documents/kia_gd_ws/install/ur_dashboard_msgs:/home/alberto/Documents/kia_gd_ws/install/simple_ur10e_moveit_config:/home/alberto/Documents/kia_gd_ws/install/simple_ur10e_description:/home/alberto/Documents/kia_gd_ws/install/kia_gd:/home/alberto/Documents/sub_alberto/install/uuv_visualization:/home/alberto/Documents/sub_alberto/install/uuv_vision:/home/alberto/Documents/sub_alberto/install/uuv_navigation:/home/alberto/Documents/sub_alberto/install/uuv_mission:/home/alberto/Documents/sub_alberto/install/uuv_master:/home/alberto/Documents/sub_alberto/install/uuv_control:/home/alberto/install/vectornav:/home/alberto/install/vectornav_msgs:/home/alberto/install/uuv_teleop:/home/alberto/install/uuv_description:/home/alberto/install/sub:/home/alberto/install/pid:/home/alberto/Documents/kia_gd_ws/install/ros_tcp_endpoint:/home/alberto/ros2_ws/install/docker_test:/opt/ros/humble:/home/alberto/install/catkin:/home/alberto/ros2_ws/install/sub:/home/alberto/ros2_ws/install/pid:/home/alberto/ros2_ws/install/catkin:/home/alberto/uuv/install/uuv /usr/bin/cmake --install /home/alberto/Documents/kia_gd_ws/build/kia_gd
[1.360s] Level 1:colcon.colcon_core.environment:checking '/home/alberto/Documents/kia_gd_ws/install/kia_gd' for CMake config files
[1.362s] Level 1:colcon.colcon_core.shell:create_environment_hook('kia_gd', 'cmake_prefix_path')
[1.362s] INFO:colcon.colcon_core.shell:Creating environment hook '/home/alberto/Documents/kia_gd_ws/install/kia_gd/share/kia_gd/hook/cmake_prefix_path.ps1'
[1.364s] INFO:colcon.colcon_core.shell:Creating environment descriptor '/home/alberto/Documents/kia_gd_ws/install/kia_gd/share/kia_gd/hook/cmake_prefix_path.dsv'
[1.365s] INFO:colcon.colcon_core.shell:Creating environment hook '/home/alberto/Documents/kia_gd_ws/install/kia_gd/share/kia_gd/hook/cmake_prefix_path.sh'
[1.366s] Level 1:colcon.colcon_core.environment:checking '/home/alberto/Documents/kia_gd_ws/install/kia_gd/lib'
[1.366s] Level 1:colcon.colcon_core.environment:checking '/home/alberto/Documents/kia_gd_ws/install/kia_gd/bin'
[1.366s] Level 1:colcon.colcon_core.environment:checking '/home/alberto/Documents/kia_gd_ws/install/kia_gd/lib/pkgconfig/kia_gd.pc'
[1.367s] Level 1:colcon.colcon_core.environment:checking '/home/alberto/Documents/kia_gd_ws/install/kia_gd/lib/python3.10/site-packages'
[1.368s] Level 1:colcon.colcon_core.environment:checking '/home/alberto/Documents/kia_gd_ws/install/kia_gd/bin'
[1.368s] INFO:colcon.colcon_core.shell:Creating package script '/home/alberto/Documents/kia_gd_ws/install/kia_gd/share/kia_gd/package.ps1'
[1.370s] INFO:colcon.colcon_core.shell:Creating package descriptor '/home/alberto/Documents/kia_gd_ws/install/kia_gd/share/kia_gd/package.dsv'
[1.371s] INFO:colcon.colcon_core.shell:Creating package script '/home/alberto/Documents/kia_gd_ws/install/kia_gd/share/kia_gd/package.sh'
[1.371s] INFO:colcon.colcon_core.shell:Creating package script '/home/alberto/Documents/kia_gd_ws/install/kia_gd/share/kia_gd/package.bash'
[1.372s] INFO:colcon.colcon_core.shell:Creating package script '/home/alberto/Documents/kia_gd_ws/install/kia_gd/share/kia_gd/package.zsh'
[1.372s] Level 1:colcon.colcon_core.environment:create_file_with_runtime_dependencies(/home/alberto/Documents/kia_gd_ws/install/kia_gd/share/colcon-core/packages/kia_gd)
[1.373s] Level 1:colcon.colcon_core.environment:create_environment_scripts_only(kia_gd)
[1.374s] Level 1:colcon.colcon_core.environment:checking '/home/alberto/Documents/kia_gd_ws/install/kia_gd' for CMake module files
[1.375s] Level 1:colcon.colcon_core.environment:checking '/home/alberto/Documents/kia_gd_ws/install/kia_gd' for CMake config files
[1.376s] Level 1:colcon.colcon_core.shell:create_environment_hook('kia_gd', 'cmake_prefix_path')
[1.377s] INFO:colcon.colcon_core.shell:Creating environment hook '/home/alberto/Documents/kia_gd_ws/install/kia_gd/share/kia_gd/hook/cmake_prefix_path.ps1'
[1.378s] INFO:colcon.colcon_core.shell:Creating environment descriptor '/home/alberto/Documents/kia_gd_ws/install/kia_gd/share/kia_gd/hook/cmake_prefix_path.dsv'
[1.378s] INFO:colcon.colcon_core.shell:Creating environment hook '/home/alberto/Documents/kia_gd_ws/install/kia_gd/share/kia_gd/hook/cmake_prefix_path.sh'
[1.379s] Level 1:colcon.colcon_core.environment:checking '/home/alberto/Documents/kia_gd_ws/install/kia_gd/lib'
[1.379s] Level 1:colcon.colcon_core.environment:checking '/home/alberto/Documents/kia_gd_ws/install/kia_gd/bin'
[1.379s] Level 1:colcon.colcon_core.environment:checking '/home/alberto/Documents/kia_gd_ws/install/kia_gd/lib/pkgconfig/kia_gd.pc'
[1.380s] Level 1:colcon.colcon_core.environment:checking '/home/alberto/Documents/kia_gd_ws/install/kia_gd/lib/python3.10/site-packages'
[1.380s] Level 1:colcon.colcon_core.environment:checking '/home/alberto/Documents/kia_gd_ws/install/kia_gd/bin'
[1.381s] INFO:colcon.colcon_core.shell:Creating package script '/home/alberto/Documents/kia_gd_ws/install/kia_gd/share/kia_gd/package.ps1'
[1.382s] INFO:colcon.colcon_core.shell:Creating package descriptor '/home/alberto/Documents/kia_gd_ws/install/kia_gd/share/kia_gd/package.dsv'
[1.383s] INFO:colcon.colcon_core.shell:Creating package script '/home/alberto/Documents/kia_gd_ws/install/kia_gd/share/kia_gd/package.sh'
[1.384s] INFO:colcon.colcon_core.shell:Creating package script '/home/alberto/Documents/kia_gd_ws/install/kia_gd/share/kia_gd/package.bash'
[1.385s] INFO:colcon.colcon_core.shell:Creating package script '/home/alberto/Documents/kia_gd_ws/install/kia_gd/share/kia_gd/package.zsh'
[1.385s] Level 1:colcon.colcon_core.environment:create_file_with_runtime_dependencies(/home/alberto/Documents/kia_gd_ws/install/kia_gd/share/colcon-core/packages/kia_gd)
[1.390s] DEBUG:colcon.colcon_core.event_handler.log_command:Invoking command in '/home/alberto/Documents/kia_gd_ws/build/simple_ur10e_moveit_config': CMAKE_PREFIX_PATH=/home/alberto/Documents/kia_gd_ws/install/simple_ur10e_description:/home/alberto/Documents/kia_gd_ws/install/ur_ros_rtde_tutorials:/home/alberto/Documents/kia_gd_ws/install/ur_ros_rtde:/home/alberto/Documents/kia_gd_ws/install/ur_ros_rtde_simple_clients:/home/alberto/Documents/kia_gd_ws/install/ur_ros_rtde_gripper_commands:/home/alberto/Documents/kia_gd_ws/install/ur_ros_rtde_msgs:/home/alberto/Documents/kia_gd_ws/install/ur:/home/alberto/Documents/kia_gd_ws/install/ur_calibration:/home/alberto/Documents/kia_gd_ws/install/ur_robot_driver:/home/alberto/Documents/kia_gd_ws/install/ur_moveit_config:/home/alberto/Documents/kia_gd_ws/install/ur_bringup:/home/alberto/Documents/kia_gd_ws/install/ur_controllers:/home/alberto/Documents/kia_gd_ws/install/ur_dashboard_msgs:/home/alberto/Documents/kia_gd_ws/install/simple_ur10e_moveit_config:/home/alberto/Documents/kia_gd_ws/install/kia_gd:/home/alberto/Documents/sub_alberto/install/uuv_visualization:/home/alberto/Documents/sub_alberto/install/uuv_vision:/home/alberto/Documents/sub_alberto/install/uuv_navigation:/home/alberto/Documents/sub_alberto/install/uuv_mission:/home/alberto/Documents/sub_alberto/install/uuv_master:/home/alberto/Documents/sub_alberto/install/uuv_control:/home/alberto/install/vectornav:/home/alberto/install/vectornav_msgs:/home/alberto/install/uuv_teleop:/home/alberto/install/uuv_description:/home/alberto/install/sub:/home/alberto/install/pid:/home/alberto/Documents/kia_gd_ws/install/ros_tcp_endpoint:/home/alberto/ros2_ws/install/docker_test:/opt/ros/humble:/home/alberto/install/catkin:/home/alberto/ros2_ws/install/sub:/home/alberto/ros2_ws/install/pid:/home/alberto/ros2_ws/install/catkin:/home/alberto/uuv/install/uuv /usr/bin/cmake --build /home/alberto/Documents/kia_gd_ws/build/simple_ur10e_moveit_config -- -j8 -l8
[1.472s] DEBUG:colcon.colcon_core.event_handler.log_command:Invoked command in '/home/alberto/Documents/kia_gd_ws/build/simple_ur10e_moveit_config' returned '0': CMAKE_PREFIX_PATH=/home/alberto/Documents/kia_gd_ws/install/simple_ur10e_description:/home/alberto/Documents/kia_gd_ws/install/ur_ros_rtde_tutorials:/home/alberto/Documents/kia_gd_ws/install/ur_ros_rtde:/home/alberto/Documents/kia_gd_ws/install/ur_ros_rtde_simple_clients:/home/alberto/Documents/kia_gd_ws/install/ur_ros_rtde_gripper_commands:/home/alberto/Documents/kia_gd_ws/install/ur_ros_rtde_msgs:/home/alberto/Documents/kia_gd_ws/install/ur:/home/alberto/Documents/kia_gd_ws/install/ur_calibration:/home/alberto/Documents/kia_gd_ws/install/ur_robot_driver:/home/alberto/Documents/kia_gd_ws/install/ur_moveit_config:/home/alberto/Documents/kia_gd_ws/install/ur_bringup:/home/alberto/Documents/kia_gd_ws/install/ur_controllers:/home/alberto/Documents/kia_gd_ws/install/ur_dashboard_msgs:/home/alberto/Documents/kia_gd_ws/install/simple_ur10e_moveit_config:/home/alberto/Documents/kia_gd_ws/install/kia_gd:/home/alberto/Documents/sub_alberto/install/uuv_visualization:/home/alberto/Documents/sub_alberto/install/uuv_vision:/home/alberto/Documents/sub_alberto/install/uuv_navigation:/home/alberto/Documents/sub_alberto/install/uuv_mission:/home/alberto/Documents/sub_alberto/install/uuv_master:/home/alberto/Documents/sub_alberto/install/uuv_control:/home/alberto/install/vectornav:/home/alberto/install/vectornav_msgs:/home/alberto/install/uuv_teleop:/home/alberto/install/uuv_description:/home/alberto/install/sub:/home/alberto/install/pid:/home/alberto/Documents/kia_gd_ws/install/ros_tcp_endpoint:/home/alberto/ros2_ws/install/docker_test:/opt/ros/humble:/home/alberto/install/catkin:/home/alberto/ros2_ws/install/sub:/home/alberto/ros2_ws/install/pid:/home/alberto/ros2_ws/install/catkin:/home/alberto/uuv/install/uuv /usr/bin/cmake --build /home/alberto/Documents/kia_gd_ws/build/simple_ur10e_moveit_config -- -j8 -l8
[1.473s] DEBUG:colcon.colcon_core.event_handler.log_command:Invoking command in '/home/alberto/Documents/kia_gd_ws/build/simple_ur10e_moveit_config': CMAKE_PREFIX_PATH=/home/alberto/Documents/kia_gd_ws/install/simple_ur10e_description:/home/alberto/Documents/kia_gd_ws/install/ur_ros_rtde_tutorials:/home/alberto/Documents/kia_gd_ws/install/ur_ros_rtde:/home/alberto/Documents/kia_gd_ws/install/ur_ros_rtde_simple_clients:/home/alberto/Documents/kia_gd_ws/install/ur_ros_rtde_gripper_commands:/home/alberto/Documents/kia_gd_ws/install/ur_ros_rtde_msgs:/home/alberto/Documents/kia_gd_ws/install/ur:/home/alberto/Documents/kia_gd_ws/install/ur_calibration:/home/alberto/Documents/kia_gd_ws/install/ur_robot_driver:/home/alberto/Documents/kia_gd_ws/install/ur_moveit_config:/home/alberto/Documents/kia_gd_ws/install/ur_bringup:/home/alberto/Documents/kia_gd_ws/install/ur_controllers:/home/alberto/Documents/kia_gd_ws/install/ur_dashboard_msgs:/home/alberto/Documents/kia_gd_ws/install/simple_ur10e_moveit_config:/home/alberto/Documents/kia_gd_ws/install/kia_gd:/home/alberto/Documents/sub_alberto/install/uuv_visualization:/home/alberto/Documents/sub_alberto/install/uuv_vision:/home/alberto/Documents/sub_alberto/install/uuv_navigation:/home/alberto/Documents/sub_alberto/install/uuv_mission:/home/alberto/Documents/sub_alberto/install/uuv_master:/home/alberto/Documents/sub_alberto/install/uuv_control:/home/alberto/install/vectornav:/home/alberto/install/vectornav_msgs:/home/alberto/install/uuv_teleop:/home/alberto/install/uuv_description:/home/alberto/install/sub:/home/alberto/install/pid:/home/alberto/Documents/kia_gd_ws/install/ros_tcp_endpoint:/home/alberto/ros2_ws/install/docker_test:/opt/ros/humble:/home/alberto/install/catkin:/home/alberto/ros2_ws/install/sub:/home/alberto/ros2_ws/install/pid:/home/alberto/ros2_ws/install/catkin:/home/alberto/uuv/install/uuv /usr/bin/cmake --install /home/alberto/Documents/kia_gd_ws/build/simple_ur10e_moveit_config
[1.491s] Level 1:colcon.colcon_core.environment:create_environment_scripts_only(simple_ur10e_moveit_config)
[1.492s] Level 1:colcon.colcon_core.environment:checking '/home/alberto/Documents/kia_gd_ws/install/simple_ur10e_moveit_config' for CMake module files
[1.493s] Level 1:colcon.colcon_core.environment:checking '/home/alberto/Documents/kia_gd_ws/install/simple_ur10e_moveit_config' for CMake config files
[1.493s] Level 1:colcon.colcon_core.shell:create_environment_hook('simple_ur10e_moveit_config', 'cmake_prefix_path')
[1.494s] INFO:colcon.colcon_core.shell:Creating environment hook '/home/alberto/Documents/kia_gd_ws/install/simple_ur10e_moveit_config/share/simple_ur10e_moveit_config/hook/cmake_prefix_path.ps1'
[1.494s] INFO:colcon.colcon_core.shell:Creating environment descriptor '/home/alberto/Documents/kia_gd_ws/install/simple_ur10e_moveit_config/share/simple_ur10e_moveit_config/hook/cmake_prefix_path.dsv'
[1.495s] DEBUG:colcon.colcon_core.event_handler.log_command:Invoked command in '/home/alberto/Documents/kia_gd_ws/build/simple_ur10e_moveit_config' returned '0': CMAKE_PREFIX_PATH=/home/alberto/Documents/kia_gd_ws/install/simple_ur10e_description:/home/alberto/Documents/kia_gd_ws/install/ur_ros_rtde_tutorials:/home/alberto/Documents/kia_gd_ws/install/ur_ros_rtde:/home/alberto/Documents/kia_gd_ws/install/ur_ros_rtde_simple_clients:/home/alberto/Documents/kia_gd_ws/install/ur_ros_rtde_gripper_commands:/home/alberto/Documents/kia_gd_ws/install/ur_ros_rtde_msgs:/home/alberto/Documents/kia_gd_ws/install/ur:/home/alberto/Documents/kia_gd_ws/install/ur_calibration:/home/alberto/Documents/kia_gd_ws/install/ur_robot_driver:/home/alberto/Documents/kia_gd_ws/install/ur_moveit_config:/home/alberto/Documents/kia_gd_ws/install/ur_bringup:/home/alberto/Documents/kia_gd_ws/install/ur_controllers:/home/alberto/Documents/kia_gd_ws/install/ur_dashboard_msgs:/home/alberto/Documents/kia_gd_ws/install/simple_ur10e_moveit_config:/home/alberto/Documents/kia_gd_ws/install/kia_gd:/home/alberto/Documents/sub_alberto/install/uuv_visualization:/home/alberto/Documents/sub_alberto/install/uuv_vision:/home/alberto/Documents/sub_alberto/install/uuv_navigation:/home/alberto/Documents/sub_alberto/install/uuv_mission:/home/alberto/Documents/sub_alberto/install/uuv_master:/home/alberto/Documents/sub_alberto/install/uuv_control:/home/alberto/install/vectornav:/home/alberto/install/vectornav_msgs:/home/alberto/install/uuv_teleop:/home/alberto/install/uuv_description:/home/alberto/install/sub:/home/alberto/install/pid:/home/alberto/Documents/kia_gd_ws/install/ros_tcp_endpoint:/home/alberto/ros2_ws/install/docker_test:/opt/ros/humble:/home/alberto/install/catkin:/home/alberto/ros2_ws/install/sub:/home/alberto/ros2_ws/install/pid:/home/alberto/ros2_ws/install/catkin:/home/alberto/uuv/install/uuv /usr/bin/cmake --install /home/alberto/Documents/kia_gd_ws/build/simple_ur10e_moveit_config
[1.496s] INFO:colcon.colcon_core.shell:Creating environment hook '/home/alberto/Documents/kia_gd_ws/install/simple_ur10e_moveit_config/share/simple_ur10e_moveit_config/hook/cmake_prefix_path.sh'
[1.497s] Level 1:colcon.colcon_core.environment:checking '/home/alberto/Documents/kia_gd_ws/install/simple_ur10e_moveit_config/bin'
[1.497s] Level 1:colcon.colcon_core.environment:checking '/home/alberto/Documents/kia_gd_ws/install/simple_ur10e_moveit_config/lib/pkgconfig/simple_ur10e_moveit_config.pc'
[1.497s] Level 1:colcon.colcon_core.environment:checking '/home/alberto/Documents/kia_gd_ws/install/simple_ur10e_moveit_config/lib/python3.10/site-packages'
[1.498s] Level 1:colcon.colcon_core.environment:checking '/home/alberto/Documents/kia_gd_ws/install/simple_ur10e_moveit_config/bin'
[1.499s] INFO:colcon.colcon_core.shell:Creating package script '/home/alberto/Documents/kia_gd_ws/install/simple_ur10e_moveit_config/share/simple_ur10e_moveit_config/package.ps1'
[1.499s] INFO:colcon.colcon_core.shell:Creating package descriptor '/home/alberto/Documents/kia_gd_ws/install/simple_ur10e_moveit_config/share/simple_ur10e_moveit_config/package.dsv'
[1.500s] INFO:colcon.colcon_core.shell:Creating package script '/home/alberto/Documents/kia_gd_ws/install/simple_ur10e_moveit_config/share/simple_ur10e_moveit_config/package.sh'
[1.501s] INFO:colcon.colcon_core.shell:Creating package script '/home/alberto/Documents/kia_gd_ws/install/simple_ur10e_moveit_config/share/simple_ur10e_moveit_config/package.bash'
[1.501s] INFO:colcon.colcon_core.shell:Creating package script '/home/alberto/Documents/kia_gd_ws/install/simple_ur10e_moveit_config/share/simple_ur10e_moveit_config/package.zsh'
[1.502s] Level 1:colcon.colcon_core.environment:create_file_with_runtime_dependencies(/home/alberto/Documents/kia_gd_ws/install/simple_ur10e_moveit_config/share/colcon-core/packages/simple_ur10e_moveit_config)
[1.503s] Level 1:colcon.colcon_core.environment:create_environment_scripts_only(simple_ur10e_moveit_config)
[1.504s] Level 1:colcon.colcon_core.environment:checking '/home/alberto/Documents/kia_gd_ws/install/simple_ur10e_moveit_config' for CMake module files
[1.505s] Level 1:colcon.colcon_core.environment:checking '/home/alberto/Documents/kia_gd_ws/install/simple_ur10e_moveit_config' for CMake config files
[1.505s] Level 1:colcon.colcon_core.shell:create_environment_hook('simple_ur10e_moveit_config', 'cmake_prefix_path')
[1.506s] INFO:colcon.colcon_core.shell:Creating environment hook '/home/alberto/Documents/kia_gd_ws/install/simple_ur10e_moveit_config/share/simple_ur10e_moveit_config/hook/cmake_prefix_path.ps1'
[1.506s] INFO:colcon.colcon_core.shell:Creating environment descriptor '/home/alberto/Documents/kia_gd_ws/install/simple_ur10e_moveit_config/share/simple_ur10e_moveit_config/hook/cmake_prefix_path.dsv'
[1.507s] INFO:colcon.colcon_core.shell:Creating environment hook '/home/alberto/Documents/kia_gd_ws/install/simple_ur10e_moveit_config/share/simple_ur10e_moveit_config/hook/cmake_prefix_path.sh'
[1.508s] Level 1:colcon.colcon_core.environment:checking '/home/alberto/Documents/kia_gd_ws/install/simple_ur10e_moveit_config/bin'
[1.508s] Level 1:colcon.colcon_core.environment:checking '/home/alberto/Documents/kia_gd_ws/install/simple_ur10e_moveit_config/lib/pkgconfig/simple_ur10e_moveit_config.pc'
[1.509s] Level 1:colcon.colcon_core.environment:checking '/home/alberto/Documents/kia_gd_ws/install/simple_ur10e_moveit_config/lib/python3.10/site-packages'
[1.509s] Level 1:colcon.colcon_core.environment:checking '/home/alberto/Documents/kia_gd_ws/install/simple_ur10e_moveit_config/bin'
[1.510s] INFO:colcon.colcon_core.shell:Creating package script '/home/alberto/Documents/kia_gd_ws/install/simple_ur10e_moveit_config/share/simple_ur10e_moveit_config/package.ps1'
[1.511s] INFO:colcon.colcon_core.shell:Creating package descriptor '/home/alberto/Documents/kia_gd_ws/install/simple_ur10e_moveit_config/share/simple_ur10e_moveit_config/package.dsv'
[1.512s] INFO:colcon.colcon_core.shell:Creating package script '/home/alberto/Documents/kia_gd_ws/install/simple_ur10e_moveit_config/share/simple_ur10e_moveit_config/package.sh'
[1.513s] INFO:colcon.colcon_core.shell:Creating package script '/home/alberto/Documents/kia_gd_ws/install/simple_ur10e_moveit_config/share/simple_ur10e_moveit_config/package.bash'
[1.513s] INFO:colcon.colcon_core.shell:Creating package script '/home/alberto/Documents/kia_gd_ws/install/simple_ur10e_moveit_config/share/simple_ur10e_moveit_config/package.zsh'
[1.514s] Level 1:colcon.colcon_core.environment:create_file_with_runtime_dependencies(/home/alberto/Documents/kia_gd_ws/install/simple_ur10e_moveit_config/share/colcon-core/packages/simple_ur10e_moveit_config)
[2.153s] DEBUG:colcon.colcon_core.event_handler.log_command:Invoking command in '/home/alberto/Documents/kia_gd_ws/src/ROS-TCP-Endpoint': PYTHONPATH=/home/alberto/Documents/kia_gd_ws/build/ros_tcp_endpoint/prefix_override:/usr/lib/python3/dist-packages/colcon_core/task/python/colcon_distutils_commands:/home/alberto/Documents/kia_gd_ws/install/ros_tcp_endpoint/lib/python3.10/site-packages:${PYTHONPATH} /usr/bin/python3 -W ignore:setup.py install is deprecated -W ignore:easy_install command is deprecated setup.py egg_info --egg-base ../../build/ros_tcp_endpoint build --build-base /home/alberto/Documents/kia_gd_ws/build/ros_tcp_endpoint/build install --record /home/alberto/Documents/kia_gd_ws/build/ros_tcp_endpoint/install.log --install-scripts $base/lib/ros_tcp_endpoint --single-version-externally-managed install_data
[2.458s] DEBUG:colcon.colcon_core.event_handler.log_command:Invoked command in '/home/alberto/Documents/kia_gd_ws/build/ur_ros_rtde_msgs' returned '0': CMAKE_PREFIX_PATH=/home/alberto/Documents/kia_gd_ws/install/ur_ros_rtde_tutorials:/home/alberto/Documents/kia_gd_ws/install/ur_ros_rtde:/home/alberto/Documents/kia_gd_ws/install/ur_ros_rtde_simple_clients:/home/alberto/Documents/kia_gd_ws/install/ur_ros_rtde_gripper_commands:/home/alberto/Documents/kia_gd_ws/install/ur_ros_rtde_msgs:/home/alberto/Documents/kia_gd_ws/install/ur:/home/alberto/Documents/kia_gd_ws/install/ur_calibration:/home/alberto/Documents/kia_gd_ws/install/ur_robot_driver:/home/alberto/Documents/kia_gd_ws/install/ur_moveit_config:/home/alberto/Documents/kia_gd_ws/install/ur_bringup:/home/alberto/Documents/kia_gd_ws/install/ur_controllers:/home/alberto/Documents/kia_gd_ws/install/ur_dashboard_msgs:/home/alberto/Documents/kia_gd_ws/install/simple_ur10e_moveit_config:/home/alberto/Documents/kia_gd_ws/install/simple_ur10e_description:/home/alberto/Documents/kia_gd_ws/install/kia_gd:/home/alberto/Documents/sub_alberto/install/uuv_visualization:/home/alberto/Documents/sub_alberto/install/uuv_vision:/home/alberto/Documents/sub_alberto/install/uuv_navigation:/home/alberto/Documents/sub_alberto/install/uuv_mission:/home/alberto/Documents/sub_alberto/install/uuv_master:/home/alberto/Documents/sub_alberto/install/uuv_control:/home/alberto/install/vectornav:/home/alberto/install/vectornav_msgs:/home/alberto/install/uuv_teleop:/home/alberto/install/uuv_description:/home/alberto/install/sub:/home/alberto/install/pid:/home/alberto/Documents/kia_gd_ws/install/ros_tcp_endpoint:/home/alberto/ros2_ws/install/docker_test:/opt/ros/humble:/home/alberto/install/catkin:/home/alberto/ros2_ws/install/sub:/home/alberto/ros2_ws/install/pid:/home/alberto/ros2_ws/install/catkin:/home/alberto/uuv/install/uuv /usr/bin/cmake --build /home/alberto/Documents/kia_gd_ws/build/ur_ros_rtde_msgs -- -j8 -l8
[2.464s] DEBUG:colcon.colcon_core.event_handler.log_command:Invoking command in '/home/alberto/Documents/kia_gd_ws/build/ur_ros_rtde_msgs': CMAKE_PREFIX_PATH=/home/alberto/Documents/kia_gd_ws/install/ur_ros_rtde_tutorials:/home/alberto/Documents/kia_gd_ws/install/ur_ros_rtde:/home/alberto/Documents/kia_gd_ws/install/ur_ros_rtde_simple_clients:/home/alberto/Documents/kia_gd_ws/install/ur_ros_rtde_gripper_commands:/home/alberto/Documents/kia_gd_ws/install/ur_ros_rtde_msgs:/home/alberto/Documents/kia_gd_ws/install/ur:/home/alberto/Documents/kia_gd_ws/install/ur_calibration:/home/alberto/Documents/kia_gd_ws/install/ur_robot_driver:/home/alberto/Documents/kia_gd_ws/install/ur_moveit_config:/home/alberto/Documents/kia_gd_ws/install/ur_bringup:/home/alberto/Documents/kia_gd_ws/install/ur_controllers:/home/alberto/Documents/kia_gd_ws/install/ur_dashboard_msgs:/home/alberto/Documents/kia_gd_ws/install/simple_ur10e_moveit_config:/home/alberto/Documents/kia_gd_ws/install/simple_ur10e_description:/home/alberto/Documents/kia_gd_ws/install/kia_gd:/home/alberto/Documents/sub_alberto/install/uuv_visualization:/home/alberto/Documents/sub_alberto/install/uuv_vision:/home/alberto/Documents/sub_alberto/install/uuv_navigation:/home/alberto/Documents/sub_alberto/install/uuv_mission:/home/alberto/Documents/sub_alberto/install/uuv_master:/home/alberto/Documents/sub_alberto/install/uuv_control:/home/alberto/install/vectornav:/home/alberto/install/vectornav_msgs:/home/alberto/install/uuv_teleop:/home/alberto/install/uuv_description:/home/alberto/install/sub:/home/alberto/install/pid:/home/alberto/Documents/kia_gd_ws/install/ros_tcp_endpoint:/home/alberto/ros2_ws/install/docker_test:/opt/ros/humble:/home/alberto/install/catkin:/home/alberto/ros2_ws/install/sub:/home/alberto/ros2_ws/install/pid:/home/alberto/ros2_ws/install/catkin:/home/alberto/uuv/install/uuv /usr/bin/cmake --install /home/alberto/Documents/kia_gd_ws/build/ur_ros_rtde_msgs
[2.893s] Level 1:colcon.colcon_core.environment:create_environment_scripts_only(ur_ros_rtde_msgs)
[2.894s] Level 1:colcon.colcon_core.environment:checking '/home/alberto/Documents/kia_gd_ws/install/ur_ros_rtde_msgs' for CMake module files
[2.895s] DEBUG:colcon.colcon_core.event_handler.log_command:Invoked command in '/home/alberto/Documents/kia_gd_ws/build/ur_ros_rtde_msgs' returned '0': CMAKE_PREFIX_PATH=/home/alberto/Documents/kia_gd_ws/install/ur_ros_rtde_tutorials:/home/alberto/Documents/kia_gd_ws/install/ur_ros_rtde:/home/alberto/Documents/kia_gd_ws/install/ur_ros_rtde_simple_clients:/home/alberto/Documents/kia_gd_ws/install/ur_ros_rtde_gripper_commands:/home/alberto/Documents/kia_gd_ws/install/ur_ros_rtde_msgs:/home/alberto/Documents/kia_gd_ws/install/ur:/home/alberto/Documents/kia_gd_ws/install/ur_calibration:/home/alberto/Documents/kia_gd_ws/install/ur_robot_driver:/home/alberto/Documents/kia_gd_ws/install/ur_moveit_config:/home/alberto/Documents/kia_gd_ws/install/ur_bringup:/home/alberto/Documents/kia_gd_ws/install/ur_controllers:/home/alberto/Documents/kia_gd_ws/install/ur_dashboard_msgs:/home/alberto/Documents/kia_gd_ws/install/simple_ur10e_moveit_config:/home/alberto/Documents/kia_gd_ws/install/simple_ur10e_description:/home/alberto/Documents/kia_gd_ws/install/kia_gd:/home/alberto/Documents/sub_alberto/install/uuv_visualization:/home/alberto/Documents/sub_alberto/install/uuv_vision:/home/alberto/Documents/sub_alberto/install/uuv_navigation:/home/alberto/Documents/sub_alberto/install/uuv_mission:/home/alberto/Documents/sub_alberto/install/uuv_master:/home/alberto/Documents/sub_alberto/install/uuv_control:/home/alberto/install/vectornav:/home/alberto/install/vectornav_msgs:/home/alberto/install/uuv_teleop:/home/alberto/install/uuv_description:/home/alberto/install/sub:/home/alberto/install/pid:/home/alberto/Documents/kia_gd_ws/install/ros_tcp_endpoint:/home/alberto/ros2_ws/install/docker_test:/opt/ros/humble:/home/alberto/install/catkin:/home/alberto/ros2_ws/install/sub:/home/alberto/ros2_ws/install/pid:/home/alberto/ros2_ws/install/catkin:/home/alberto/uuv/install/uuv /usr/bin/cmake --install /home/alberto/Documents/kia_gd_ws/build/ur_ros_rtde_msgs
[2.895s] Level 1:colcon.colcon_core.environment:checking '/home/alberto/Documents/kia_gd_ws/install/ur_ros_rtde_msgs' for CMake config files
[2.901s] Level 1:colcon.colcon_core.shell:create_environment_hook('ur_ros_rtde_msgs', 'cmake_prefix_path')
[2.901s] INFO:colcon.colcon_core.shell:Creating environment hook '/home/alberto/Documents/kia_gd_ws/install/ur_ros_rtde_msgs/share/ur_ros_rtde_msgs/hook/cmake_prefix_path.ps1'
[2.902s] INFO:colcon.colcon_core.shell:Creating environment descriptor '/home/alberto/Documents/kia_gd_ws/install/ur_ros_rtde_msgs/share/ur_ros_rtde_msgs/hook/cmake_prefix_path.dsv'
[2.902s] INFO:colcon.colcon_core.shell:Creating environment hook '/home/alberto/Documents/kia_gd_ws/install/ur_ros_rtde_msgs/share/ur_ros_rtde_msgs/hook/cmake_prefix_path.sh'
[2.903s] Level 1:colcon.colcon_core.environment:checking '/home/alberto/Documents/kia_gd_ws/install/ur_ros_rtde_msgs/lib'
[2.903s] Level 1:colcon.colcon_core.shell:create_environment_hook('ur_ros_rtde_msgs', 'ld_library_path_lib')
[2.904s] INFO:colcon.colcon_core.shell:Creating environment hook '/home/alberto/Documents/kia_gd_ws/install/ur_ros_rtde_msgs/share/ur_ros_rtde_msgs/hook/ld_library_path_lib.ps1'
[2.905s] INFO:colcon.colcon_core.shell:Creating environment descriptor '/home/alberto/Documents/kia_gd_ws/install/ur_ros_rtde_msgs/share/ur_ros_rtde_msgs/hook/ld_library_path_lib.dsv'
[2.905s] INFO:colcon.colcon_core.shell:Creating environment hook '/home/alberto/Documents/kia_gd_ws/install/ur_ros_rtde_msgs/share/ur_ros_rtde_msgs/hook/ld_library_path_lib.sh'
[2.906s] Level 1:colcon.colcon_core.environment:checking '/home/alberto/Documents/kia_gd_ws/install/ur_ros_rtde_msgs/bin'
[2.906s] Level 1:colcon.colcon_core.environment:checking '/home/alberto/Documents/kia_gd_ws/install/ur_ros_rtde_msgs/lib/pkgconfig/ur_ros_rtde_msgs.pc'
[2.906s] Level 1:colcon.colcon_core.environment:checking '/home/alberto/Documents/kia_gd_ws/install/ur_ros_rtde_msgs/lib/python3.10/site-packages'
[2.907s] Level 1:colcon.colcon_core.environment:checking '/home/alberto/Documents/kia_gd_ws/install/ur_ros_rtde_msgs/bin'
[2.907s] INFO:colcon.colcon_core.shell:Creating package script '/home/alberto/Documents/kia_gd_ws/install/ur_ros_rtde_msgs/share/ur_ros_rtde_msgs/package.ps1'
[2.908s] INFO:colcon.colcon_core.shell:Creating package descriptor '/home/alberto/Documents/kia_gd_ws/install/ur_ros_rtde_msgs/share/ur_ros_rtde_msgs/package.dsv'
[2.909s] INFO:colcon.colcon_core.shell:Creating package script '/home/alberto/Documents/kia_gd_ws/install/ur_ros_rtde_msgs/share/ur_ros_rtde_msgs/package.sh'
[2.910s] INFO:colcon.colcon_core.shell:Creating package script '/home/alberto/Documents/kia_gd_ws/install/ur_ros_rtde_msgs/share/ur_ros_rtde_msgs/package.bash'
[2.910s] INFO:colcon.colcon_core.shell:Creating package script '/home/alberto/Documents/kia_gd_ws/install/ur_ros_rtde_msgs/share/ur_ros_rtde_msgs/package.zsh'
[2.911s] Level 1:colcon.colcon_core.environment:create_file_with_runtime_dependencies(/home/alberto/Documents/kia_gd_ws/install/ur_ros_rtde_msgs/share/colcon-core/packages/ur_ros_rtde_msgs)
[2.912s] Level 1:colcon.colcon_core.environment:create_environment_scripts_only(ur_ros_rtde_msgs)
[2.912s] Level 1:colcon.colcon_core.environment:checking '/home/alberto/Documents/kia_gd_ws/install/ur_ros_rtde_msgs' for CMake module files
[2.913s] Level 1:colcon.colcon_core.environment:checking '/home/alberto/Documents/kia_gd_ws/install/ur_ros_rtde_msgs' for CMake config files
[2.919s] Level 1:colcon.colcon_core.shell:create_environment_hook('ur_ros_rtde_msgs', 'cmake_prefix_path')
[2.920s] INFO:colcon.colcon_core.shell:Creating environment hook '/home/alberto/Documents/kia_gd_ws/install/ur_ros_rtde_msgs/share/ur_ros_rtde_msgs/hook/cmake_prefix_path.ps1'
[2.921s] INFO:colcon.colcon_core.shell:Creating environment descriptor '/home/alberto/Documents/kia_gd_ws/install/ur_ros_rtde_msgs/share/ur_ros_rtde_msgs/hook/cmake_prefix_path.dsv'
[2.922s] INFO:colcon.colcon_core.shell:Creating environment hook '/home/alberto/Documents/kia_gd_ws/install/ur_ros_rtde_msgs/share/ur_ros_rtde_msgs/hook/cmake_prefix_path.sh'
[2.923s] Level 1:colcon.colcon_core.environment:checking '/home/alberto/Documents/kia_gd_ws/install/ur_ros_rtde_msgs/lib'
[2.923s] Level 1:colcon.colcon_core.shell:create_environment_hook('ur_ros_rtde_msgs', 'ld_library_path_lib')
[2.923s] INFO:colcon.colcon_core.shell:Creating environment hook '/home/alberto/Documents/kia_gd_ws/install/ur_ros_rtde_msgs/share/ur_ros_rtde_msgs/hook/ld_library_path_lib.ps1'
[2.924s] INFO:colcon.colcon_core.shell:Creating environment descriptor '/home/alberto/Documents/kia_gd_ws/install/ur_ros_rtde_msgs/share/ur_ros_rtde_msgs/hook/ld_library_path_lib.dsv'
[2.924s] INFO:colcon.colcon_core.shell:Creating environment hook '/home/alberto/Documents/kia_gd_ws/install/ur_ros_rtde_msgs/share/ur_ros_rtde_msgs/hook/ld_library_path_lib.sh'
[2.924s] Level 1:colcon.colcon_core.environment:checking '/home/alberto/Documents/kia_gd_ws/install/ur_ros_rtde_msgs/bin'
[2.924s] Level 1:colcon.colcon_core.environment:checking '/home/alberto/Documents/kia_gd_ws/install/ur_ros_rtde_msgs/lib/pkgconfig/ur_ros_rtde_msgs.pc'
[2.925s] Level 1:colcon.colcon_core.environment:checking '/home/alberto/Documents/kia_gd_ws/install/ur_ros_rtde_msgs/lib/python3.10/site-packages'
[2.925s] Level 1:colcon.colcon_core.environment:checking '/home/alberto/Documents/kia_gd_ws/install/ur_ros_rtde_msgs/bin'
[2.926s] INFO:colcon.colcon_core.shell:Creating package script '/home/alberto/Documents/kia_gd_ws/install/ur_ros_rtde_msgs/share/ur_ros_rtde_msgs/package.ps1'
[2.926s] INFO:colcon.colcon_core.shell:Creating package descriptor '/home/alberto/Documents/kia_gd_ws/install/ur_ros_rtde_msgs/share/ur_ros_rtde_msgs/package.dsv'
[2.927s] INFO:colcon.colcon_core.shell:Creating package script '/home/alberto/Documents/kia_gd_ws/install/ur_ros_rtde_msgs/share/ur_ros_rtde_msgs/package.sh'
[2.927s] INFO:colcon.colcon_core.shell:Creating package script '/home/alberto/Documents/kia_gd_ws/install/ur_ros_rtde_msgs/share/ur_ros_rtde_msgs/package.bash'
[2.928s] INFO:colcon.colcon_core.shell:Creating package script '/home/alberto/Documents/kia_gd_ws/install/ur_ros_rtde_msgs/share/ur_ros_rtde_msgs/package.zsh'
[2.929s] Level 1:colcon.colcon_core.environment:create_file_with_runtime_dependencies(/home/alberto/Documents/kia_gd_ws/install/ur_ros_rtde_msgs/share/colcon-core/packages/ur_ros_rtde_msgs)
[2.929s] INFO:colcon.colcon_ros.task.ament_cmake.build:Building ROS package in '/home/alberto/Documents/kia_gd_ws/src/ur_ros_rtde/ur_ros_rtde' with build type 'ament_cmake'
[2.929s] INFO:colcon.colcon_cmake.task.cmake.build:Building CMake package in '/home/alberto/Documents/kia_gd_ws/src/ur_ros_rtde/ur_ros_rtde'
[2.930s] INFO:colcon.colcon_core.shell:Skip shell extension 'powershell' for command environment: Not usable outside of PowerShell
[2.930s] DEBUG:colcon.colcon_core.shell:Skip shell extension 'dsv' for command environment
[2.961s] DEBUG:colcon.colcon_core.event_handler.log_command:Invoking command in '/home/alberto/Documents/kia_gd_ws/build/ur_ros_rtde': CMAKE_PREFIX_PATH=/home/alberto/Documents/kia_gd_ws/install/ur_ros_rtde_simple_clients:/home/alberto/Documents/kia_gd_ws/install/ur_ros_rtde_msgs:/home/alberto/Documents/kia_gd_ws/install/ur_ros_rtde_tutorials:/home/alberto/Documents/kia_gd_ws/install/ur_ros_rtde:/home/alberto/Documents/kia_gd_ws/install/ur_ros_rtde_gripper_commands:/home/alberto/Documents/kia_gd_ws/install/ur:/home/alberto/Documents/kia_gd_ws/install/ur_calibration:/home/alberto/Documents/kia_gd_ws/install/ur_robot_driver:/home/alberto/Documents/kia_gd_ws/install/ur_moveit_config:/home/alberto/Documents/kia_gd_ws/install/ur_bringup:/home/alberto/Documents/kia_gd_ws/install/ur_controllers:/home/alberto/Documents/kia_gd_ws/install/ur_dashboard_msgs:/home/alberto/Documents/kia_gd_ws/install/simple_ur10e_moveit_config:/home/alberto/Documents/kia_gd_ws/install/simple_ur10e_description:/home/alberto/Documents/kia_gd_ws/install/kia_gd:/home/alberto/Documents/sub_alberto/install/uuv_visualization:/home/alberto/Documents/sub_alberto/install/uuv_vision:/home/alberto/Documents/sub_alberto/install/uuv_navigation:/home/alberto/Documents/sub_alberto/install/uuv_mission:/home/alberto/Documents/sub_alberto/install/uuv_master:/home/alberto/Documents/sub_alberto/install/uuv_control:/home/alberto/install/vectornav:/home/alberto/install/vectornav_msgs:/home/alberto/install/uuv_teleop:/home/alberto/install/uuv_description:/home/alberto/install/sub:/home/alberto/install/pid:/home/alberto/Documents/kia_gd_ws/install/ros_tcp_endpoint:/home/alberto/ros2_ws/install/docker_test:/opt/ros/humble:/home/alberto/install/catkin:/home/alberto/ros2_ws/install/sub:/home/alberto/ros2_ws/install/pid:/home/alberto/ros2_ws/install/catkin:/home/alberto/uuv/install/uuv LD_LIBRARY_PATH=/home/alberto/Documents/kia_gd_ws/install/ur_ros_rtde_msgs/lib:/home/alberto/Documents/kia_gd_ws/install/ur_ros_rtde_tutorials/lib:/home/alberto/Documents/kia_gd_ws/install/ur_ros_rtde/lib:/home/alberto/Documents/kia_gd_ws/install/ur_ros_rtde_gripper_commands/lib:/home/alberto/Documents/kia_gd_ws/install/ur_robot_driver/lib:/home/alberto/Documents/kia_gd_ws/install/ur_controllers/lib:/home/alberto/Documents/kia_gd_ws/install/ur_dashboard_msgs/lib:/home/alberto/install/vectornav/lib:/home/alberto/install/vectornav_msgs/lib:/opt/ros/humble/opt/rviz_ogre_vendor/lib:/opt/ros/humble/lib/x86_64-linux-gnu:/opt/ros/humble/lib /usr/bin/cmake --build /home/alberto/Documents/kia_gd_ws/build/ur_ros_rtde -- -j8 -l8
[3.024s] Level 1:colcon.colcon_core.environment:checking '/home/alberto/Documents/kia_gd_ws/install/ros_tcp_endpoint' for CMake module files
[3.025s] DEBUG:colcon.colcon_core.event_handler.log_command:Invoked command in '/home/alberto/Documents/kia_gd_ws/src/ROS-TCP-Endpoint' returned '0': PYTHONPATH=/home/alberto/Documents/kia_gd_ws/build/ros_tcp_endpoint/prefix_override:/usr/lib/python3/dist-packages/colcon_core/task/python/colcon_distutils_commands:/home/alberto/Documents/kia_gd_ws/install/ros_tcp_endpoint/lib/python3.10/site-packages:${PYTHONPATH} /usr/bin/python3 -W ignore:setup.py install is deprecated -W ignore:easy_install command is deprecated setup.py egg_info --egg-base ../../build/ros_tcp_endpoint build --build-base /home/alberto/Documents/kia_gd_ws/build/ros_tcp_endpoint/build install --record /home/alberto/Documents/kia_gd_ws/build/ros_tcp_endpoint/install.log --install-scripts $base/lib/ros_tcp_endpoint --single-version-externally-managed install_data
[3.025s] Level 1:colcon.colcon_core.environment:checking '/home/alberto/Documents/kia_gd_ws/install/ros_tcp_endpoint' for CMake config files
[3.026s] Level 1:colcon.colcon_core.environment:checking '/home/alberto/Documents/kia_gd_ws/install/ros_tcp_endpoint/lib'
[3.027s] Level 1:colcon.colcon_core.environment:checking '/home/alberto/Documents/kia_gd_ws/install/ros_tcp_endpoint/bin'
[3.027s] Level 1:colcon.colcon_core.environment:checking '/home/alberto/Documents/kia_gd_ws/install/ros_tcp_endpoint/lib/pkgconfig/ros_tcp_endpoint.pc'
[3.027s] Level 1:colcon.colcon_core.environment:checking '/home/alberto/Documents/kia_gd_ws/install/ros_tcp_endpoint/lib/python3.10/site-packages'
[3.027s] Level 1:colcon.colcon_core.shell:create_environment_hook('ros_tcp_endpoint', 'pythonpath')
[3.028s] INFO:colcon.colcon_core.shell:Creating environment hook '/home/alberto/Documents/kia_gd_ws/install/ros_tcp_endpoint/share/ros_tcp_endpoint/hook/pythonpath.ps1'
[3.029s] INFO:colcon.colcon_core.shell:Creating environment descriptor '/home/alberto/Documents/kia_gd_ws/install/ros_tcp_endpoint/share/ros_tcp_endpoint/hook/pythonpath.dsv'
[3.030s] INFO:colcon.colcon_core.shell:Creating environment hook '/home/alberto/Documents/kia_gd_ws/install/ros_tcp_endpoint/share/ros_tcp_endpoint/hook/pythonpath.sh'
[3.031s] Level 1:colcon.colcon_core.environment:checking '/home/alberto/Documents/kia_gd_ws/install/ros_tcp_endpoint/bin'
[3.031s] Level 1:colcon.colcon_core.environment:create_environment_scripts_only(ros_tcp_endpoint)
[3.032s] INFO:colcon.colcon_core.shell:Creating package script '/home/alberto/Documents/kia_gd_ws/install/ros_tcp_endpoint/share/ros_tcp_endpoint/package.ps1'
[3.033s] INFO:colcon.colcon_core.shell:Creating package descriptor '/home/alberto/Documents/kia_gd_ws/install/ros_tcp_endpoint/share/ros_tcp_endpoint/package.dsv'
[3.034s] INFO:colcon.colcon_core.shell:Creating package script '/home/alberto/Documents/kia_gd_ws/install/ros_tcp_endpoint/share/ros_tcp_endpoint/package.sh'
[3.034s] INFO:colcon.colcon_core.shell:Creating package script '/home/alberto/Documents/kia_gd_ws/install/ros_tcp_endpoint/share/ros_tcp_endpoint/package.bash'
[3.035s] INFO:colcon.colcon_core.shell:Creating package script '/home/alberto/Documents/kia_gd_ws/install/ros_tcp_endpoint/share/ros_tcp_endpoint/package.zsh'
[3.035s] Level 1:colcon.colcon_core.environment:create_file_with_runtime_dependencies(/home/alberto/Documents/kia_gd_ws/install/ros_tcp_endpoint/share/colcon-core/packages/ros_tcp_endpoint)
[3.470s] DEBUG:colcon.colcon_core.event_handler.log_command:Invoked command in '/home/alberto/Documents/kia_gd_ws/build/ur_ros_rtde' returned '0': CMAKE_PREFIX_PATH=/home/alberto/Documents/kia_gd_ws/install/ur_ros_rtde_simple_clients:/home/alberto/Documents/kia_gd_ws/install/ur_ros_rtde_msgs:/home/alberto/Documents/kia_gd_ws/install/ur_ros_rtde_tutorials:/home/alberto/Documents/kia_gd_ws/install/ur_ros_rtde:/home/alberto/Documents/kia_gd_ws/install/ur_ros_rtde_gripper_commands:/home/alberto/Documents/kia_gd_ws/install/ur:/home/alberto/Documents/kia_gd_ws/install/ur_calibration:/home/alberto/Documents/kia_gd_ws/install/ur_robot_driver:/home/alberto/Documents/kia_gd_ws/install/ur_moveit_config:/home/alberto/Documents/kia_gd_ws/install/ur_bringup:/home/alberto/Documents/kia_gd_ws/install/ur_controllers:/home/alberto/Documents/kia_gd_ws/install/ur_dashboard_msgs:/home/alberto/Documents/kia_gd_ws/install/simple_ur10e_moveit_config:/home/alberto/Documents/kia_gd_ws/install/simple_ur10e_description:/home/alberto/Documents/kia_gd_ws/install/kia_gd:/home/alberto/Documents/sub_alberto/install/uuv_visualization:/home/alberto/Documents/sub_alberto/install/uuv_vision:/home/alberto/Documents/sub_alberto/install/uuv_navigation:/home/alberto/Documents/sub_alberto/install/uuv_mission:/home/alberto/Documents/sub_alberto/install/uuv_master:/home/alberto/Documents/sub_alberto/install/uuv_control:/home/alberto/install/vectornav:/home/alberto/install/vectornav_msgs:/home/alberto/install/uuv_teleop:/home/alberto/install/uuv_description:/home/alberto/install/sub:/home/alberto/install/pid:/home/alberto/Documents/kia_gd_ws/install/ros_tcp_endpoint:/home/alberto/ros2_ws/install/docker_test:/opt/ros/humble:/home/alberto/install/catkin:/home/alberto/ros2_ws/install/sub:/home/alberto/ros2_ws/install/pid:/home/alberto/ros2_ws/install/catkin:/home/alberto/uuv/install/uuv LD_LIBRARY_PATH=/home/alberto/Documents/kia_gd_ws/install/ur_ros_rtde_msgs/lib:/home/alberto/Documents/kia_gd_ws/install/ur_ros_rtde_tutorials/lib:/home/alberto/Documents/kia_gd_ws/install/ur_ros_rtde/lib:/home/alberto/Documents/kia_gd_ws/install/ur_ros_rtde_gripper_commands/lib:/home/alberto/Documents/kia_gd_ws/install/ur_robot_driver/lib:/home/alberto/Documents/kia_gd_ws/install/ur_controllers/lib:/home/alberto/Documents/kia_gd_ws/install/ur_dashboard_msgs/lib:/home/alberto/install/vectornav/lib:/home/alberto/install/vectornav_msgs/lib:/opt/ros/humble/opt/rviz_ogre_vendor/lib:/opt/ros/humble/lib/x86_64-linux-gnu:/opt/ros/humble/lib /usr/bin/cmake --build /home/alberto/Documents/kia_gd_ws/build/ur_ros_rtde -- -j8 -l8
[3.471s] DEBUG:colcon.colcon_core.event_handler.log_command:Invoking command in '/home/alberto/Documents/kia_gd_ws/build/ur_ros_rtde': CMAKE_PREFIX_PATH=/home/alberto/Documents/kia_gd_ws/install/ur_ros_rtde_simple_clients:/home/alberto/Documents/kia_gd_ws/install/ur_ros_rtde_msgs:/home/alberto/Documents/kia_gd_ws/install/ur_ros_rtde_tutorials:/home/alberto/Documents/kia_gd_ws/install/ur_ros_rtde:/home/alberto/Documents/kia_gd_ws/install/ur_ros_rtde_gripper_commands:/home/alberto/Documents/kia_gd_ws/install/ur:/home/alberto/Documents/kia_gd_ws/install/ur_calibration:/home/alberto/Documents/kia_gd_ws/install/ur_robot_driver:/home/alberto/Documents/kia_gd_ws/install/ur_moveit_config:/home/alberto/Documents/kia_gd_ws/install/ur_bringup:/home/alberto/Documents/kia_gd_ws/install/ur_controllers:/home/alberto/Documents/kia_gd_ws/install/ur_dashboard_msgs:/home/alberto/Documents/kia_gd_ws/install/simple_ur10e_moveit_config:/home/alberto/Documents/kia_gd_ws/install/simple_ur10e_description:/home/alberto/Documents/kia_gd_ws/install/kia_gd:/home/alberto/Documents/sub_alberto/install/uuv_visualization:/home/alberto/Documents/sub_alberto/install/uuv_vision:/home/alberto/Documents/sub_alberto/install/uuv_navigation:/home/alberto/Documents/sub_alberto/install/uuv_mission:/home/alberto/Documents/sub_alberto/install/uuv_master:/home/alberto/Documents/sub_alberto/install/uuv_control:/home/alberto/install/vectornav:/home/alberto/install/vectornav_msgs:/home/alberto/install/uuv_teleop:/home/alberto/install/uuv_description:/home/alberto/install/sub:/home/alberto/install/pid:/home/alberto/Documents/kia_gd_ws/install/ros_tcp_endpoint:/home/alberto/ros2_ws/install/docker_test:/opt/ros/humble:/home/alberto/install/catkin:/home/alberto/ros2_ws/install/sub:/home/alberto/ros2_ws/install/pid:/home/alberto/ros2_ws/install/catkin:/home/alberto/uuv/install/uuv LD_LIBRARY_PATH=/home/alberto/Documents/kia_gd_ws/install/ur_ros_rtde_msgs/lib:/home/alberto/Documents/kia_gd_ws/install/ur_ros_rtde_tutorials/lib:/home/alberto/Documents/kia_gd_ws/install/ur_ros_rtde/lib:/home/alberto/Documents/kia_gd_ws/install/ur_ros_rtde_gripper_commands/lib:/home/alberto/Documents/kia_gd_ws/install/ur_robot_driver/lib:/home/alberto/Documents/kia_gd_ws/install/ur_controllers/lib:/home/alberto/Documents/kia_gd_ws/install/ur_dashboard_msgs/lib:/home/alberto/install/vectornav/lib:/home/alberto/install/vectornav_msgs/lib:/opt/ros/humble/opt/rviz_ogre_vendor/lib:/opt/ros/humble/lib/x86_64-linux-gnu:/opt/ros/humble/lib /usr/bin/cmake --install /home/alberto/Documents/kia_gd_ws/build/ur_ros_rtde
[3.516s] Level 1:colcon.colcon_core.environment:create_environment_scripts_only(ur_ros_rtde)
[3.517s] Level 1:colcon.colcon_core.environment:checking '/home/alberto/Documents/kia_gd_ws/install/ur_ros_rtde' for CMake module files
[3.518s] DEBUG:colcon.colcon_core.event_handler.log_command:Invoked command in '/home/alberto/Documents/kia_gd_ws/build/ur_ros_rtde' returned '0': CMAKE_PREFIX_PATH=/home/alberto/Documents/kia_gd_ws/install/ur_ros_rtde_simple_clients:/home/alberto/Documents/kia_gd_ws/install/ur_ros_rtde_msgs:/home/alberto/Documents/kia_gd_ws/install/ur_ros_rtde_tutorials:/home/alberto/Documents/kia_gd_ws/install/ur_ros_rtde:/home/alberto/Documents/kia_gd_ws/install/ur_ros_rtde_gripper_commands:/home/alberto/Documents/kia_gd_ws/install/ur:/home/alberto/Documents/kia_gd_ws/install/ur_calibration:/home/alberto/Documents/kia_gd_ws/install/ur_robot_driver:/home/alberto/Documents/kia_gd_ws/install/ur_moveit_config:/home/alberto/Documents/kia_gd_ws/install/ur_bringup:/home/alberto/Documents/kia_gd_ws/install/ur_controllers:/home/alberto/Documents/kia_gd_ws/install/ur_dashboard_msgs:/home/alberto/Documents/kia_gd_ws/install/simple_ur10e_moveit_config:/home/alberto/Documents/kia_gd_ws/install/simple_ur10e_description:/home/alberto/Documents/kia_gd_ws/install/kia_gd:/home/alberto/Documents/sub_alberto/install/uuv_visualization:/home/alberto/Documents/sub_alberto/install/uuv_vision:/home/alberto/Documents/sub_alberto/install/uuv_navigation:/home/alberto/Documents/sub_alberto/install/uuv_mission:/home/alberto/Documents/sub_alberto/install/uuv_master:/home/alberto/Documents/sub_alberto/install/uuv_control:/home/alberto/install/vectornav:/home/alberto/install/vectornav_msgs:/home/alberto/install/uuv_teleop:/home/alberto/install/uuv_description:/home/alberto/install/sub:/home/alberto/install/pid:/home/alberto/Documents/kia_gd_ws/install/ros_tcp_endpoint:/home/alberto/ros2_ws/install/docker_test:/opt/ros/humble:/home/alberto/install/catkin:/home/alberto/ros2_ws/install/sub:/home/alberto/ros2_ws/install/pid:/home/alberto/ros2_ws/install/catkin:/home/alberto/uuv/install/uuv LD_LIBRARY_PATH=/home/alberto/Documents/kia_gd_ws/install/ur_ros_rtde_msgs/lib:/home/alberto/Documents/kia_gd_ws/install/ur_ros_rtde_tutorials/lib:/home/alberto/Documents/kia_gd_ws/install/ur_ros_rtde/lib:/home/alberto/Documents/kia_gd_ws/install/ur_ros_rtde_gripper_commands/lib:/home/alberto/Documents/kia_gd_ws/install/ur_robot_driver/lib:/home/alberto/Documents/kia_gd_ws/install/ur_controllers/lib:/home/alberto/Documents/kia_gd_ws/install/ur_dashboard_msgs/lib:/home/alberto/install/vectornav/lib:/home/alberto/install/vectornav_msgs/lib:/opt/ros/humble/opt/rviz_ogre_vendor/lib:/opt/ros/humble/lib/x86_64-linux-gnu:/opt/ros/humble/lib /usr/bin/cmake --install /home/alberto/Documents/kia_gd_ws/build/ur_ros_rtde
[3.519s] Level 1:colcon.colcon_core.environment:checking '/home/alberto/Documents/kia_gd_ws/install/ur_ros_rtde' for CMake config files
[3.519s] Level 1:colcon.colcon_core.shell:create_environment_hook('ur_ros_rtde', 'cmake_prefix_path')
[3.520s] INFO:colcon.colcon_core.shell:Creating environment hook '/home/alberto/Documents/kia_gd_ws/install/ur_ros_rtde/share/ur_ros_rtde/hook/cmake_prefix_path.ps1'
[3.520s] INFO:colcon.colcon_core.shell:Creating environment descriptor '/home/alberto/Documents/kia_gd_ws/install/ur_ros_rtde/share/ur_ros_rtde/hook/cmake_prefix_path.dsv'
[3.521s] INFO:colcon.colcon_core.shell:Creating environment hook '/home/alberto/Documents/kia_gd_ws/install/ur_ros_rtde/share/ur_ros_rtde/hook/cmake_prefix_path.sh'
[3.521s] Level 1:colcon.colcon_core.environment:checking '/home/alberto/Documents/kia_gd_ws/install/ur_ros_rtde/lib'
[3.522s] Level 1:colcon.colcon_core.shell:create_environment_hook('ur_ros_rtde', 'ld_library_path_lib')
[3.522s] INFO:colcon.colcon_core.shell:Creating environment hook '/home/alberto/Documents/kia_gd_ws/install/ur_ros_rtde/share/ur_ros_rtde/hook/ld_library_path_lib.ps1'
[3.522s] INFO:colcon.colcon_core.shell:Creating environment descriptor '/home/alberto/Documents/kia_gd_ws/install/ur_ros_rtde/share/ur_ros_rtde/hook/ld_library_path_lib.dsv'
[3.523s] INFO:colcon.colcon_core.shell:Creating environment hook '/home/alberto/Documents/kia_gd_ws/install/ur_ros_rtde/share/ur_ros_rtde/hook/ld_library_path_lib.sh'
[3.523s] Level 1:colcon.colcon_core.environment:checking '/home/alberto/Documents/kia_gd_ws/install/ur_ros_rtde/bin'
[3.523s] Level 1:colcon.colcon_core.environment:checking '/home/alberto/Documents/kia_gd_ws/install/ur_ros_rtde/lib/pkgconfig/ur_ros_rtde.pc'
[3.523s] Level 1:colcon.colcon_core.environment:checking '/home/alberto/Documents/kia_gd_ws/install/ur_ros_rtde/lib/python3.10/site-packages'
[3.524s] Level 1:colcon.colcon_core.environment:checking '/home/alberto/Documents/kia_gd_ws/install/ur_ros_rtde/bin'
[3.524s] INFO:colcon.colcon_core.shell:Creating package script '/home/alberto/Documents/kia_gd_ws/install/ur_ros_rtde/share/ur_ros_rtde/package.ps1'
[3.525s] INFO:colcon.colcon_core.shell:Creating package descriptor '/home/alberto/Documents/kia_gd_ws/install/ur_ros_rtde/share/ur_ros_rtde/package.dsv'
[3.525s] INFO:colcon.colcon_core.shell:Creating package script '/home/alberto/Documents/kia_gd_ws/install/ur_ros_rtde/share/ur_ros_rtde/package.sh'
[3.526s] INFO:colcon.colcon_core.shell:Creating package script '/home/alberto/Documents/kia_gd_ws/install/ur_ros_rtde/share/ur_ros_rtde/package.bash'
[3.526s] INFO:colcon.colcon_core.shell:Creating package script '/home/alberto/Documents/kia_gd_ws/install/ur_ros_rtde/share/ur_ros_rtde/package.zsh'
[3.526s] Level 1:colcon.colcon_core.environment:create_file_with_runtime_dependencies(/home/alberto/Documents/kia_gd_ws/install/ur_ros_rtde/share/colcon-core/packages/ur_ros_rtde)
[3.527s] Level 1:colcon.colcon_core.environment:create_environment_scripts_only(ur_ros_rtde)
[3.527s] Level 1:colcon.colcon_core.environment:checking '/home/alberto/Documents/kia_gd_ws/install/ur_ros_rtde' for CMake module files
[3.528s] Level 1:colcon.colcon_core.environment:checking '/home/alberto/Documents/kia_gd_ws/install/ur_ros_rtde' for CMake config files
[3.528s] Level 1:colcon.colcon_core.shell:create_environment_hook('ur_ros_rtde', 'cmake_prefix_path')
[3.528s] INFO:colcon.colcon_core.shell:Creating environment hook '/home/alberto/Documents/kia_gd_ws/install/ur_ros_rtde/share/ur_ros_rtde/hook/cmake_prefix_path.ps1'
[3.529s] INFO:colcon.colcon_core.shell:Creating environment descriptor '/home/alberto/Documents/kia_gd_ws/install/ur_ros_rtde/share/ur_ros_rtde/hook/cmake_prefix_path.dsv'
[3.529s] INFO:colcon.colcon_core.shell:Creating environment hook '/home/alberto/Documents/kia_gd_ws/install/ur_ros_rtde/share/ur_ros_rtde/hook/cmake_prefix_path.sh'
[3.530s] Level 1:colcon.colcon_core.environment:checking '/home/alberto/Documents/kia_gd_ws/install/ur_ros_rtde/lib'
[3.530s] Level 1:colcon.colcon_core.shell:create_environment_hook('ur_ros_rtde', 'ld_library_path_lib')
[3.530s] INFO:colcon.colcon_core.shell:Creating environment hook '/home/alberto/Documents/kia_gd_ws/install/ur_ros_rtde/share/ur_ros_rtde/hook/ld_library_path_lib.ps1'
[3.531s] INFO:colcon.colcon_core.shell:Creating environment descriptor '/home/alberto/Documents/kia_gd_ws/install/ur_ros_rtde/share/ur_ros_rtde/hook/ld_library_path_lib.dsv'
[3.531s] INFO:colcon.colcon_core.shell:Creating environment hook '/home/alberto/Documents/kia_gd_ws/install/ur_ros_rtde/share/ur_ros_rtde/hook/ld_library_path_lib.sh'
[3.532s] Level 1:colcon.colcon_core.environment:checking '/home/alberto/Documents/kia_gd_ws/install/ur_ros_rtde/bin'
[3.532s] Level 1:colcon.colcon_core.environment:checking '/home/alberto/Documents/kia_gd_ws/install/ur_ros_rtde/lib/pkgconfig/ur_ros_rtde.pc'
[3.533s] Level 1:colcon.colcon_core.environment:checking '/home/alberto/Documents/kia_gd_ws/install/ur_ros_rtde/lib/python3.10/site-packages'
[3.533s] Level 1:colcon.colcon_core.environment:checking '/home/alberto/Documents/kia_gd_ws/install/ur_ros_rtde/bin'
[3.534s] INFO:colcon.colcon_core.shell:Creating package script '/home/alberto/Documents/kia_gd_ws/install/ur_ros_rtde/share/ur_ros_rtde/package.ps1'
[3.535s] INFO:colcon.colcon_core.shell:Creating package descriptor '/home/alberto/Documents/kia_gd_ws/install/ur_ros_rtde/share/ur_ros_rtde/package.dsv'
[3.536s] INFO:colcon.colcon_core.shell:Creating package script '/home/alberto/Documents/kia_gd_ws/install/ur_ros_rtde/share/ur_ros_rtde/package.sh'
[3.537s] INFO:colcon.colcon_core.shell:Creating package script '/home/alberto/Documents/kia_gd_ws/install/ur_ros_rtde/share/ur_ros_rtde/package.bash'
[3.537s] INFO:colcon.colcon_core.shell:Creating package script '/home/alberto/Documents/kia_gd_ws/install/ur_ros_rtde/share/ur_ros_rtde/package.zsh'
[3.538s] Level 1:colcon.colcon_core.environment:create_file_with_runtime_dependencies(/home/alberto/Documents/kia_gd_ws/install/ur_ros_rtde/share/colcon-core/packages/ur_ros_rtde)
[3.538s] INFO:colcon.colcon_ros.task.ament_cmake.build:Building ROS package in '/home/alberto/Documents/kia_gd_ws/src/ur_ros_rtde/ur_ros_rtde_gripper_commands' with build type 'ament_cmake'
[3.538s] INFO:colcon.colcon_cmake.task.cmake.build:Building CMake package in '/home/alberto/Documents/kia_gd_ws/src/ur_ros_rtde/ur_ros_rtde_gripper_commands'
[3.539s] INFO:colcon.colcon_core.shell:Skip shell extension 'powershell' for command environment: Not usable outside of PowerShell
[3.539s] DEBUG:colcon.colcon_core.shell:Skip shell extension 'dsv' for command environment
[3.546s] INFO:colcon.colcon_ros.task.ament_cmake.build:Building ROS package in '/home/alberto/Documents/kia_gd_ws/src/ur_ros_rtde/ur_ros_rtde_tutorials' with build type 'ament_cmake'
[3.547s] INFO:colcon.colcon_cmake.task.cmake.build:Building CMake package in '/home/alberto/Documents/kia_gd_ws/src/ur_ros_rtde/ur_ros_rtde_tutorials'
[3.547s] INFO:colcon.colcon_core.shell:Skip shell extension 'powershell' for command environment: Not usable outside of PowerShell
[3.547s] DEBUG:colcon.colcon_core.shell:Skip shell extension 'dsv' for command environment
[3.564s] DEBUG:colcon.colcon_core.event_handler.log_command:Invoking command in '/home/alberto/Documents/kia_gd_ws/build/ur_ros_rtde_gripper_commands': CMAKE_PREFIX_PATH=/home/alberto/Documents/kia_gd_ws/install/ur_ros_rtde:/home/alberto/Documents/kia_gd_ws/install/ur_ros_rtde_simple_clients:/home/alberto/Documents/kia_gd_ws/install/ur_ros_rtde_msgs:/home/alberto/Documents/kia_gd_ws/install/ur_ros_rtde_tutorials:/home/alberto/Documents/kia_gd_ws/install/ur_ros_rtde_gripper_commands:/home/alberto/Documents/kia_gd_ws/install/ur:/home/alberto/Documents/kia_gd_ws/install/ur_calibration:/home/alberto/Documents/kia_gd_ws/install/ur_robot_driver:/home/alberto/Documents/kia_gd_ws/install/ur_moveit_config:/home/alberto/Documents/kia_gd_ws/install/ur_bringup:/home/alberto/Documents/kia_gd_ws/install/ur_controllers:/home/alberto/Documents/kia_gd_ws/install/ur_dashboard_msgs:/home/alberto/Documents/kia_gd_ws/install/simple_ur10e_moveit_config:/home/alberto/Documents/kia_gd_ws/install/simple_ur10e_description:/home/alberto/Documents/kia_gd_ws/install/kia_gd:/home/alberto/Documents/sub_alberto/install/uuv_visualization:/home/alberto/Documents/sub_alberto/install/uuv_vision:/home/alberto/Documents/sub_alberto/install/uuv_navigation:/home/alberto/Documents/sub_alberto/install/uuv_mission:/home/alberto/Documents/sub_alberto/install/uuv_master:/home/alberto/Documents/sub_alberto/install/uuv_control:/home/alberto/install/vectornav:/home/alberto/install/vectornav_msgs:/home/alberto/install/uuv_teleop:/home/alberto/install/uuv_description:/home/alberto/install/sub:/home/alberto/install/pid:/home/alberto/Documents/kia_gd_ws/install/ros_tcp_endpoint:/home/alberto/ros2_ws/install/docker_test:/opt/ros/humble:/home/alberto/install/catkin:/home/alberto/ros2_ws/install/sub:/home/alberto/ros2_ws/install/pid:/home/alberto/ros2_ws/install/catkin:/home/alberto/uuv/install/uuv LD_LIBRARY_PATH=/home/alberto/Documents/kia_gd_ws/install/ur_ros_rtde/lib:/home/alberto/Documents/kia_gd_ws/install/ur_ros_rtde_msgs/lib:/home/alberto/Documents/kia_gd_ws/install/ur_ros_rtde_tutorials/lib:/home/alberto/Documents/kia_gd_ws/install/ur_ros_rtde_gripper_commands/lib:/home/alberto/Documents/kia_gd_ws/install/ur_robot_driver/lib:/home/alberto/Documents/kia_gd_ws/install/ur_controllers/lib:/home/alberto/Documents/kia_gd_ws/install/ur_dashboard_msgs/lib:/home/alberto/install/vectornav/lib:/home/alberto/install/vectornav_msgs/lib:/opt/ros/humble/opt/rviz_ogre_vendor/lib:/opt/ros/humble/lib/x86_64-linux-gnu:/opt/ros/humble/lib /usr/bin/cmake --build /home/alberto/Documents/kia_gd_ws/build/ur_ros_rtde_gripper_commands -- -j8 -l8
[3.578s] DEBUG:colcon.colcon_core.event_handler.log_command:Invoking command in '/home/alberto/Documents/kia_gd_ws/build/ur_ros_rtde_tutorials': CMAKE_PREFIX_PATH=/home/alberto/Documents/kia_gd_ws/install/ur_ros_rtde:/home/alberto/Documents/kia_gd_ws/install/ur_ros_rtde_simple_clients:/home/alberto/Documents/kia_gd_ws/install/ur_ros_rtde_msgs:/home/alberto/Documents/kia_gd_ws/install/ur_ros_rtde_tutorials:/home/alberto/Documents/kia_gd_ws/install/ur_ros_rtde_gripper_commands:/home/alberto/Documents/kia_gd_ws/install/ur:/home/alberto/Documents/kia_gd_ws/install/ur_calibration:/home/alberto/Documents/kia_gd_ws/install/ur_robot_driver:/home/alberto/Documents/kia_gd_ws/install/ur_moveit_config:/home/alberto/Documents/kia_gd_ws/install/ur_bringup:/home/alberto/Documents/kia_gd_ws/install/ur_controllers:/home/alberto/Documents/kia_gd_ws/install/ur_dashboard_msgs:/home/alberto/Documents/kia_gd_ws/install/simple_ur10e_moveit_config:/home/alberto/Documents/kia_gd_ws/install/simple_ur10e_description:/home/alberto/Documents/kia_gd_ws/install/kia_gd:/home/alberto/Documents/sub_alberto/install/uuv_visualization:/home/alberto/Documents/sub_alberto/install/uuv_vision:/home/alberto/Documents/sub_alberto/install/uuv_navigation:/home/alberto/Documents/sub_alberto/install/uuv_mission:/home/alberto/Documents/sub_alberto/install/uuv_master:/home/alberto/Documents/sub_alberto/install/uuv_control:/home/alberto/install/vectornav:/home/alberto/install/vectornav_msgs:/home/alberto/install/uuv_teleop:/home/alberto/install/uuv_description:/home/alberto/install/sub:/home/alberto/install/pid:/home/alberto/Documents/kia_gd_ws/install/ros_tcp_endpoint:/home/alberto/ros2_ws/install/docker_test:/opt/ros/humble:/home/alberto/install/catkin:/home/alberto/ros2_ws/install/sub:/home/alberto/ros2_ws/install/pid:/home/alberto/ros2_ws/install/catkin:/home/alberto/uuv/install/uuv LD_LIBRARY_PATH=/home/alberto/Documents/kia_gd_ws/install/ur_ros_rtde/lib:/home/alberto/Documents/kia_gd_ws/install/ur_ros_rtde_msgs/lib:/home/alberto/Documents/kia_gd_ws/install/ur_ros_rtde_tutorials/lib:/home/alberto/Documents/kia_gd_ws/install/ur_ros_rtde_gripper_commands/lib:/home/alberto/Documents/kia_gd_ws/install/ur_robot_driver/lib:/home/alberto/Documents/kia_gd_ws/install/ur_controllers/lib:/home/alberto/Documents/kia_gd_ws/install/ur_dashboard_msgs/lib:/home/alberto/install/vectornav/lib:/home/alberto/install/vectornav_msgs/lib:/opt/ros/humble/opt/rviz_ogre_vendor/lib:/opt/ros/humble/lib/x86_64-linux-gnu:/opt/ros/humble/lib /usr/bin/cmake --build /home/alberto/Documents/kia_gd_ws/build/ur_ros_rtde_tutorials -- -j8 -l8
[4.920s] DEBUG:colcon.colcon_core.event_handler.log_command:Invoked command in '/home/alberto/Documents/kia_gd_ws/build/ur_ros_rtde_gripper_commands' returned '0': CMAKE_PREFIX_PATH=/home/alberto/Documents/kia_gd_ws/install/ur_ros_rtde:/home/alberto/Documents/kia_gd_ws/install/ur_ros_rtde_simple_clients:/home/alberto/Documents/kia_gd_ws/install/ur_ros_rtde_msgs:/home/alberto/Documents/kia_gd_ws/install/ur_ros_rtde_tutorials:/home/alberto/Documents/kia_gd_ws/install/ur_ros_rtde_gripper_commands:/home/alberto/Documents/kia_gd_ws/install/ur:/home/alberto/Documents/kia_gd_ws/install/ur_calibration:/home/alberto/Documents/kia_gd_ws/install/ur_robot_driver:/home/alberto/Documents/kia_gd_ws/install/ur_moveit_config:/home/alberto/Documents/kia_gd_ws/install/ur_bringup:/home/alberto/Documents/kia_gd_ws/install/ur_controllers:/home/alberto/Documents/kia_gd_ws/install/ur_dashboard_msgs:/home/alberto/Documents/kia_gd_ws/install/simple_ur10e_moveit_config:/home/alberto/Documents/kia_gd_ws/install/simple_ur10e_description:/home/alberto/Documents/kia_gd_ws/install/kia_gd:/home/alberto/Documents/sub_alberto/install/uuv_visualization:/home/alberto/Documents/sub_alberto/install/uuv_vision:/home/alberto/Documents/sub_alberto/install/uuv_navigation:/home/alberto/Documents/sub_alberto/install/uuv_mission:/home/alberto/Documents/sub_alberto/install/uuv_master:/home/alberto/Documents/sub_alberto/install/uuv_control:/home/alberto/install/vectornav:/home/alberto/install/vectornav_msgs:/home/alberto/install/uuv_teleop:/home/alberto/install/uuv_description:/home/alberto/install/sub:/home/alberto/install/pid:/home/alberto/Documents/kia_gd_ws/install/ros_tcp_endpoint:/home/alberto/ros2_ws/install/docker_test:/opt/ros/humble:/home/alberto/install/catkin:/home/alberto/ros2_ws/install/sub:/home/alberto/ros2_ws/install/pid:/home/alberto/ros2_ws/install/catkin:/home/alberto/uuv/install/uuv LD_LIBRARY_PATH=/home/alberto/Documents/kia_gd_ws/install/ur_ros_rtde/lib:/home/alberto/Documents/kia_gd_ws/install/ur_ros_rtde_msgs/lib:/home/alberto/Documents/kia_gd_ws/install/ur_ros_rtde_tutorials/lib:/home/alberto/Documents/kia_gd_ws/install/ur_ros_rtde_gripper_commands/lib:/home/alberto/Documents/kia_gd_ws/install/ur_robot_driver/lib:/home/alberto/Documents/kia_gd_ws/install/ur_controllers/lib:/home/alberto/Documents/kia_gd_ws/install/ur_dashboard_msgs/lib:/home/alberto/install/vectornav/lib:/home/alberto/install/vectornav_msgs/lib:/opt/ros/humble/opt/rviz_ogre_vendor/lib:/opt/ros/humble/lib/x86_64-linux-gnu:/opt/ros/humble/lib /usr/bin/cmake --build /home/alberto/Documents/kia_gd_ws/build/ur_ros_rtde_gripper_commands -- -j8 -l8
[4.926s] DEBUG:colcon.colcon_core.event_handler.log_command:Invoking command in '/home/alberto/Documents/kia_gd_ws/build/ur_ros_rtde_gripper_commands': CMAKE_PREFIX_PATH=/home/alberto/Documents/kia_gd_ws/install/ur_ros_rtde:/home/alberto/Documents/kia_gd_ws/install/ur_ros_rtde_simple_clients:/home/alberto/Documents/kia_gd_ws/install/ur_ros_rtde_msgs:/home/alberto/Documents/kia_gd_ws/install/ur_ros_rtde_tutorials:/home/alberto/Documents/kia_gd_ws/install/ur_ros_rtde_gripper_commands:/home/alberto/Documents/kia_gd_ws/install/ur:/home/alberto/Documents/kia_gd_ws/install/ur_calibration:/home/alberto/Documents/kia_gd_ws/install/ur_robot_driver:/home/alberto/Documents/kia_gd_ws/install/ur_moveit_config:/home/alberto/Documents/kia_gd_ws/install/ur_bringup:/home/alberto/Documents/kia_gd_ws/install/ur_controllers:/home/alberto/Documents/kia_gd_ws/install/ur_dashboard_msgs:/home/alberto/Documents/kia_gd_ws/install/simple_ur10e_moveit_config:/home/alberto/Documents/kia_gd_ws/install/simple_ur10e_description:/home/alberto/Documents/kia_gd_ws/install/kia_gd:/home/alberto/Documents/sub_alberto/install/uuv_visualization:/home/alberto/Documents/sub_alberto/install/uuv_vision:/home/alberto/Documents/sub_alberto/install/uuv_navigation:/home/alberto/Documents/sub_alberto/install/uuv_mission:/home/alberto/Documents/sub_alberto/install/uuv_master:/home/alberto/Documents/sub_alberto/install/uuv_control:/home/alberto/install/vectornav:/home/alberto/install/vectornav_msgs:/home/alberto/install/uuv_teleop:/home/alberto/install/uuv_description:/home/alberto/install/sub:/home/alberto/install/pid:/home/alberto/Documents/kia_gd_ws/install/ros_tcp_endpoint:/home/alberto/ros2_ws/install/docker_test:/opt/ros/humble:/home/alberto/install/catkin:/home/alberto/ros2_ws/install/sub:/home/alberto/ros2_ws/install/pid:/home/alberto/ros2_ws/install/catkin:/home/alberto/uuv/install/uuv LD_LIBRARY_PATH=/home/alberto/Documents/kia_gd_ws/install/ur_ros_rtde/lib:/home/alberto/Documents/kia_gd_ws/install/ur_ros_rtde_msgs/lib:/home/alberto/Documents/kia_gd_ws/install/ur_ros_rtde_tutorials/lib:/home/alberto/Documents/kia_gd_ws/install/ur_ros_rtde_gripper_commands/lib:/home/alberto/Documents/kia_gd_ws/install/ur_robot_driver/lib:/home/alberto/Documents/kia_gd_ws/install/ur_controllers/lib:/home/alberto/Documents/kia_gd_ws/install/ur_dashboard_msgs/lib:/home/alberto/install/vectornav/lib:/home/alberto/install/vectornav_msgs/lib:/opt/ros/humble/opt/rviz_ogre_vendor/lib:/opt/ros/humble/lib/x86_64-linux-gnu:/opt/ros/humble/lib /usr/bin/cmake --install /home/alberto/Documents/kia_gd_ws/build/ur_ros_rtde_gripper_commands
[5.034s] DEBUG:colcon.colcon_core.event_handler.log_command:Invoked command in '/home/alberto/Documents/kia_gd_ws/build/ur_ros_rtde_tutorials' returned '0': CMAKE_PREFIX_PATH=/home/alberto/Documents/kia_gd_ws/install/ur_ros_rtde:/home/alberto/Documents/kia_gd_ws/install/ur_ros_rtde_simple_clients:/home/alberto/Documents/kia_gd_ws/install/ur_ros_rtde_msgs:/home/alberto/Documents/kia_gd_ws/install/ur_ros_rtde_tutorials:/home/alberto/Documents/kia_gd_ws/install/ur_ros_rtde_gripper_commands:/home/alberto/Documents/kia_gd_ws/install/ur:/home/alberto/Documents/kia_gd_ws/install/ur_calibration:/home/alberto/Documents/kia_gd_ws/install/ur_robot_driver:/home/alberto/Documents/kia_gd_ws/install/ur_moveit_config:/home/alberto/Documents/kia_gd_ws/install/ur_bringup:/home/alberto/Documents/kia_gd_ws/install/ur_controllers:/home/alberto/Documents/kia_gd_ws/install/ur_dashboard_msgs:/home/alberto/Documents/kia_gd_ws/install/simple_ur10e_moveit_config:/home/alberto/Documents/kia_gd_ws/install/simple_ur10e_description:/home/alberto/Documents/kia_gd_ws/install/kia_gd:/home/alberto/Documents/sub_alberto/install/uuv_visualization:/home/alberto/Documents/sub_alberto/install/uuv_vision:/home/alberto/Documents/sub_alberto/install/uuv_navigation:/home/alberto/Documents/sub_alberto/install/uuv_mission:/home/alberto/Documents/sub_alberto/install/uuv_master:/home/alberto/Documents/sub_alberto/install/uuv_control:/home/alberto/install/vectornav:/home/alberto/install/vectornav_msgs:/home/alberto/install/uuv_teleop:/home/alberto/install/uuv_description:/home/alberto/install/sub:/home/alberto/install/pid:/home/alberto/Documents/kia_gd_ws/install/ros_tcp_endpoint:/home/alberto/ros2_ws/install/docker_test:/opt/ros/humble:/home/alberto/install/catkin:/home/alberto/ros2_ws/install/sub:/home/alberto/ros2_ws/install/pid:/home/alberto/ros2_ws/install/catkin:/home/alberto/uuv/install/uuv LD_LIBRARY_PATH=/home/alberto/Documents/kia_gd_ws/install/ur_ros_rtde/lib:/home/alberto/Documents/kia_gd_ws/install/ur_ros_rtde_msgs/lib:/home/alberto/Documents/kia_gd_ws/install/ur_ros_rtde_tutorials/lib:/home/alberto/Documents/kia_gd_ws/install/ur_ros_rtde_gripper_commands/lib:/home/alberto/Documents/kia_gd_ws/install/ur_robot_driver/lib:/home/alberto/Documents/kia_gd_ws/install/ur_controllers/lib:/home/alberto/Documents/kia_gd_ws/install/ur_dashboard_msgs/lib:/home/alberto/install/vectornav/lib:/home/alberto/install/vectornav_msgs/lib:/opt/ros/humble/opt/rviz_ogre_vendor/lib:/opt/ros/humble/lib/x86_64-linux-gnu:/opt/ros/humble/lib /usr/bin/cmake --build /home/alberto/Documents/kia_gd_ws/build/ur_ros_rtde_tutorials -- -j8 -l8
[5.042s] DEBUG:colcon.colcon_core.event_handler.log_command:Invoking command in '/home/alberto/Documents/kia_gd_ws/build/ur_ros_rtde_tutorials': CMAKE_PREFIX_PATH=/home/alberto/Documents/kia_gd_ws/install/ur_ros_rtde:/home/alberto/Documents/kia_gd_ws/install/ur_ros_rtde_simple_clients:/home/alberto/Documents/kia_gd_ws/install/ur_ros_rtde_msgs:/home/alberto/Documents/kia_gd_ws/install/ur_ros_rtde_tutorials:/home/alberto/Documents/kia_gd_ws/install/ur_ros_rtde_gripper_commands:/home/alberto/Documents/kia_gd_ws/install/ur:/home/alberto/Documents/kia_gd_ws/install/ur_calibration:/home/alberto/Documents/kia_gd_ws/install/ur_robot_driver:/home/alberto/Documents/kia_gd_ws/install/ur_moveit_config:/home/alberto/Documents/kia_gd_ws/install/ur_bringup:/home/alberto/Documents/kia_gd_ws/install/ur_controllers:/home/alberto/Documents/kia_gd_ws/install/ur_dashboard_msgs:/home/alberto/Documents/kia_gd_ws/install/simple_ur10e_moveit_config:/home/alberto/Documents/kia_gd_ws/install/simple_ur10e_description:/home/alberto/Documents/kia_gd_ws/install/kia_gd:/home/alberto/Documents/sub_alberto/install/uuv_visualization:/home/alberto/Documents/sub_alberto/install/uuv_vision:/home/alberto/Documents/sub_alberto/install/uuv_navigation:/home/alberto/Documents/sub_alberto/install/uuv_mission:/home/alberto/Documents/sub_alberto/install/uuv_master:/home/alberto/Documents/sub_alberto/install/uuv_control:/home/alberto/install/vectornav:/home/alberto/install/vectornav_msgs:/home/alberto/install/uuv_teleop:/home/alberto/install/uuv_description:/home/alberto/install/sub:/home/alberto/install/pid:/home/alberto/Documents/kia_gd_ws/install/ros_tcp_endpoint:/home/alberto/ros2_ws/install/docker_test:/opt/ros/humble:/home/alberto/install/catkin:/home/alberto/ros2_ws/install/sub:/home/alberto/ros2_ws/install/pid:/home/alberto/ros2_ws/install/catkin:/home/alberto/uuv/install/uuv LD_LIBRARY_PATH=/home/alberto/Documents/kia_gd_ws/install/ur_ros_rtde/lib:/home/alberto/Documents/kia_gd_ws/install/ur_ros_rtde_msgs/lib:/home/alberto/Documents/kia_gd_ws/install/ur_ros_rtde_tutorials/lib:/home/alberto/Documents/kia_gd_ws/install/ur_ros_rtde_gripper_commands/lib:/home/alberto/Documents/kia_gd_ws/install/ur_robot_driver/lib:/home/alberto/Documents/kia_gd_ws/install/ur_controllers/lib:/home/alberto/Documents/kia_gd_ws/install/ur_dashboard_msgs/lib:/home/alberto/install/vectornav/lib:/home/alberto/install/vectornav_msgs/lib:/opt/ros/humble/opt/rviz_ogre_vendor/lib:/opt/ros/humble/lib/x86_64-linux-gnu:/opt/ros/humble/lib /usr/bin/cmake --install /home/alberto/Documents/kia_gd_ws/build/ur_ros_rtde_tutorials
[5.044s] Level 1:colcon.colcon_core.environment:create_environment_scripts_only(ur_ros_rtde_gripper_commands)
[5.044s] Level 1:colcon.colcon_core.environment:checking '/home/alberto/Documents/kia_gd_ws/install/ur_ros_rtde_gripper_commands' for CMake module files
[5.046s] DEBUG:colcon.colcon_core.event_handler.log_command:Invoked command in '/home/alberto/Documents/kia_gd_ws/build/ur_ros_rtde_gripper_commands' returned '0': CMAKE_PREFIX_PATH=/home/alberto/Documents/kia_gd_ws/install/ur_ros_rtde:/home/alberto/Documents/kia_gd_ws/install/ur_ros_rtde_simple_clients:/home/alberto/Documents/kia_gd_ws/install/ur_ros_rtde_msgs:/home/alberto/Documents/kia_gd_ws/install/ur_ros_rtde_tutorials:/home/alberto/Documents/kia_gd_ws/install/ur_ros_rtde_gripper_commands:/home/alberto/Documents/kia_gd_ws/install/ur:/home/alberto/Documents/kia_gd_ws/install/ur_calibration:/home/alberto/Documents/kia_gd_ws/install/ur_robot_driver:/home/alberto/Documents/kia_gd_ws/install/ur_moveit_config:/home/alberto/Documents/kia_gd_ws/install/ur_bringup:/home/alberto/Documents/kia_gd_ws/install/ur_controllers:/home/alberto/Documents/kia_gd_ws/install/ur_dashboard_msgs:/home/alberto/Documents/kia_gd_ws/install/simple_ur10e_moveit_config:/home/alberto/Documents/kia_gd_ws/install/simple_ur10e_description:/home/alberto/Documents/kia_gd_ws/install/kia_gd:/home/alberto/Documents/sub_alberto/install/uuv_visualization:/home/alberto/Documents/sub_alberto/install/uuv_vision:/home/alberto/Documents/sub_alberto/install/uuv_navigation:/home/alberto/Documents/sub_alberto/install/uuv_mission:/home/alberto/Documents/sub_alberto/install/uuv_master:/home/alberto/Documents/sub_alberto/install/uuv_control:/home/alberto/install/vectornav:/home/alberto/install/vectornav_msgs:/home/alberto/install/uuv_teleop:/home/alberto/install/uuv_description:/home/alberto/install/sub:/home/alberto/install/pid:/home/alberto/Documents/kia_gd_ws/install/ros_tcp_endpoint:/home/alberto/ros2_ws/install/docker_test:/opt/ros/humble:/home/alberto/install/catkin:/home/alberto/ros2_ws/install/sub:/home/alberto/ros2_ws/install/pid:/home/alberto/ros2_ws/install/catkin:/home/alberto/uuv/install/uuv LD_LIBRARY_PATH=/home/alberto/Documents/kia_gd_ws/install/ur_ros_rtde/lib:/home/alberto/Documents/kia_gd_ws/install/ur_ros_rtde_msgs/lib:/home/alberto/Documents/kia_gd_ws/install/ur_ros_rtde_tutorials/lib:/home/alberto/Documents/kia_gd_ws/install/ur_ros_rtde_gripper_commands/lib:/home/alberto/Documents/kia_gd_ws/install/ur_robot_driver/lib:/home/alberto/Documents/kia_gd_ws/install/ur_controllers/lib:/home/alberto/Documents/kia_gd_ws/install/ur_dashboard_msgs/lib:/home/alberto/install/vectornav/lib:/home/alberto/install/vectornav_msgs/lib:/opt/ros/humble/opt/rviz_ogre_vendor/lib:/opt/ros/humble/lib/x86_64-linux-gnu:/opt/ros/humble/lib /usr/bin/cmake --install /home/alberto/Documents/kia_gd_ws/build/ur_ros_rtde_gripper_commands
[5.047s] Level 1:colcon.colcon_core.environment:checking '/home/alberto/Documents/kia_gd_ws/install/ur_ros_rtde_gripper_commands' for CMake config files
[5.048s] Level 1:colcon.colcon_core.shell:create_environment_hook('ur_ros_rtde_gripper_commands', 'cmake_prefix_path')
[5.048s] INFO:colcon.colcon_core.shell:Creating environment hook '/home/alberto/Documents/kia_gd_ws/install/ur_ros_rtde_gripper_commands/share/ur_ros_rtde_gripper_commands/hook/cmake_prefix_path.ps1'
[5.049s] INFO:colcon.colcon_core.shell:Creating environment descriptor '/home/alberto/Documents/kia_gd_ws/install/ur_ros_rtde_gripper_commands/share/ur_ros_rtde_gripper_commands/hook/cmake_prefix_path.dsv'
[5.050s] INFO:colcon.colcon_core.shell:Creating environment hook '/home/alberto/Documents/kia_gd_ws/install/ur_ros_rtde_gripper_commands/share/ur_ros_rtde_gripper_commands/hook/cmake_prefix_path.sh'
[5.050s] Level 1:colcon.colcon_core.environment:checking '/home/alberto/Documents/kia_gd_ws/install/ur_ros_rtde_gripper_commands/lib'
[5.051s] Level 1:colcon.colcon_core.shell:create_environment_hook('ur_ros_rtde_gripper_commands', 'ld_library_path_lib')
[5.051s] INFO:colcon.colcon_core.shell:Creating environment hook '/home/alberto/Documents/kia_gd_ws/install/ur_ros_rtde_gripper_commands/share/ur_ros_rtde_gripper_commands/hook/ld_library_path_lib.ps1'
[5.052s] INFO:colcon.colcon_core.shell:Creating environment descriptor '/home/alberto/Documents/kia_gd_ws/install/ur_ros_rtde_gripper_commands/share/ur_ros_rtde_gripper_commands/hook/ld_library_path_lib.dsv'
[5.052s] INFO:colcon.colcon_core.shell:Creating environment hook '/home/alberto/Documents/kia_gd_ws/install/ur_ros_rtde_gripper_commands/share/ur_ros_rtde_gripper_commands/hook/ld_library_path_lib.sh'
[5.053s] Level 1:colcon.colcon_core.environment:checking '/home/alberto/Documents/kia_gd_ws/install/ur_ros_rtde_gripper_commands/bin'
[5.053s] Level 1:colcon.colcon_core.environment:checking '/home/alberto/Documents/kia_gd_ws/install/ur_ros_rtde_gripper_commands/lib/pkgconfig/ur_ros_rtde_gripper_commands.pc'
[5.054s] Level 1:colcon.colcon_core.environment:checking '/home/alberto/Documents/kia_gd_ws/install/ur_ros_rtde_gripper_commands/lib/python3.10/site-packages'
[5.054s] Level 1:colcon.colcon_core.environment:checking '/home/alberto/Documents/kia_gd_ws/install/ur_ros_rtde_gripper_commands/bin'
[5.055s] INFO:colcon.colcon_core.shell:Creating package script '/home/alberto/Documents/kia_gd_ws/install/ur_ros_rtde_gripper_commands/share/ur_ros_rtde_gripper_commands/package.ps1'
[5.056s] INFO:colcon.colcon_core.shell:Creating package descriptor '/home/alberto/Documents/kia_gd_ws/install/ur_ros_rtde_gripper_commands/share/ur_ros_rtde_gripper_commands/package.dsv'
[5.057s] INFO:colcon.colcon_core.shell:Creating package script '/home/alberto/Documents/kia_gd_ws/install/ur_ros_rtde_gripper_commands/share/ur_ros_rtde_gripper_commands/package.sh'
[5.063s] INFO:colcon.colcon_core.shell:Creating package script '/home/alberto/Documents/kia_gd_ws/install/ur_ros_rtde_gripper_commands/share/ur_ros_rtde_gripper_commands/package.bash'
[5.065s] INFO:colcon.colcon_core.shell:Creating package script '/home/alberto/Documents/kia_gd_ws/install/ur_ros_rtde_gripper_commands/share/ur_ros_rtde_gripper_commands/package.zsh'
[5.068s] Level 1:colcon.colcon_core.environment:create_file_with_runtime_dependencies(/home/alberto/Documents/kia_gd_ws/install/ur_ros_rtde_gripper_commands/share/colcon-core/packages/ur_ros_rtde_gripper_commands)
[5.071s] Level 1:colcon.colcon_core.environment:create_environment_scripts_only(ur_ros_rtde_gripper_commands)
[5.080s] Level 1:colcon.colcon_core.environment:checking '/home/alberto/Documents/kia_gd_ws/install/ur_ros_rtde_gripper_commands' for CMake module files
[5.082s] Level 1:colcon.colcon_core.environment:checking '/home/alberto/Documents/kia_gd_ws/install/ur_ros_rtde_gripper_commands' for CMake config files
[5.083s] Level 1:colcon.colcon_core.shell:create_environment_hook('ur_ros_rtde_gripper_commands', 'cmake_prefix_path')
[5.084s] INFO:colcon.colcon_core.shell:Creating environment hook '/home/alberto/Documents/kia_gd_ws/install/ur_ros_rtde_gripper_commands/share/ur_ros_rtde_gripper_commands/hook/cmake_prefix_path.ps1'
[5.085s] INFO:colcon.colcon_core.shell:Creating environment descriptor '/home/alberto/Documents/kia_gd_ws/install/ur_ros_rtde_gripper_commands/share/ur_ros_rtde_gripper_commands/hook/cmake_prefix_path.dsv'
[5.086s] INFO:colcon.colcon_core.shell:Creating environment hook '/home/alberto/Documents/kia_gd_ws/install/ur_ros_rtde_gripper_commands/share/ur_ros_rtde_gripper_commands/hook/cmake_prefix_path.sh'
[5.087s] Level 1:colcon.colcon_core.environment:checking '/home/alberto/Documents/kia_gd_ws/install/ur_ros_rtde_gripper_commands/lib'
[5.087s] Level 1:colcon.colcon_core.shell:create_environment_hook('ur_ros_rtde_gripper_commands', 'ld_library_path_lib')
[5.088s] INFO:colcon.colcon_core.shell:Creating environment hook '/home/alberto/Documents/kia_gd_ws/install/ur_ros_rtde_gripper_commands/share/ur_ros_rtde_gripper_commands/hook/ld_library_path_lib.ps1'
[5.088s] INFO:colcon.colcon_core.shell:Creating environment descriptor '/home/alberto/Documents/kia_gd_ws/install/ur_ros_rtde_gripper_commands/share/ur_ros_rtde_gripper_commands/hook/ld_library_path_lib.dsv'
[5.089s] INFO:colcon.colcon_core.shell:Creating environment hook '/home/alberto/Documents/kia_gd_ws/install/ur_ros_rtde_gripper_commands/share/ur_ros_rtde_gripper_commands/hook/ld_library_path_lib.sh'
[5.090s] Level 1:colcon.colcon_core.environment:checking '/home/alberto/Documents/kia_gd_ws/install/ur_ros_rtde_gripper_commands/bin'
[5.090s] Level 1:colcon.colcon_core.environment:checking '/home/alberto/Documents/kia_gd_ws/install/ur_ros_rtde_gripper_commands/lib/pkgconfig/ur_ros_rtde_gripper_commands.pc'
[5.090s] Level 1:colcon.colcon_core.environment:checking '/home/alberto/Documents/kia_gd_ws/install/ur_ros_rtde_gripper_commands/lib/python3.10/site-packages'
[5.091s] Level 1:colcon.colcon_core.environment:checking '/home/alberto/Documents/kia_gd_ws/install/ur_ros_rtde_gripper_commands/bin'
[5.091s] INFO:colcon.colcon_core.shell:Creating package script '/home/alberto/Documents/kia_gd_ws/install/ur_ros_rtde_gripper_commands/share/ur_ros_rtde_gripper_commands/package.ps1'
[5.092s] INFO:colcon.colcon_core.shell:Creating package descriptor '/home/alberto/Documents/kia_gd_ws/install/ur_ros_rtde_gripper_commands/share/ur_ros_rtde_gripper_commands/package.dsv'
[5.093s] INFO:colcon.colcon_core.shell:Creating package script '/home/alberto/Documents/kia_gd_ws/install/ur_ros_rtde_gripper_commands/share/ur_ros_rtde_gripper_commands/package.sh'
[5.094s] INFO:colcon.colcon_core.shell:Creating package script '/home/alberto/Documents/kia_gd_ws/install/ur_ros_rtde_gripper_commands/share/ur_ros_rtde_gripper_commands/package.bash'
[5.095s] INFO:colcon.colcon_core.shell:Creating package script '/home/alberto/Documents/kia_gd_ws/install/ur_ros_rtde_gripper_commands/share/ur_ros_rtde_gripper_commands/package.zsh'
[5.095s] Level 1:colcon.colcon_core.environment:create_file_with_runtime_dependencies(/home/alberto/Documents/kia_gd_ws/install/ur_ros_rtde_gripper_commands/share/colcon-core/packages/ur_ros_rtde_gripper_commands)
[5.155s] Level 1:colcon.colcon_core.environment:create_environment_scripts_only(ur_ros_rtde_tutorials)
[5.156s] Level 1:colcon.colcon_core.environment:checking '/home/alberto/Documents/kia_gd_ws/install/ur_ros_rtde_tutorials' for CMake module files
[5.157s] DEBUG:colcon.colcon_core.event_handler.log_command:Invoked command in '/home/alberto/Documents/kia_gd_ws/build/ur_ros_rtde_tutorials' returned '0': CMAKE_PREFIX_PATH=/home/alberto/Documents/kia_gd_ws/install/ur_ros_rtde:/home/alberto/Documents/kia_gd_ws/install/ur_ros_rtde_simple_clients:/home/alberto/Documents/kia_gd_ws/install/ur_ros_rtde_msgs:/home/alberto/Documents/kia_gd_ws/install/ur_ros_rtde_tutorials:/home/alberto/Documents/kia_gd_ws/install/ur_ros_rtde_gripper_commands:/home/alberto/Documents/kia_gd_ws/install/ur:/home/alberto/Documents/kia_gd_ws/install/ur_calibration:/home/alberto/Documents/kia_gd_ws/install/ur_robot_driver:/home/alberto/Documents/kia_gd_ws/install/ur_moveit_config:/home/alberto/Documents/kia_gd_ws/install/ur_bringup:/home/alberto/Documents/kia_gd_ws/install/ur_controllers:/home/alberto/Documents/kia_gd_ws/install/ur_dashboard_msgs:/home/alberto/Documents/kia_gd_ws/install/simple_ur10e_moveit_config:/home/alberto/Documents/kia_gd_ws/install/simple_ur10e_description:/home/alberto/Documents/kia_gd_ws/install/kia_gd:/home/alberto/Documents/sub_alberto/install/uuv_visualization:/home/alberto/Documents/sub_alberto/install/uuv_vision:/home/alberto/Documents/sub_alberto/install/uuv_navigation:/home/alberto/Documents/sub_alberto/install/uuv_mission:/home/alberto/Documents/sub_alberto/install/uuv_master:/home/alberto/Documents/sub_alberto/install/uuv_control:/home/alberto/install/vectornav:/home/alberto/install/vectornav_msgs:/home/alberto/install/uuv_teleop:/home/alberto/install/uuv_description:/home/alberto/install/sub:/home/alberto/install/pid:/home/alberto/Documents/kia_gd_ws/install/ros_tcp_endpoint:/home/alberto/ros2_ws/install/docker_test:/opt/ros/humble:/home/alberto/install/catkin:/home/alberto/ros2_ws/install/sub:/home/alberto/ros2_ws/install/pid:/home/alberto/ros2_ws/install/catkin:/home/alberto/uuv/install/uuv LD_LIBRARY_PATH=/home/alberto/Documents/kia_gd_ws/install/ur_ros_rtde/lib:/home/alberto/Documents/kia_gd_ws/install/ur_ros_rtde_msgs/lib:/home/alberto/Documents/kia_gd_ws/install/ur_ros_rtde_tutorials/lib:/home/alberto/Documents/kia_gd_ws/install/ur_ros_rtde_gripper_commands/lib:/home/alberto/Documents/kia_gd_ws/install/ur_robot_driver/lib:/home/alberto/Documents/kia_gd_ws/install/ur_controllers/lib:/home/alberto/Documents/kia_gd_ws/install/ur_dashboard_msgs/lib:/home/alberto/install/vectornav/lib:/home/alberto/install/vectornav_msgs/lib:/opt/ros/humble/opt/rviz_ogre_vendor/lib:/opt/ros/humble/lib/x86_64-linux-gnu:/opt/ros/humble/lib /usr/bin/cmake --install /home/alberto/Documents/kia_gd_ws/build/ur_ros_rtde_tutorials
[5.158s] Level 1:colcon.colcon_core.environment:checking '/home/alberto/Documents/kia_gd_ws/install/ur_ros_rtde_tutorials' for CMake config files
[5.159s] Level 1:colcon.colcon_core.shell:create_environment_hook('ur_ros_rtde_tutorials', 'cmake_prefix_path')
[5.159s] INFO:colcon.colcon_core.shell:Creating environment hook '/home/alberto/Documents/kia_gd_ws/install/ur_ros_rtde_tutorials/share/ur_ros_rtde_tutorials/hook/cmake_prefix_path.ps1'
[5.160s] INFO:colcon.colcon_core.shell:Creating environment descriptor '/home/alberto/Documents/kia_gd_ws/install/ur_ros_rtde_tutorials/share/ur_ros_rtde_tutorials/hook/cmake_prefix_path.dsv'
[5.161s] INFO:colcon.colcon_core.shell:Creating environment hook '/home/alberto/Documents/kia_gd_ws/install/ur_ros_rtde_tutorials/share/ur_ros_rtde_tutorials/hook/cmake_prefix_path.sh'
[5.162s] Level 1:colcon.colcon_core.environment:checking '/home/alberto/Documents/kia_gd_ws/install/ur_ros_rtde_tutorials/lib'
[5.162s] Level 1:colcon.colcon_core.shell:create_environment_hook('ur_ros_rtde_tutorials', 'ld_library_path_lib')
[5.162s] INFO:colcon.colcon_core.shell:Creating environment hook '/home/alberto/Documents/kia_gd_ws/install/ur_ros_rtde_tutorials/share/ur_ros_rtde_tutorials/hook/ld_library_path_lib.ps1'
[5.163s] INFO:colcon.colcon_core.shell:Creating environment descriptor '/home/alberto/Documents/kia_gd_ws/install/ur_ros_rtde_tutorials/share/ur_ros_rtde_tutorials/hook/ld_library_path_lib.dsv'
[5.163s] INFO:colcon.colcon_core.shell:Creating environment hook '/home/alberto/Documents/kia_gd_ws/install/ur_ros_rtde_tutorials/share/ur_ros_rtde_tutorials/hook/ld_library_path_lib.sh'
[5.164s] Level 1:colcon.colcon_core.environment:checking '/home/alberto/Documents/kia_gd_ws/install/ur_ros_rtde_tutorials/bin'
[5.164s] Level 1:colcon.colcon_core.environment:checking '/home/alberto/Documents/kia_gd_ws/install/ur_ros_rtde_tutorials/lib/pkgconfig/ur_ros_rtde_tutorials.pc'
[5.165s] Level 1:colcon.colcon_core.environment:checking '/home/alberto/Documents/kia_gd_ws/install/ur_ros_rtde_tutorials/lib/python3.10/site-packages'
[5.165s] Level 1:colcon.colcon_core.environment:checking '/home/alberto/Documents/kia_gd_ws/install/ur_ros_rtde_tutorials/bin'
[5.166s] INFO:colcon.colcon_core.shell:Creating package script '/home/alberto/Documents/kia_gd_ws/install/ur_ros_rtde_tutorials/share/ur_ros_rtde_tutorials/package.ps1'
[5.167s] INFO:colcon.colcon_core.shell:Creating package descriptor '/home/alberto/Documents/kia_gd_ws/install/ur_ros_rtde_tutorials/share/ur_ros_rtde_tutorials/package.dsv'
[5.167s] INFO:colcon.colcon_core.shell:Creating package script '/home/alberto/Documents/kia_gd_ws/install/ur_ros_rtde_tutorials/share/ur_ros_rtde_tutorials/package.sh'
[5.169s] INFO:colcon.colcon_core.shell:Creating package script '/home/alberto/Documents/kia_gd_ws/install/ur_ros_rtde_tutorials/share/ur_ros_rtde_tutorials/package.bash'
[5.169s] INFO:colcon.colcon_core.shell:Creating package script '/home/alberto/Documents/kia_gd_ws/install/ur_ros_rtde_tutorials/share/ur_ros_rtde_tutorials/package.zsh'
[5.170s] Level 1:colcon.colcon_core.environment:create_file_with_runtime_dependencies(/home/alberto/Documents/kia_gd_ws/install/ur_ros_rtde_tutorials/share/colcon-core/packages/ur_ros_rtde_tutorials)
[5.171s] Level 1:colcon.colcon_core.environment:create_environment_scripts_only(ur_ros_rtde_tutorials)
[5.172s] Level 1:colcon.colcon_core.environment:checking '/home/alberto/Documents/kia_gd_ws/install/ur_ros_rtde_tutorials' for CMake module files
[5.174s] Level 1:colcon.colcon_core.environment:checking '/home/alberto/Documents/kia_gd_ws/install/ur_ros_rtde_tutorials' for CMake config files
[5.175s] Level 1:colcon.colcon_core.shell:create_environment_hook('ur_ros_rtde_tutorials', 'cmake_prefix_path')
[5.175s] INFO:colcon.colcon_core.shell:Creating environment hook '/home/alberto/Documents/kia_gd_ws/install/ur_ros_rtde_tutorials/share/ur_ros_rtde_tutorials/hook/cmake_prefix_path.ps1'
[5.176s] INFO:colcon.colcon_core.shell:Creating environment descriptor '/home/alberto/Documents/kia_gd_ws/install/ur_ros_rtde_tutorials/share/ur_ros_rtde_tutorials/hook/cmake_prefix_path.dsv'
[5.177s] INFO:colcon.colcon_core.shell:Creating environment hook '/home/alberto/Documents/kia_gd_ws/install/ur_ros_rtde_tutorials/share/ur_ros_rtde_tutorials/hook/cmake_prefix_path.sh'
[5.177s] Level 1:colcon.colcon_core.environment:checking '/home/alberto/Documents/kia_gd_ws/install/ur_ros_rtde_tutorials/lib'
[5.178s] Level 1:colcon.colcon_core.shell:create_environment_hook('ur_ros_rtde_tutorials', 'ld_library_path_lib')
[5.178s] INFO:colcon.colcon_core.shell:Creating environment hook '/home/alberto/Documents/kia_gd_ws/install/ur_ros_rtde_tutorials/share/ur_ros_rtde_tutorials/hook/ld_library_path_lib.ps1'
[5.179s] INFO:colcon.colcon_core.shell:Creating environment descriptor '/home/alberto/Documents/kia_gd_ws/install/ur_ros_rtde_tutorials/share/ur_ros_rtde_tutorials/hook/ld_library_path_lib.dsv'
[5.179s] INFO:colcon.colcon_core.shell:Creating environment hook '/home/alberto/Documents/kia_gd_ws/install/ur_ros_rtde_tutorials/share/ur_ros_rtde_tutorials/hook/ld_library_path_lib.sh'
[5.180s] Level 1:colcon.colcon_core.environment:checking '/home/alberto/Documents/kia_gd_ws/install/ur_ros_rtde_tutorials/bin'
[5.180s] Level 1:colcon.colcon_core.environment:checking '/home/alberto/Documents/kia_gd_ws/install/ur_ros_rtde_tutorials/lib/pkgconfig/ur_ros_rtde_tutorials.pc'
[5.180s] Level 1:colcon.colcon_core.environment:checking '/home/alberto/Documents/kia_gd_ws/install/ur_ros_rtde_tutorials/lib/python3.10/site-packages'
[5.181s] Level 1:colcon.colcon_core.environment:checking '/home/alberto/Documents/kia_gd_ws/install/ur_ros_rtde_tutorials/bin'
[5.182s] INFO:colcon.colcon_core.shell:Creating package script '/home/alberto/Documents/kia_gd_ws/install/ur_ros_rtde_tutorials/share/ur_ros_rtde_tutorials/package.ps1'
[5.182s] INFO:colcon.colcon_core.shell:Creating package descriptor '/home/alberto/Documents/kia_gd_ws/install/ur_ros_rtde_tutorials/share/ur_ros_rtde_tutorials/package.dsv'
[5.183s] INFO:colcon.colcon_core.shell:Creating package script '/home/alberto/Documents/kia_gd_ws/install/ur_ros_rtde_tutorials/share/ur_ros_rtde_tutorials/package.sh'
[5.184s] INFO:colcon.colcon_core.shell:Creating package script '/home/alberto/Documents/kia_gd_ws/install/ur_ros_rtde_tutorials/share/ur_ros_rtde_tutorials/package.bash'
[5.185s] INFO:colcon.colcon_core.shell:Creating package script '/home/alberto/Documents/kia_gd_ws/install/ur_ros_rtde_tutorials/share/ur_ros_rtde_tutorials/package.zsh'
[5.186s] Level 1:colcon.colcon_core.environment:create_file_with_runtime_dependencies(/home/alberto/Documents/kia_gd_ws/install/ur_ros_rtde_tutorials/share/colcon-core/packages/ur_ros_rtde_tutorials)
[5.186s] DEBUG:colcon.colcon_parallel_executor.executor.parallel:closing loop
[5.187s] DEBUG:colcon.colcon_parallel_executor.executor.parallel:loop closed
[5.187s] DEBUG:colcon.colcon_parallel_executor.executor.parallel:run_until_complete finished with '0'
[5.187s] DEBUG:colcon.colcon_core.event_reactor:joining thread
[5.197s] INFO:colcon.colcon_core.plugin_system:Skipping extension 'colcon_notification.desktop_notification.terminal_notifier': Not used on non-Darwin systems
[5.197s] INFO:colcon.colcon_core.plugin_system:Skipping extension 'colcon_notification.desktop_notification.win32': Not used on non-Windows systems
[5.197s] INFO:colcon.colcon_notification.desktop_notification:Sending desktop notification using 'notify2'
[5.215s] DEBUG:colcon.colcon_core.event_reactor:joined thread
[5.215s] INFO:colcon.colcon_core.shell:Creating prefix script '/home/alberto/Documents/kia_gd_ws/install/local_setup.ps1'
[5.218s] INFO:colcon.colcon_core.shell:Creating prefix util module '/home/alberto/Documents/kia_gd_ws/install/_local_setup_util_ps1.py'
[5.222s] INFO:colcon.colcon_core.shell:Creating prefix chain script '/home/alberto/Documents/kia_gd_ws/install/setup.ps1'
[5.228s] INFO:colcon.colcon_core.shell:Creating prefix script '/home/alberto/Documents/kia_gd_ws/install/local_setup.sh'
[5.229s] INFO:colcon.colcon_core.shell:Creating prefix util module '/home/alberto/Documents/kia_gd_ws/install/_local_setup_util_sh.py'
[5.230s] INFO:colcon.colcon_core.shell:Creating prefix chain script '/home/alberto/Documents/kia_gd_ws/install/setup.sh'
[5.235s] INFO:colcon.colcon_core.shell:Creating prefix script '/home/alberto/Documents/kia_gd_ws/install/local_setup.bash'
[5.238s] INFO:colcon.colcon_core.shell:Creating prefix chain script '/home/alberto/Documents/kia_gd_ws/install/setup.bash'
[5.242s] INFO:colcon.colcon_core.shell:Creating prefix script '/home/alberto/Documents/kia_gd_ws/install/local_setup.zsh'
[5.243s] INFO:colcon.colcon_core.shell:Creating prefix chain script '/home/alberto/Documents/kia_gd_ws/install/setup.zsh'
